﻿<?xml version="1.0" encoding="utf-8"?>
<petrinet name="Untitled">
  <page id="page0" name="page0">
    <place id="id0" name="p0" initialmarking="0" portdir="None" capacity="0">
      <location x="600" y="50" />
      <size width="50" height="30" />
    </place>
    <place id="id1" name="p1" initialmarking="0" portdir="None" capacity="0">
      <location x="250" y="400" />
      <size width="50" height="30" />
    </place>
    <place id="id2" name="p2" initialmarking="0" portdir="None" capacity="0">
      <location x="600" y="750" />
      <size width="50" height="30" />
    </place>
    <place id="id3" name="p3" initialmarking="0" portdir="None" capacity="0">
      <location x="950" y="400" />
      <size width="50" height="30" />
    </place>
    <place id="id12" name="p12" initialmarking="0" portdir="None" capacity="0">
      <location x="600" y="225" />
      <size width="50" height="30" />
    </place>
    <place id="id13" name="p13" initialmarking="0" portdir="None" capacity="0">
      <location x="425" y="400" />
      <size width="50" height="30" />
    </place>
    <place id="id14" name="p14" initialmarking="0" portdir="None" capacity="0">
      <location x="600" y="575" />
      <size width="50" height="30" />
    </place>
    <place id="id15" name="p15" initialmarking="0" portdir="None" capacity="0">
      <location x="775" y="400" />
      <size width="50" height="30" />
    </place>
    <place id="id68" name="p68" initialmarking="0" portdir="None" capacity="0">
      <location x="425" y="225" />
      <size width="50" height="30" />
    </place>
    <place id="id69" name="p69" initialmarking="0" portdir="None" capacity="0">
      <location x="425" y="575" />
      <size width="50" height="30" />
    </place>
    <place id="id70" name="p70" initialmarking="0" portdir="None" capacity="0">
      <location x="775" y="575" />
      <size width="50" height="30" />
    </place>
    <place id="id71" name="p71" initialmarking="0" portdir="None" capacity="0">
      <location x="775" y="225" />
      <size width="50" height="30" />
    </place>
    <place id="id100" name="p100" initialmarking="0" portdir="None" capacity="0">
      <location x="250" y="60" />
      <size width="50" height="30" />
    </place>
    <place id="id101" name="p101" initialmarking="0" portdir="None" capacity="0">
      <location x="250" y="730" />
      <size width="50" height="30" />
    </place>
    <place id="id102" name="p102" initialmarking="0" portdir="None" capacity="0">
      <location x="950" y="730" />
      <size width="50" height="30" />
    </place>
    <place id="id103" name="p103" initialmarking="0" portdir="None" capacity="0">
      <location x="950" y="60" />
      <size width="50" height="30" />
    </place>
    <transition id="id4" name="t4" portdir="None">
      <location x="350" y="150" />
      <size width="50" height="20" />
    </transition>
    <transition id="id5" name="t5" portdir="None">
      <location x="350" y="650" />
      <size width="50" height="20" />
    </transition>
    <transition id="id6" name="t6" portdir="None">
      <location x="850" y="650" />
      <size width="50" height="20" />
    </transition>
    <transition id="id7" name="t7" portdir="None">
      <location x="850" y="150" />
      <size width="50" height="20" />
    </transition>
    <transition id="id8" name="t8" portdir="None">
      <location x="480" y="280" />
      <size width="50" height="20" />
    </transition>
    <transition id="id9" name="t9" portdir="None">
      <location x="480" y="520" />
      <size width="50" height="20" />
    </transition>
    <transition id="id10" name="t10" portdir="None">
      <location x="720" y="520" />
      <size width="50" height="20" />
    </transition>
    <transition id="id11" name="t11" portdir="None">
      <location x="720" y="280" />
      <size width="50" height="20" />
    </transition>
    <transition id="id56" name="t56" portdir="None">
      <location x="600" y="150" />
      <size width="50" height="20" />
    </transition>
    <transition id="id57" name="t57" portdir="None">
      <location x="350" y="400" />
      <size width="50" height="20" />
    </transition>
    <transition id="id58" name="t58" portdir="None">
      <location x="600" y="650" />
      <size width="50" height="20" />
    </transition>
    <transition id="id59" name="t59" portdir="None">
      <location x="850" y="400" />
      <size width="50" height="20" />
    </transition>
    <transition id="id96" name="t96" portdir="None">
      <location x="600" y="-50" />
      <size width="50" height="20" />
    </transition>
    <transition id="id97" name="t97" portdir="None">
      <location x="150" y="400" />
      <size width="50" height="20" />
    </transition>
    <transition id="id98" name="t98" portdir="None">
      <location x="600" y="850" />
      <size width="50" height="20" />
    </transition>
    <transition id="id99" name="t99" portdir="None">
      <location x="1050" y="400" />
      <size width="50" height="20" />
    </transition>
    <arc id="id16" source="id0" target="id4" delay="0" weight="1">
      <points>
        <point x="577" y="55" />
        <point x="375" y="140" />
      </points>
    </arc>
    <arc id="id17" source="id4" target="id1" delay="0" weight="1">
      <points>
        <point x="325" y="160" />
        <point x="257" y="386" />
      </points>
    </arc>
    <arc id="id18" source="id1" target="id5" delay="0" weight="1">
      <points>
        <point x="259" y="413" />
        <point x="325" y="640" />
      </points>
    </arc>
    <arc id="id19" source="id5" target="id2" delay="0" weight="1">
      <points>
        <point x="375" y="660" />
        <point x="577" y="745" />
      </points>
    </arc>
    <arc id="id20" source="id2" target="id6" delay="0" weight="1">
      <points>
        <point x="623" y="745" />
        <point x="825" y="660" />
      </points>
    </arc>
    <arc id="id21" source="id6" target="id3" delay="0" weight="1">
      <points>
        <point x="875" y="640" />
        <point x="943" y="414" />
      </points>
    </arc>
    <arc id="id22" source="id3" target="id7" delay="0" weight="1">
      <points>
        <point x="941" y="387" />
        <point x="875" y="160" />
      </points>
    </arc>
    <arc id="id23" source="id7" target="id0" delay="0" weight="1">
      <points>
        <point x="825" y="140" />
        <point x="623" y="55" />
      </points>
    </arc>
    <arc id="id24" source="id1" target="id8" delay="0" weight="1">
      <points>
        <point x="272" y="394" />
        <point x="455" y="290" />
      </points>
    </arc>
    <arc id="id25" source="id8" target="id0" delay="0" weight="1">
      <points>
        <point x="505" y="270" />
        <point x="591" y="63" />
      </points>
    </arc>
    <arc id="id26" source="id0" target="id11" delay="0" weight="1">
      <points>
        <point x="611" y="63" />
        <point x="695" y="270" />
      </points>
    </arc>
    <arc id="id27" source="id11" target="id3" delay="0" weight="1">
      <points>
        <point x="745" y="290" />
        <point x="928" y="393" />
      </points>
    </arc>
    <arc id="id28" source="id3" target="id10" delay="0" weight="1">
      <points>
        <point x="928" y="406" />
        <point x="745" y="510" />
      </points>
    </arc>
    <arc id="id29" source="id10" target="id2" delay="0" weight="1">
      <points>
        <point x="695" y="530" />
        <point x="609" y="737" />
      </points>
    </arc>
    <arc id="id30" source="id2" target="id9" delay="0" weight="1">
      <points>
        <point x="589" y="737" />
        <point x="505" y="530" />
      </points>
    </arc>
    <arc id="id31" source="id9" target="id1" delay="0" weight="1">
      <points>
        <point x="455" y="510" />
        <point x="272" y="407" />
      </points>
    </arc>
    <arc id="id32" source="id5" target="id13" delay="0" weight="1">
      <points>
        <point x="375" y="640" />
        <point x="420" y="414" />
      </points>
    </arc>
    <arc id="id33" source="id13" target="id4" delay="0" weight="1">
      <points>
        <point x="418" y="386" />
        <point x="375" y="160" />
      </points>
    </arc>
    <arc id="id34" source="id4" target="id12" delay="0" weight="1">
      <points>
        <point x="375" y="160" />
        <point x="576" y="221" />
      </points>
    </arc>
    <arc id="id35" source="id12" target="id7" delay="0" weight="1">
      <points>
        <point x="623" y="221" />
        <point x="825" y="160" />
      </points>
    </arc>
    <arc id="id36" source="id7" target="id15" delay="0" weight="1">
      <points>
        <point x="825" y="160" />
        <point x="780" y="386" />
      </points>
    </arc>
    <arc id="id37" source="id15" target="id6" delay="0" weight="1">
      <points>
        <point x="782" y="414" />
        <point x="825" y="640" />
      </points>
    </arc>
    <arc id="id38" source="id13" target="id11" delay="0" weight="1">
      <points>
        <point x="448" y="395" />
        <point x="695" y="290" />
      </points>
    </arc>
    <arc id="id39" source="id15" target="id9" delay="0" weight="1">
      <points>
        <point x="752" y="405" />
        <point x="505" y="510" />
      </points>
    </arc>
    <arc id="id40" source="id14" target="id8" delay="0" weight="1">
      <points>
        <point x="591" y="562" />
        <point x="505" y="290" />
      </points>
    </arc>
    <arc id="id41" source="id6" target="id14" delay="0" weight="1">
      <points>
        <point x="825" y="640" />
        <point x="624" y="579" />
      </points>
    </arc>
    <arc id="id42" source="id14" target="id5" delay="0" weight="1">
      <points>
        <point x="577" y="579" />
        <point x="375" y="640" />
      </points>
    </arc>
    <arc id="id43" source="id12" target="id10" delay="0" weight="1">
      <points>
        <point x="609" y="238" />
        <point x="695" y="510" />
      </points>
    </arc>
    <arc id="id44" source="id10" target="id13" delay="0" weight="1">
      <points>
        <point x="695" y="510" />
        <point x="448" y="405" />
      </points>
    </arc>
    <arc id="id45" source="id8" target="id15" delay="0" weight="1">
      <points>
        <point x="505" y="290" />
        <point x="752" y="395" />
      </points>
    </arc>
    <arc id="id46" source="id9" target="id12" delay="0" weight="1">
      <points>
        <point x="505" y="510" />
        <point x="593" y="239" />
      </points>
    </arc>
    <arc id="id47" source="id11" target="id14" delay="0" weight="1">
      <points>
        <point x="695" y="290" />
        <point x="607" y="561" />
      </points>
    </arc>
    <arc id="id48" source="id12" target="id8" delay="0" weight="1">
      <points>
        <point x="578" y="231" />
        <point x="505" y="270" />
      </points>
    </arc>
    <arc id="id49" source="id8" target="id13" delay="0" weight="1">
      <points>
        <point x="455" y="290" />
        <point x="431" y="386" />
      </points>
    </arc>
    <arc id="id50" source="id13" target="id9" delay="0" weight="1">
      <points>
        <point x="435" y="413" />
        <point x="455" y="510" />
      </points>
    </arc>
    <arc id="id51" source="id9" target="id14" delay="0" weight="1">
      <points>
        <point x="505" y="530" />
        <point x="578" y="569" />
      </points>
    </arc>
    <arc id="id52" source="id14" target="id10" delay="0" weight="1">
      <points>
        <point x="622" y="569" />
        <point x="695" y="530" />
      </points>
    </arc>
    <arc id="id53" source="id10" target="id15" delay="0" weight="1">
      <points>
        <point x="745" y="510" />
        <point x="769" y="414" />
      </points>
    </arc>
    <arc id="id54" source="id15" target="id11" delay="0" weight="1">
      <points>
        <point x="765" y="387" />
        <point x="745" y="290" />
      </points>
    </arc>
    <arc id="id55" source="id11" target="id12" delay="0" weight="1">
      <points>
        <point x="695" y="270" />
        <point x="622" y="231" />
      </points>
    </arc>
    <arc id="id60" source="id0" target="id56" delay="0" weight="1">
      <points>
        <point x="600" y="65" />
        <point x="600" y="140" />
      </points>
    </arc>
    <arc id="id61" source="id56" target="id12" delay="0" weight="1">
      <points>
        <point x="600" y="160" />
        <point x="600" y="210" />
      </points>
    </arc>
    <arc id="id62" source="id1" target="id57" delay="0" weight="1">
      <points>
        <point x="275" y="400" />
        <point x="325" y="400" />
      </points>
    </arc>
    <arc id="id63" source="id57" target="id13" delay="0" weight="1">
      <points>
        <point x="375" y="400" />
        <point x="400" y="400" />
      </points>
    </arc>
    <arc id="id64" source="id2" target="id58" delay="0" weight="1">
      <points>
        <point x="600" y="735" />
        <point x="600" y="660" />
      </points>
    </arc>
    <arc id="id65" source="id58" target="id14" delay="0" weight="1">
      <points>
        <point x="600" y="640" />
        <point x="600" y="590" />
      </points>
    </arc>
    <arc id="id66" source="id3" target="id59" delay="0" weight="1">
      <points>
        <point x="925" y="400" />
        <point x="875" y="400" />
      </points>
    </arc>
    <arc id="id67" source="id59" target="id15" delay="0" weight="1">
      <points>
        <point x="825" y="400" />
        <point x="800" y="400" />
      </points>
    </arc>
    <arc id="id72" source="id8" target="id68" delay="0" weight="1">
      <points>
        <point x="455" y="270" />
        <point x="438" y="237" />
      </points>
    </arc>
    <arc id="id73" source="id68" target="id4" delay="0" weight="1">
      <points>
        <point x="408" y="215" />
        <point x="375" y="160" />
      </points>
    </arc>
    <arc id="id74" source="id11" target="id71" delay="0" weight="1">
      <points>
        <point x="745" y="270" />
        <point x="762" y="237" />
      </points>
    </arc>
    <arc id="id75" source="id71" target="id7" delay="0" weight="1">
      <points>
        <point x="792" y="215" />
        <point x="825" y="160" />
      </points>
    </arc>
    <arc id="id76" source="id10" target="id70" delay="0" weight="1">
      <points>
        <point x="745" y="530" />
        <point x="762" y="563" />
      </points>
    </arc>
    <arc id="id77" source="id70" target="id6" delay="0" weight="1">
      <points>
        <point x="792" y="585" />
        <point x="825" y="640" />
      </points>
    </arc>
    <arc id="id78" source="id9" target="id69" delay="0" weight="1">
      <points>
        <point x="455" y="530" />
        <point x="438" y="563" />
      </points>
    </arc>
    <arc id="id79" source="id69" target="id5" delay="0" weight="1">
      <points>
        <point x="408" y="585" />
        <point x="375" y="640" />
      </points>
    </arc>
    <arc id="id80" source="id68" target="id56" delay="0" weight="1">
      <points>
        <point x="447" y="220" />
        <point x="575" y="160" />
      </points>
    </arc>
    <arc id="id81" source="id57" target="id68" delay="0" weight="1">
      <points>
        <point x="375" y="390" />
        <point x="418" y="239" />
      </points>
    </arc>
    <arc id="id82" source="id69" target="id57" delay="0" weight="1">
      <points>
        <point x="416" y="562" />
        <point x="375" y="410" />
      </points>
    </arc>
    <arc id="id83" source="id58" target="id69" delay="0" weight="1">
      <points>
        <point x="575" y="640" />
        <point x="447" y="580" />
      </points>
    </arc>
    <arc id="id84" source="id70" target="id58" delay="0" weight="1">
      <points>
        <point x="753" y="580" />
        <point x="625" y="640" />
      </points>
    </arc>
    <arc id="id85" source="id59" target="id70" delay="0" weight="1">
      <points>
        <point x="825" y="410" />
        <point x="782" y="561" />
      </points>
    </arc>
    <arc id="id86" source="id71" target="id59" delay="0" weight="1">
      <points>
        <point x="784" y="238" />
        <point x="825" y="390" />
      </points>
    </arc>
    <arc id="id87" source="id56" target="id71" delay="0" weight="1">
      <points>
        <point x="625" y="160" />
        <point x="753" y="220" />
      </points>
    </arc>
    <arc id="id88" source="id4" target="id15" delay="0" weight="1">
      <points>
        <point x="375" y="160" />
        <point x="754" y="393" />
      </points>
    </arc>
    <arc id="id89" source="id7" target="id14" delay="0" weight="1">
      <points>
        <point x="825" y="160" />
        <point x="611" y="562" />
      </points>
    </arc>
    <arc id="id90" source="id6" target="id13" delay="0" weight="1">
      <points>
        <point x="825" y="640" />
        <point x="446" y="407" />
      </points>
    </arc>
    <arc id="id91" source="id5" target="id12" delay="0" weight="1">
      <points>
        <point x="375" y="640" />
        <point x="589" y="238" />
      </points>
    </arc>
    <arc id="id92" source="id4" target="id14" delay="0" weight="1">
      <points>
        <point x="375" y="160" />
        <point x="589" y="562" />
      </points>
    </arc>
    <arc id="id93" source="id5" target="id15" delay="0" weight="1">
      <points>
        <point x="375" y="640" />
        <point x="754" y="407" />
      </points>
    </arc>
    <arc id="id94" source="id6" target="id12" delay="0" weight="1">
      <points>
        <point x="825" y="640" />
        <point x="611" y="238" />
      </points>
    </arc>
    <arc id="id95" source="id7" target="id13" delay="0" weight="1">
      <points>
        <point x="825" y="160" />
        <point x="446" y="393" />
      </points>
    </arc>
    <arc id="id104" source="id100" target="id96" delay="0" weight="1">
      <points>
        <point x="273" y="56" />
        <point x="575" y="-40" />
      </points>
    </arc>
    <arc id="id105" source="id96" target="id103" delay="0" weight="1">
      <points>
        <point x="625" y="-40" />
        <point x="927" y="56" />
      </points>
    </arc>
    <arc id="id106" source="id103" target="id99" delay="0" weight="1">
      <points>
        <point x="957" y="74" />
        <point x="1025" y="390" />
      </points>
    </arc>
    <arc id="id107" source="id99" target="id102" delay="0" weight="1">
      <points>
        <point x="1025" y="410" />
        <point x="955" y="716" />
      </points>
    </arc>
    <arc id="id108" source="id102" target="id98" delay="0" weight="1">
      <points>
        <point x="927" y="734" />
        <point x="625" y="840" />
      </points>
    </arc>
    <arc id="id109" source="id98" target="id101" delay="0" weight="1">
      <points>
        <point x="575" y="840" />
        <point x="273" y="734" />
      </points>
    </arc>
    <arc id="id110" source="id101" target="id97" delay="0" weight="1">
      <points>
        <point x="243" y="716" />
        <point x="175" y="410" />
      </points>
    </arc>
    <arc id="id111" source="id97" target="id100" delay="0" weight="1">
      <points>
        <point x="175" y="390" />
        <point x="245" y="74" />
      </points>
    </arc>
    <arc id="id112" source="id100" target="id4" delay="0" weight="1">
      <points>
        <point x="268" y="70" />
        <point x="325" y="140" />
      </points>
    </arc>
    <arc id="id113" source="id103" target="id7" delay="0" weight="1">
      <points>
        <point x="932" y="70" />
        <point x="875" y="140" />
      </points>
    </arc>
    <arc id="id114" source="id101" target="id5" delay="0" weight="1">
      <points>
        <point x="269" y="721" />
        <point x="325" y="660" />
      </points>
    </arc>
    <arc id="id115" source="id102" target="id6" delay="0" weight="1">
      <points>
        <point x="931" y="721" />
        <point x="875" y="660" />
      </points>
    </arc>
    <arc id="id116" source="id2" target="id98" delay="0" weight="1">
      <points>
        <point x="600" y="765" />
        <point x="600" y="840" />
      </points>
    </arc>
    <arc id="id118" source="id0" target="id96" delay="0" weight="1">
      <points>
        <point x="600" y="35" />
        <point x="600" y="-40" />
      </points>
    </arc>
  </page>
</petrinet>