﻿<?xml version="1.0" encoding="utf-8"?>
<petrinet name="Untitled">
  <page id="page0" name="page0">
    <place id="id0" name="p0" initialmarking="0" portdir="None" capacity="0">
      <location x="150" y="100" />
      <size width="50" height="30" />
    </place>
    <place id="id1" name="p1" initialmarking="0" portdir="None" capacity="0">
      <location x="150" y="400" />
      <size width="50" height="30" />
    </place>
    <place id="id2" name="p2" initialmarking="0" portdir="None" capacity="0">
      <location x="300" y="250" />
      <size width="50" height="30" />
    </place>
    <place id="id3" name="p3" initialmarking="0" portdir="None" capacity="0">
      <location x="300" y="550" />
      <size width="50" height="30" />
    </place>
    <place id="id4" name="p4" initialmarking="0" portdir="None" capacity="0">
      <location x="450" y="100" />
      <size width="50" height="30" />
    </place>
    <place id="id5" name="p5" initialmarking="0" portdir="None" capacity="0">
      <location x="450" y="400" />
      <size width="50" height="30" />
    </place>
    <place id="id12" name="p12" initialmarking="0" portdir="None" capacity="0">
      <location x="600" y="250" />
      <size width="50" height="30" />
    </place>
    <place id="id13" name="p13" initialmarking="0" portdir="None" capacity="0">
      <location x="600" y="550" />
      <size width="50" height="30" />
    </place>
    <place id="id40" name="p40" initialmarking="0" portdir="None" capacity="0">
      <location x="375" y="325" />
      <size width="50" height="30" />
    </place>
    <place id="id45" name="p45" initialmarking="0" portdir="None" capacity="0">
      <location x="225" y="475" />
      <size width="50" height="30" />
    </place>
    <place id="id46" name="p46" initialmarking="0" portdir="None" capacity="0">
      <location x="225" y="175" />
      <size width="50" height="30" />
    </place>
    <place id="id47" name="p47" initialmarking="0" portdir="None" capacity="0">
      <location x="525" y="175" />
      <size width="50" height="30" />
    </place>
    <place id="id48" name="p48" initialmarking="0" portdir="None" capacity="0">
      <location x="525" y="475" />
      <size width="50" height="30" />
    </place>
    <transition id="id6" name="t6" portdir="None">
      <location x="150" y="250" />
      <size width="50" height="20" />
    </transition>
    <transition id="id7" name="t7" portdir="None">
      <location x="150" y="550" />
      <size width="50" height="20" />
    </transition>
    <transition id="id8" name="t8" portdir="None">
      <location x="300" y="100" />
      <size width="50" height="20" />
    </transition>
    <transition id="id9" name="t9" portdir="None">
      <location x="300" y="400" />
      <size width="50" height="20" />
    </transition>
    <transition id="id10" name="t10" portdir="None">
      <location x="450" y="250" />
      <size width="50" height="20" />
    </transition>
    <transition id="id11" name="t11" portdir="None">
      <location x="450" y="550" />
      <size width="50" height="20" />
    </transition>
    <transition id="id14" name="t14" portdir="None">
      <location x="600" y="100" />
      <size width="50" height="20" />
    </transition>
    <transition id="id15" name="t15" portdir="None">
      <location x="600" y="400" />
      <size width="50" height="20" />
    </transition>
    <transition id="id41" name="t41" portdir="None">
      <location x="375" y="175" />
      <size width="50" height="20" />
    </transition>
    <transition id="id42" name="t42" portdir="None">
      <location x="225" y="325" />
      <size width="50" height="20" />
    </transition>
    <transition id="id43" name="t43" portdir="None">
      <location x="525" y="325" />
      <size width="50" height="20" />
    </transition>
    <transition id="id44" name="t44" portdir="None">
      <location x="375" y="475" />
      <size width="50" height="20" />
    </transition>
    <arc id="id16" source="id0" target="id6" delay="0" weight="1">
      <points>
        <point x="150" y="115" />
        <point x="150" y="240" />
      </points>
    </arc>
    <arc id="id17" source="id8" target="id0" delay="0" weight="1">
      <points>
        <point x="275" y="100" />
        <point x="175" y="100" />
      </points>
    </arc>
    <arc id="id18" source="id6" target="id1" delay="0" weight="1">
      <points>
        <point x="150" y="260" />
        <point x="150" y="385" />
      </points>
    </arc>
    <arc id="id19" source="id1" target="id7" delay="0" weight="1">
      <points>
        <point x="150" y="415" />
        <point x="150" y="540" />
      </points>
    </arc>
    <arc id="id20" source="id7" target="id3" delay="0" weight="1">
      <points>
        <point x="175" y="550" />
        <point x="275" y="550" />
      </points>
    </arc>
    <arc id="id21" source="id3" target="id11" delay="0" weight="1">
      <points>
        <point x="325" y="550" />
        <point x="425" y="550" />
      </points>
    </arc>
    <arc id="id22" source="id11" target="id13" delay="0" weight="1">
      <points>
        <point x="475" y="550" />
        <point x="575" y="550" />
      </points>
    </arc>
    <arc id="id23" source="id13" target="id15" delay="0" weight="1">
      <points>
        <point x="600" y="535" />
        <point x="600" y="410" />
      </points>
    </arc>
    <arc id="id24" source="id15" target="id12" delay="0" weight="1">
      <points>
        <point x="600" y="390" />
        <point x="600" y="265" />
      </points>
    </arc>
    <arc id="id25" source="id12" target="id14" delay="0" weight="1">
      <points>
        <point x="600" y="235" />
        <point x="600" y="110" />
      </points>
    </arc>
    <arc id="id26" source="id14" target="id4" delay="0" weight="1">
      <points>
        <point x="575" y="100" />
        <point x="475" y="100" />
      </points>
    </arc>
    <arc id="id27" source="id4" target="id8" delay="0" weight="1">
      <points>
        <point x="425" y="100" />
        <point x="325" y="100" />
      </points>
    </arc>
    <arc id="id32" source="id6" target="id2" delay="0" weight="1">
      <points>
        <point x="175" y="250" />
        <point x="275" y="250" />
      </points>
    </arc>
    <arc id="id33" source="id15" target="id5" delay="0" weight="1">
      <points>
        <point x="575" y="400" />
        <point x="475" y="400" />
      </points>
    </arc>
    <arc id="id34" source="id3" target="id9" delay="0" weight="1">
      <points>
        <point x="300" y="535" />
        <point x="300" y="410" />
      </points>
    </arc>
    <arc id="id35" source="id4" target="id10" delay="0" weight="1">
      <points>
        <point x="450" y="115" />
        <point x="450" y="240" />
      </points>
    </arc>
    <arc id="id28" source="id9" target="id1" delay="0" weight="1">
      <points>
        <point x="275" y="400" />
        <point x="175" y="400" />
      </points>
    </arc>
    <arc id="id29" source="id2" target="id8" delay="0" weight="1">
      <points>
        <point x="300" y="235" />
        <point x="300" y="110" />
      </points>
    </arc>
    <arc id="id30" source="id10" target="id12" delay="0" weight="1">
      <points>
        <point x="475" y="250" />
        <point x="575" y="250" />
      </points>
    </arc>
    <arc id="id31" source="id5" target="id11" delay="0" weight="1">
      <points>
        <point x="450" y="415" />
        <point x="450" y="540" />
      </points>
    </arc>
    <arc id="id36" source="id10" target="id2" delay="0" weight="1">
      <points>
        <point x="425" y="250" />
        <point x="325" y="250" />
      </points>
    </arc>
    <arc id="id37" source="id2" target="id9" delay="0" weight="1">
      <points>
        <point x="300" y="265" />
        <point x="300" y="390" />
      </points>
    </arc>
    <arc id="id38" source="id9" target="id5" delay="0" weight="1">
      <points>
        <point x="325" y="400" />
        <point x="425" y="400" />
      </points>
    </arc>
    <arc id="id39" source="id5" target="id10" delay="0" weight="1">
      <points>
        <point x="450" y="385" />
        <point x="450" y="260" />
      </points>
    </arc>
    <arc id="id49" source="id46" target="id41" delay="0" weight="1">
      <points>
        <point x="250" y="175" />
        <point x="350" y="175" />
      </points>
    </arc>
    <arc id="id50" source="id41" target="id47" delay="0" weight="1">
      <points>
        <point x="400" y="175" />
        <point x="500" y="175" />
      </points>
    </arc>
    <arc id="id51" source="id47" target="id43" delay="0" weight="1">
      <points>
        <point x="525" y="190" />
        <point x="525" y="315" />
      </points>
    </arc>
    <arc id="id52" source="id43" target="id48" delay="0" weight="1">
      <points>
        <point x="525" y="335" />
        <point x="525" y="460" />
      </points>
    </arc>
    <arc id="id53" source="id48" target="id44" delay="0" weight="1">
      <points>
        <point x="500" y="475" />
        <point x="400" y="475" />
      </points>
    </arc>
    <arc id="id54" source="id44" target="id45" delay="0" weight="1">
      <points>
        <point x="350" y="475" />
        <point x="250" y="475" />
      </points>
    </arc>
    <arc id="id55" source="id45" target="id42" delay="0" weight="1">
      <points>
        <point x="225" y="460" />
        <point x="225" y="335" />
      </points>
    </arc>
    <arc id="id56" source="id42" target="id46" delay="0" weight="1">
      <points>
        <point x="225" y="315" />
        <point x="225" y="190" />
      </points>
    </arc>
    <arc id="id57" source="id41" target="id40" delay="0" weight="1">
      <points>
        <point x="375" y="185" />
        <point x="375" y="310" />
      </points>
    </arc>
    <arc id="id58" source="id40" target="id42" delay="0" weight="1">
      <points>
        <point x="350" y="325" />
        <point x="250" y="325" />
      </points>
    </arc>
    <arc id="id59" source="id44" target="id40" delay="0" weight="1">
      <points>
        <point x="375" y="465" />
        <point x="375" y="340" />
      </points>
    </arc>
    <arc id="id60" source="id40" target="id43" delay="0" weight="1">
      <points>
        <point x="400" y="325" />
        <point x="500" y="325" />
      </points>
    </arc>
    <arc id="id61" source="id6" target="id46" delay="0" weight="1">
      <points>
        <point x="175" y="240" />
        <point x="210" y="186" />
      </points>
    </arc>
    <arc id="id62" source="id46" target="id8" delay="0" weight="1">
      <points>
        <point x="242" y="165" />
        <point x="275" y="110" />
      </points>
    </arc>
    <arc id="id63" source="id15" target="id48" delay="0" weight="1">
      <points>
        <point x="575" y="410" />
        <point x="540" y="464" />
      </points>
    </arc>
    <arc id="id64" source="id48" target="id11" delay="0" weight="1">
      <points>
        <point x="508" y="485" />
        <point x="475" y="540" />
      </points>
    </arc>
    <arc id="id65" source="id7" target="id45" delay="0" weight="1">
      <points>
        <point x="175" y="540" />
        <point x="210" y="486" />
      </points>
    </arc>
    <arc id="id66" source="id45" target="id9" delay="0" weight="1">
      <points>
        <point x="242" y="465" />
        <point x="275" y="410" />
      </points>
    </arc>
    <arc id="id69" source="id4" target="id41" delay="0" weight="1">
      <points>
        <point x="433" y="110" />
        <point x="400" y="165" />
      </points>
    </arc>
    <arc id="id70" source="id41" target="id2" delay="0" weight="1">
      <points>
        <point x="350" y="185" />
        <point x="315" y="239" />
      </points>
    </arc>
    <arc id="id67" source="id14" target="id47" delay="0" weight="1">
      <points>
        <point x="575" y="110" />
        <point x="540" y="164" />
      </points>
    </arc>
    <arc id="id68" source="id47" target="id10" delay="0" weight="1">
      <points>
        <point x="508" y="185" />
        <point x="475" y="240" />
      </points>
    </arc>
    <arc id="id71" source="id3" target="id44" delay="0" weight="1">
      <points>
        <point x="317" y="540" />
        <point x="350" y="485" />
      </points>
    </arc>
    <arc id="id72" source="id44" target="id5" delay="0" weight="1">
      <points>
        <point x="400" y="465" />
        <point x="435" y="411" />
      </points>
    </arc>
  </page>
</petrinet>