﻿<?xml version="1.0" encoding="utf-8"?>
<petrinet name="Untitled">
  <page id="page0" name="page0">
    <place id="id0" name="p0" initialmarking="0" portdir="None" capacity="0">
      <location x="150" y="100" />
      <size width="50" height="30" />
    </place>
    <place id="id1" name="p1" initialmarking="0" portdir="None" capacity="0">
      <location x="150" y="400" />
      <size width="50" height="30" />
    </place>
    <place id="id2" name="p2" initialmarking="0" portdir="None" capacity="0">
      <location x="300" y="250" />
      <size width="50" height="30" />
    </place>
    <place id="id3" name="p3" initialmarking="0" portdir="None" capacity="0">
      <location x="300" y="550" />
      <size width="50" height="30" />
    </place>
    <place id="id4" name="p4" initialmarking="0" portdir="None" capacity="0">
      <location x="450" y="100" />
      <size width="50" height="30" />
    </place>
    <place id="id5" name="p5" initialmarking="0" portdir="None" capacity="0">
      <location x="450" y="400" />
      <size width="50" height="30" />
    </place>
    <place id="id12" name="p12" initialmarking="0" portdir="None" capacity="0">
      <location x="600" y="250" />
      <size width="50" height="30" />
    </place>
    <place id="id13" name="p13" initialmarking="0" portdir="None" capacity="0">
      <location x="600" y="550" />
      <size width="50" height="30" />
    </place>
    <transition id="id6" name="t6" portdir="None">
      <location x="150" y="250" />
      <size width="50" height="20" />
    </transition>
    <transition id="id7" name="t7" portdir="None">
      <location x="150" y="550" />
      <size width="50" height="20" />
    </transition>
    <transition id="id8" name="t8" portdir="None">
      <location x="300" y="100" />
      <size width="50" height="20" />
    </transition>
    <transition id="id9" name="t9" portdir="None">
      <location x="300" y="400" />
      <size width="50" height="20" />
    </transition>
    <transition id="id10" name="t10" portdir="None">
      <location x="450" y="250" />
      <size width="50" height="20" />
    </transition>
    <transition id="id11" name="t11" portdir="None">
      <location x="450" y="550" />
      <size width="50" height="20" />
    </transition>
    <transition id="id14" name="t14" portdir="None">
      <location x="600" y="100" />
      <size width="50" height="20" />
    </transition>
    <transition id="id15" name="t15" portdir="None">
      <location x="600" y="400" />
      <size width="50" height="20" />
    </transition>
    <arc id="id16" source="id0" target="id6" delay="0" weight="1">
      <points>
        <point x="150" y="115" />
        <point x="150" y="240" />
      </points>
    </arc>
    <arc id="id17" source="id8" target="id0" delay="0" weight="1">
      <points>
        <point x="275" y="100" />
        <point x="175" y="100" />
      </points>
    </arc>
    <arc id="id18" source="id6" target="id1" delay="0" weight="1">
      <points>
        <point x="150" y="260" />
        <point x="150" y="385" />
      </points>
    </arc>
    <arc id="id19" source="id1" target="id7" delay="0" weight="1">
      <points>
        <point x="150" y="415" />
        <point x="150" y="540" />
      </points>
    </arc>
    <arc id="id20" source="id7" target="id3" delay="0" weight="1">
      <points>
        <point x="175" y="550" />
        <point x="275" y="550" />
      </points>
    </arc>
    <arc id="id21" source="id3" target="id11" delay="0" weight="1">
      <points>
        <point x="325" y="550" />
        <point x="425" y="550" />
      </points>
    </arc>
    <arc id="id22" source="id11" target="id13" delay="0" weight="1">
      <points>
        <point x="475" y="550" />
        <point x="575" y="550" />
      </points>
    </arc>
    <arc id="id23" source="id13" target="id15" delay="0" weight="1">
      <points>
        <point x="600" y="535" />
        <point x="600" y="410" />
      </points>
    </arc>
    <arc id="id24" source="id15" target="id12" delay="0" weight="1">
      <points>
        <point x="600" y="390" />
        <point x="600" y="265" />
      </points>
    </arc>
    <arc id="id25" source="id12" target="id14" delay="0" weight="1">
      <points>
        <point x="600" y="235" />
        <point x="600" y="110" />
      </points>
    </arc>
    <arc id="id26" source="id14" target="id4" delay="0" weight="1">
      <points>
        <point x="575" y="100" />
        <point x="475" y="100" />
      </points>
    </arc>
    <arc id="id27" source="id4" target="id8" delay="0" weight="1">
      <points>
        <point x="425" y="100" />
        <point x="325" y="100" />
      </points>
    </arc>
    <arc id="id32" source="id6" target="id2" delay="0" weight="1">
      <points>
        <point x="175" y="250" />
        <point x="275" y="250" />
      </points>
    </arc>
    <arc id="id33" source="id15" target="id5" delay="0" weight="1">
      <points>
        <point x="575" y="400" />
        <point x="475" y="400" />
      </points>
    </arc>
    <arc id="id34" source="id3" target="id9" delay="0" weight="1">
      <points>
        <point x="300" y="535" />
        <point x="300" y="410" />
      </points>
    </arc>
    <arc id="id35" source="id4" target="id10" delay="0" weight="1">
      <points>
        <point x="450" y="115" />
        <point x="450" y="240" />
      </points>
    </arc>
    <arc id="id28" source="id9" target="id1" delay="0" weight="1">
      <points>
        <point x="275" y="400" />
        <point x="175" y="400" />
      </points>
    </arc>
    <arc id="id29" source="id2" target="id8" delay="0" weight="1">
      <points>
        <point x="300" y="235" />
        <point x="300" y="110" />
      </points>
    </arc>
    <arc id="id30" source="id10" target="id12" delay="0" weight="1">
      <points>
        <point x="475" y="250" />
        <point x="575" y="250" />
      </points>
    </arc>
    <arc id="id31" source="id5" target="id11" delay="0" weight="1">
      <points>
        <point x="450" y="415" />
        <point x="450" y="540" />
      </points>
    </arc>
    <arc id="id36" source="id10" target="id2" delay="0" weight="1">
      <points>
        <point x="425" y="250" />
        <point x="325" y="250" />
      </points>
    </arc>
    <arc id="id37" source="id2" target="id9" delay="0" weight="1">
      <points>
        <point x="300" y="265" />
        <point x="300" y="390" />
      </points>
    </arc>
    <arc id="id38" source="id9" target="id5" delay="0" weight="1">
      <points>
        <point x="325" y="400" />
        <point x="425" y="400" />
      </points>
    </arc>
    <arc id="id39" source="id5" target="id10" delay="0" weight="1">
      <points>
        <point x="450" y="385" />
        <point x="450" y="260" />
      </points>
    </arc>
  </page>
</petrinet>