﻿<?xml version="1.0" encoding="utf-8"?>
<petrinet name="Untitled">
  <page id="page0" name="page0">
    <place id="id0" name="p0" initialmarking="0" portdir="None" capacity="0">
      <location x="515" y="660" />
      <size width="50" height="30" />
    </place>
    <place id="id3" name="p3" initialmarking="0" portdir="None" capacity="0">
      <location x="192" y="519" />
      <size width="50" height="30" />
    </place>
    <place id="id4" name="p4" initialmarking="0" portdir="None" capacity="0">
      <location x="432" y="522" />
      <size width="50" height="30" />
    </place>
    <place id="id5" name="p5" initialmarking="0" portdir="None" capacity="0">
      <location x="657" y="514" />
      <size width="50" height="30" />
    </place>
    <place id="id6" name="p6" initialmarking="0" portdir="None" capacity="0">
      <location x="872" y="519" />
      <size width="50" height="30" />
    </place>
    <place id="id15" name="p15" initialmarking="0" portdir="None" capacity="0">
      <location x="78" y="361" />
      <size width="50" height="30" />
    </place>
    <place id="id16" name="p16" initialmarking="0" portdir="None" capacity="0">
      <location x="146" y="362" />
      <size width="50" height="30" />
    </place>
    <place id="id17" name="p17" initialmarking="0" portdir="None" capacity="0">
      <location x="231" y="364" />
      <size width="50" height="30" />
    </place>
    <place id="id18" name="p18" initialmarking="0" portdir="None" capacity="0">
      <location x="288" y="364" />
      <size width="50" height="30" />
    </place>
    <place id="id19" name="p19" initialmarking="0" portdir="None" capacity="0">
      <location x="349" y="365" />
      <size width="50" height="30" />
    </place>
    <place id="id20" name="p20" initialmarking="0" portdir="None" capacity="0">
      <location x="392" y="368" />
      <size width="50" height="30" />
    </place>
    <place id="id21" name="p21" initialmarking="0" portdir="None" capacity="0">
      <location x="469" y="370" />
      <size width="50" height="30" />
    </place>
    <place id="id22" name="p22" initialmarking="0" portdir="None" capacity="0">
      <location x="502" y="371" />
      <size width="50" height="30" />
    </place>
    <place id="id23" name="p23" initialmarking="0" portdir="None" capacity="0">
      <location x="573" y="368" />
      <size width="50" height="30" />
    </place>
    <place id="id24" name="p24" initialmarking="0" portdir="None" capacity="0">
      <location x="613" y="364" />
      <size width="50" height="30" />
    </place>
    <place id="id25" name="p25" initialmarking="0" portdir="None" capacity="0">
      <location x="677" y="366" />
      <size width="50" height="30" />
    </place>
    <place id="id26" name="p26" initialmarking="0" portdir="None" capacity="0">
      <location x="714" y="366" />
      <size width="50" height="30" />
    </place>
    <place id="id27" name="p27" initialmarking="0" portdir="None" capacity="0">
      <location x="796" y="369" />
      <size width="50" height="30" />
    </place>
    <place id="id28" name="p28" initialmarking="0" portdir="None" capacity="0">
      <location x="851" y="369" />
      <size width="50" height="30" />
    </place>
    <place id="id29" name="p29" initialmarking="0" portdir="None" capacity="0">
      <location x="922" y="373" />
      <size width="50" height="30" />
    </place>
    <place id="id30" name="p30" initialmarking="0" portdir="None" capacity="0">
      <location x="971" y="373" />
      <size width="50" height="30" />
    </place>
    <place id="id39" name="p39" initialmarking="0" portdir="None" capacity="0">
      <location x="191" y="185" />
      <size width="50" height="30" />
    </place>
    <place id="id40" name="p40" initialmarking="0" portdir="None" capacity="0">
      <location x="424" y="189" />
      <size width="50" height="30" />
    </place>
    <place id="id41" name="p41" initialmarking="0" portdir="None" capacity="0">
      <location x="637" y="190" />
      <size width="50" height="30" />
    </place>
    <place id="id42" name="p42" initialmarking="0" portdir="None" capacity="0">
      <location x="878" y="188" />
      <size width="50" height="30" />
    </place>
    <place id="id45" name="p45" initialmarking="0" portdir="None" capacity="0">
      <location x="535" y="36" />
      <size width="50" height="30" />
    </place>
    <transition id="id1" name="t1" portdir="None">
      <location x="325" y="576" />
      <size width="50" height="20" />
    </transition>
    <transition id="id2" name="t2" portdir="None">
      <location x="759" y="603" />
      <size width="50" height="20" />
    </transition>
    <transition id="id7" name="t7" portdir="None">
      <location x="112" y="427" />
      <size width="50" height="20" />
    </transition>
    <transition id="id8" name="t8" portdir="None">
      <location x="261" y="431" />
      <size width="50" height="20" />
    </transition>
    <transition id="id9" name="t9" portdir="None">
      <location x="369" y="437" />
      <size width="50" height="20" />
    </transition>
    <transition id="id10" name="t10" portdir="None">
      <location x="496" y="437" />
      <size width="50" height="20" />
    </transition>
    <transition id="id11" name="t11" portdir="None">
      <location x="598" y="436" />
      <size width="50" height="20" />
    </transition>
    <transition id="id12" name="t12" portdir="None">
      <location x="708" y="429" />
      <size width="50" height="20" />
    </transition>
    <transition id="id13" name="t13" portdir="None">
      <location x="822" y="429" />
      <size width="50" height="20" />
    </transition>
    <transition id="id14" name="t14" portdir="None">
      <location x="957" y="425" />
      <size width="50" height="20" />
    </transition>
    <transition id="id31" name="t31" portdir="None">
      <location x="116" y="288" />
      <size width="50" height="20" />
    </transition>
    <transition id="id32" name="t32" portdir="None">
      <location x="257" y="288" />
      <size width="50" height="20" />
    </transition>
    <transition id="id33" name="t33" portdir="None">
      <location x="365" y="287" />
      <size width="50" height="20" />
    </transition>
    <transition id="id34" name="t34" portdir="None">
      <location x="486" y="289" />
      <size width="50" height="20" />
    </transition>
    <transition id="id35" name="t35" portdir="None">
      <location x="593" y="290" />
      <size width="50" height="20" />
    </transition>
    <transition id="id36" name="t36" portdir="None">
      <location x="707" y="291" />
      <size width="50" height="20" />
    </transition>
    <transition id="id37" name="t37" portdir="None">
      <location x="815" y="290" />
      <size width="50" height="20" />
    </transition>
    <transition id="id38" name="t38" portdir="None">
      <location x="948" y="290" />
      <size width="50" height="20" />
    </transition>
    <transition id="id43" name="t43" portdir="None">
      <location x="305" y="109" />
      <size width="50" height="20" />
    </transition>
    <transition id="id44" name="t44" portdir="None">
      <location x="761" y="112" />
      <size width="50" height="20" />
    </transition>
    <arc id="id46" source="id45" target="id43" delay="0" weight="1">
      <points>
        <point x="512" y="40" />
        <point x="330" y="99" />
      </points>
    </arc>
    <arc id="id47" source="id43" target="id39" delay="0" weight="1">
      <points>
        <point x="280" y="119" />
        <point x="211" y="177" />
      </points>
    </arc>
    <arc id="id48" source="id39" target="id31" delay="0" weight="1">
      <points>
        <point x="177" y="197" />
        <point x="141" y="278" />
      </points>
    </arc>
    <arc id="id49" source="id31" target="id15" delay="0" weight="1">
      <points>
        <point x="91" y="298" />
        <point x="83" y="347" />
      </points>
    </arc>
    <arc id="id50" source="id15" target="id7" delay="0" weight="1">
      <points>
        <point x="89" y="374" />
        <point x="89" y="417" />
      </points>
    </arc>
    <arc id="id51" source="id7" target="id3" delay="0" weight="1">
      <points>
        <point x="137" y="437" />
        <point x="179" y="507" />
      </points>
    </arc>
    <arc id="id52" source="id3" target="id1" delay="0" weight="1">
      <points>
        <point x="214" y="524" />
        <point x="300" y="566" />
      </points>
    </arc>
    <arc id="id53" source="id1" target="id0" delay="0" weight="1">
      <points>
        <point x="350" y="586" />
        <point x="493" y="654" />
      </points>
    </arc>
    <arc id="id54" source="id45" target="id44" delay="0" weight="1">
      <points>
        <point x="558" y="40" />
        <point x="736" y="102" />
      </points>
    </arc>
    <arc id="id55" source="id44" target="id42" delay="0" weight="1">
      <points>
        <point x="786" y="122" />
        <point x="858" y="180" />
      </points>
    </arc>
    <arc id="id56" source="id42" target="id38" delay="0" weight="1">
      <points>
        <point x="892" y="200" />
        <point x="923" y="280" />
      </points>
    </arc>
    <arc id="id57" source="id38" target="id30" delay="0" weight="1">
      <points>
        <point x="971" y="300" />
        <point x="971" y="358" />
      </points>
    </arc>
    <arc id="id58" source="id30" target="id14" delay="0" weight="1">
      <points>
        <point x="965" y="387" />
        <point x="965" y="415" />
      </points>
    </arc>
    <arc id="id59" source="id14" target="id6" delay="0" weight="1">
      <points>
        <point x="932" y="435" />
        <point x="886" y="507" />
      </points>
    </arc>
    <arc id="id60" source="id6" target="id2" delay="0" weight="1">
      <points>
        <point x="852" y="527" />
        <point x="784" y="593" />
      </points>
    </arc>
    <arc id="id61" source="id2" target="id0" delay="0" weight="1">
      <points>
        <point x="734" y="613" />
        <point x="539" y="657" />
      </points>
    </arc>
    <arc id="id62" source="id43" target="id40" delay="0" weight="1">
      <points>
        <point x="330" y="119" />
        <point x="404" y="181" />
      </points>
    </arc>
    <arc id="id63" source="id44" target="id41" delay="0" weight="1">
      <points>
        <point x="736" y="122" />
        <point x="657" y="182" />
      </points>
    </arc>
    <arc id="id64" source="id42" target="id37" delay="0" weight="1">
      <points>
        <point x="865" y="200" />
        <point x="840" y="280" />
      </points>
    </arc>
    <arc id="id65" source="id41" target="id36" delay="0" weight="1">
      <points>
        <point x="651" y="202" />
        <point x="682" y="281" />
      </points>
    </arc>
    <arc id="id66" source="id41" target="id35" delay="0" weight="1">
      <points>
        <point x="627" y="203" />
        <point x="618" y="280" />
      </points>
    </arc>
    <arc id="id67" source="id40" target="id34" delay="0" weight="1">
      <points>
        <point x="437" y="201" />
        <point x="461" y="279" />
      </points>
    </arc>
    <arc id="id68" source="id40" target="id33" delay="0" weight="1">
      <points>
        <point x="412" y="201" />
        <point x="390" y="277" />
      </points>
    </arc>
    <arc id="id69" source="id39" target="id32" delay="0" weight="1">
      <points>
        <point x="204" y="197" />
        <point x="232" y="278" />
      </points>
    </arc>
    <arc id="id70" source="id31" target="id16" delay="0" weight="1">
      <points>
        <point x="141" y="298" />
        <point x="145" y="348" />
      </points>
    </arc>
    <arc id="id71" source="id32" target="id17" delay="0" weight="1">
      <points>
        <point x="232" y="298" />
        <point x="231" y="350" />
      </points>
    </arc>
    <arc id="id72" source="id32" target="id18" delay="0" weight="1">
      <points>
        <point x="282" y="298" />
        <point x="286" y="350" />
      </points>
    </arc>
    <arc id="id73" source="id33" target="id19" delay="0" weight="1">
      <points>
        <point x="349" y="297" />
        <point x="349" y="350" />
      </points>
    </arc>
    <arc id="id74" source="id33" target="id20" delay="0" weight="1">
      <points>
        <point x="390" y="297" />
        <point x="392" y="354" />
      </points>
    </arc>
    <arc id="id75" source="id34" target="id21" delay="0" weight="1">
      <points>
        <point x="469" y="299" />
        <point x="469" y="355" />
      </points>
    </arc>
    <arc id="id76" source="id34" target="id22" delay="0" weight="1">
      <points>
        <point x="502" y="299" />
        <point x="502" y="356" />
      </points>
    </arc>
    <arc id="id77" source="id35" target="id23" delay="0" weight="1">
      <points>
        <point x="573" y="300" />
        <point x="573" y="353" />
      </points>
    </arc>
    <arc id="id78" source="id35" target="id24" delay="0" weight="1">
      <points>
        <point x="613" y="300" />
        <point x="613" y="349" />
      </points>
    </arc>
    <arc id="id79" source="id36" target="id25" delay="0" weight="1">
      <points>
        <point x="682" y="301" />
        <point x="678" y="352" />
      </points>
    </arc>
    <arc id="id80" source="id36" target="id26" delay="0" weight="1">
      <points>
        <point x="714" y="301" />
        <point x="714" y="351" />
      </points>
    </arc>
    <arc id="id81" source="id37" target="id27" delay="0" weight="1">
      <points>
        <point x="796" y="300" />
        <point x="796" y="354" />
      </points>
    </arc>
    <arc id="id82" source="id37" target="id28" delay="0" weight="1">
      <points>
        <point x="840" y="300" />
        <point x="848" y="355" />
      </points>
    </arc>
    <arc id="id83" source="id38" target="id29" delay="0" weight="1">
      <points>
        <point x="923" y="300" />
        <point x="922" y="359" />
      </points>
    </arc>
    <arc id="id84" source="id29" target="id14" delay="0" weight="1">
      <points>
        <point x="935" y="385" />
        <point x="935" y="415" />
      </points>
    </arc>
    <arc id="id85" source="id28" target="id13" delay="0" weight="1">
      <points>
        <point x="841" y="382" />
        <point x="841" y="419" />
      </points>
    </arc>
    <arc id="id86" source="id27" target="id13" delay="0" weight="1">
      <points>
        <point x="805" y="382" />
        <point x="805" y="419" />
      </points>
    </arc>
    <arc id="id87" source="id26" target="id12" delay="0" weight="1">
      <points>
        <point x="712" y="380" />
        <point x="712" y="419" />
      </points>
    </arc>
    <arc id="id88" source="id25" target="id12" delay="0" weight="1">
      <points>
        <point x="688" y="379" />
        <point x="688" y="419" />
      </points>
    </arc>
    <arc id="id89" source="id24" target="id11" delay="0" weight="1">
      <points>
        <point x="608" y="378" />
        <point x="608" y="426" />
      </points>
    </arc>
    <arc id="id90" source="id23" target="id11" delay="0" weight="1">
      <points>
        <point x="581" y="382" />
        <point x="581" y="426" />
      </points>
    </arc>
    <arc id="id91" source="id22" target="id10" delay="0" weight="1">
      <points>
        <point x="500" y="385" />
        <point x="500" y="427" />
      </points>
    </arc>
    <arc id="id92" source="id21" target="id10" delay="0" weight="1">
      <points>
        <point x="478" y="383" />
        <point x="478" y="427" />
      </points>
    </arc>
    <arc id="id93" source="id20" target="id9" delay="0" weight="1">
      <points>
        <point x="385" y="382" />
        <point x="385" y="427" />
      </points>
    </arc>
    <arc id="id94" source="id19" target="id9" delay="0" weight="1">
      <points>
        <point x="355" y="379" />
        <point x="355" y="427" />
      </points>
    </arc>
    <arc id="id95" source="id18" target="id8" delay="0" weight="1">
      <points>
        <point x="279" y="377" />
        <point x="279" y="421" />
      </points>
    </arc>
    <arc id="id96" source="id17" target="id8" delay="0" weight="1">
      <points>
        <point x="241" y="377" />
        <point x="241" y="421" />
      </points>
    </arc>
    <arc id="id97" source="id16" target="id7" delay="0" weight="1">
      <points>
        <point x="135" y="375" />
        <point x="135" y="417" />
      </points>
    </arc>
    <arc id="id98" source="id8" target="id3" delay="0" weight="1">
      <points>
        <point x="236" y="441" />
        <point x="204" y="506" />
      </points>
    </arc>
    <arc id="id99" source="id9" target="id4" delay="0" weight="1">
      <points>
        <point x="394" y="447" />
        <point x="421" y="509" />
      </points>
    </arc>
    <arc id="id100" source="id10" target="id4" delay="0" weight="1">
      <points>
        <point x="471" y="447" />
        <point x="443" y="509" />
      </points>
    </arc>
    <arc id="id101" source="id11" target="id5" delay="0" weight="1">
      <points>
        <point x="623" y="446" />
        <point x="646" y="501" />
      </points>
    </arc>
    <arc id="id102" source="id12" target="id5" delay="0" weight="1">
      <points>
        <point x="683" y="439" />
        <point x="665" y="500" />
      </points>
    </arc>
    <arc id="id103" source="id13" target="id6" delay="0" weight="1">
      <points>
        <point x="847" y="439" />
        <point x="865" y="505" />
      </points>
    </arc>
    <arc id="id104" source="id5" target="id2" delay="0" weight="1">
      <points>
        <point x="675" y="523" />
        <point x="734" y="593" />
      </points>
    </arc>
    <arc id="id105" source="id4" target="id1" delay="0" weight="1">
      <points>
        <point x="410" y="528" />
        <point x="350" y="566" />
      </points>
    </arc>
  </page>
</petrinet>