﻿<?xml version="1.0" encoding="utf-8"?>
<petrinet name="Untitled">
  <page id="page0" name="page0">
    <place id="id0" name="p0" initialmarking="0" portdir="None" capacity="0">
      <location x="75" y="492" />
      <size width="50" height="30" />
    </place>
    <place id="id1" name="p1" initialmarking="0" portdir="None" capacity="0">
      <location x="198" y="330" />
      <size width="50" height="30" />
    </place>
    <place id="id2" name="p2" initialmarking="0" portdir="None" capacity="0">
      <location x="322" y="500" />
      <size width="50" height="30" />
    </place>
    <place id="id15" name="p3" initialmarking="0" portdir="None" capacity="0">
      <location x="361" y="139" />
      <size width="50" height="30" />
    </place>
    <place id="id16" name="p4" initialmarking="0" portdir="None" capacity="0">
      <location x="364" y="219" />
      <size width="50" height="30" />
    </place>
    <place id="id23" name="p5" initialmarking="0" portdir="None" capacity="0">
      <location x="526" y="375" />
      <size width="50" height="30" />
    </place>
    <place id="id24" name="p6" initialmarking="0" portdir="None" capacity="0">
      <location x="700" y="516" />
      <size width="50" height="30" />
    </place>
    <place id="id37" name="ep1" initialmarking="0" portdir="None" capacity="0">
      <location x="609" y="78" />
      <size width="50" height="30" />
    </place>
    <place id="id38" name="ep2" initialmarking="0" portdir="None" capacity="0">
      <location x="666" y="164" />
      <size width="50" height="30" />
    </place>
    <place id="id44" name="ep3" initialmarking="0" portdir="None" capacity="0">
      <location x="808" y="316" />
      <size width="50" height="30" />
    </place>
    <place id="id45" name="ep4" initialmarking="0" portdir="None" capacity="0">
      <location x="812" y="431" />
      <size width="50" height="30" />
    </place>
    <transition id="id3" name="t0" portdir="None">
      <location x="75" y="387" />
      <size width="50" height="20" />
    </transition>
    <transition id="id4" name="t2" portdir="None">
      <location x="324" y="388" />
      <size width="50" height="20" />
    </transition>
    <transition id="id5" name="t1" portdir="None">
      <location x="199" y="560" />
      <size width="50" height="20" />
    </transition>
    <transition id="id17" name="t3" portdir="None">
      <location x="196" y="177" />
      <size width="50" height="20" />
    </transition>
    <transition id="id18" name="t4" portdir="None">
      <location x="528" y="188" />
      <size width="50" height="20" />
    </transition>
    <transition id="id25" name="t6" portdir="None">
      <location x="699" y="376" />
      <size width="50" height="20" />
    </transition>
    <transition id="id26" name="t5" portdir="None">
      <location x="526" y="516" />
      <size width="50" height="20" />
    </transition>
    <transition id="id39" name="et0" portdir="None">
      <location x="747" y="61" />
      <size width="50" height="20" />
    </transition>
    <transition id="id46" name="et1" portdir="None">
      <location x="910" y="376" />
      <size width="50" height="20" />
    </transition>
    <transition id="id51" name="et2" portdir="None">
      <location x="808" y="169" />
      <size width="50" height="20" />
    </transition>
    <arc id="id6" source="id1" target="id3" delay="0" weight="1">
      <points>
        <point x="176" y="336" />
        <point x="100" y="377" />
      </points>
    </arc>
    <arc id="id7" source="id3" target="id0" delay="0" weight="1">
      <points>
        <point x="75" y="397" />
        <point x="75" y="477" />
      </points>
    </arc>
    <arc id="id8" source="id0" target="id5" delay="0" weight="1">
      <points>
        <point x="96" y="499" />
        <point x="174" y="550" />
      </points>
    </arc>
    <arc id="id9" source="id5" target="id2" delay="0" weight="1">
      <points>
        <point x="224" y="550" />
        <point x="300" y="506" />
      </points>
    </arc>
    <arc id="id10" source="id2" target="id4" delay="0" weight="1">
      <points>
        <point x="322" y="486" />
        <point x="322" y="398" />
      </points>
    </arc>
    <arc id="id11" source="id4" target="id1" delay="0" weight="1">
      <points>
        <point x="299" y="378" />
        <point x="220" y="336" />
      </points>
    </arc>
    <arc id="id12" source="id4" target="id0" delay="0" weight="1">
      <points>
        <point x="299" y="398" />
        <point x="98" y="487" />
      </points>
    </arc>
    <arc id="id13" source="id3" target="id2" delay="0" weight="1">
      <points>
        <point x="100" y="397" />
        <point x="300" y="494" />
      </points>
    </arc>
    <arc id="id14" source="id5" target="id1" delay="0" weight="1">
      <points>
        <point x="198" y="550" />
        <point x="198" y="345" />
      </points>
    </arc>
    <arc id="id19" source="id15" target="id17" delay="0" weight="1">
      <points>
        <point x="337" y="142" />
        <point x="221" y="167" />
      </points>
    </arc>
    <arc id="id20" source="id17" target="id16" delay="0" weight="1">
      <points>
        <point x="221" y="187" />
        <point x="340" y="216" />
      </points>
    </arc>
    <arc id="id21" source="id16" target="id18" delay="0" weight="1">
      <points>
        <point x="388" y="217" />
        <point x="503" y="198" />
      </points>
    </arc>
    <arc id="id22" source="id18" target="id15" delay="0" weight="1">
      <points>
        <point x="503" y="178" />
        <point x="385" y="142" />
      </points>
    </arc>
    <arc id="id27" source="id25" target="id23" delay="0" weight="1">
      <points>
        <point x="674" y="375" />
        <point x="551" y="375" />
      </points>
    </arc>
    <arc id="id28" source="id23" target="id26" delay="0" weight="1">
      <points>
        <point x="526" y="390" />
        <point x="526" y="506" />
      </points>
    </arc>
    <arc id="id29" source="id26" target="id24" delay="0" weight="1">
      <points>
        <point x="551" y="516" />
        <point x="675" y="516" />
      </points>
    </arc>
    <arc id="id30" source="id24" target="id25" delay="0" weight="1">
      <points>
        <point x="700" y="502" />
        <point x="700" y="386" />
      </points>
    </arc>
    <arc id="id31" source="id26" target="id23" delay="0" weight="1">
      <points>
        <point x="526" y="506" />
        <point x="526" y="390" />
      </points>
    </arc>
    <arc id="id32" source="id25" target="id24" delay="0" weight="1">
      <points>
        <point x="700" y="386" />
        <point x="700" y="501" />
      </points>
    </arc>
    <arc id="id33" source="id24" target="id26" delay="0" weight="1">
      <points>
        <point x="675" y="516" />
        <point x="551" y="516" />
      </points>
    </arc>
    <arc id="id34" source="id23" target="id25" delay="0" weight="1">
      <points>
        <point x="550" y="375" />
        <point x="674" y="375" />
      </points>
    </arc>
    <arc id="id35" source="id18" target="id23" delay="0" weight="1">
      <points>
        <point x="526" y="198" />
        <point x="526" y="360" />
      </points>
    </arc>
    <arc id="id36" source="id17" target="id1" delay="0" weight="1">
      <points>
        <point x="198" y="187" />
        <point x="198" y="315" />
      </points>
    </arc>
    <arc id="id40" source="id39" target="id37" delay="0" weight="1">
      <points>
        <point x="722" y="71" />
        <point x="633" y="78" />
      </points>
    </arc>
    <arc id="id41" source="id37" target="id18" delay="0" weight="1">
      <points>
        <point x="595" y="90" />
        <point x="553" y="178" />
      </points>
    </arc>
    <arc id="id42" source="id39" target="id38" delay="0" weight="1">
      <points>
        <point x="722" y="71" />
        <point x="678" y="152" />
      </points>
    </arc>
    <arc id="id43" source="id38" target="id18" delay="0" weight="1">
      <points>
        <point x="642" y="166" />
        <point x="553" y="178" />
      </points>
    </arc>
    <arc id="id47" source="id25" target="id44" delay="0" weight="1">
      <points>
        <point x="724" y="366" />
        <point x="787" y="323" />
      </points>
    </arc>
    <arc id="id48" source="id44" target="id46" delay="0" weight="1">
      <points>
        <point x="829" y="323" />
        <point x="885" y="366" />
      </points>
    </arc>
    <arc id="id49" source="id25" target="id45" delay="0" weight="1">
      <points>
        <point x="724" y="386" />
        <point x="790" y="425" />
      </points>
    </arc>
    <arc id="id50" source="id45" target="id46" delay="0" weight="1">
      <points>
        <point x="833" y="424" />
        <point x="885" y="386" />
      </points>
    </arc>
    <arc id="id52" source="id38" target="id51" delay="0" weight="1">
      <points>
        <point x="690" y="164" />
        <point x="783" y="164" />
      </points>
    </arc>
    <arc id="id53" source="id44" target="id51" delay="0" weight="1">
      <points>
        <point x="808" y="301" />
        <point x="808" y="179" />
      </points>
    </arc>
  </page>
</petrinet>