﻿<?xml version="1.0" encoding="utf-8"?>
<petrinet name="Untitled">
  <page id="page0" name="page0">
    <place id="id0" name="p0" initialmarking="0" portdir="None" capacity="0">
      <location x="484" y="66" />
      <size width="50" height="30" />
    </place>
    <place id="id1" name="p1" initialmarking="0" portdir="None" capacity="0">
      <location x="304" y="333" />
      <size width="50" height="30" />
    </place>
    <place id="id2" name="p2" initialmarking="0" portdir="None" capacity="0">
      <location x="664" y="336" />
      <size width="50" height="30" />
    </place>
    <place id="id18" name="p3" initialmarking="0" portdir="None" capacity="0">
      <location x="481" y="244" />
      <size width="50" height="30" />
    </place>
    <place id="id25" name="p4" initialmarking="0" portdir="None" capacity="0">
      <location x="123" y="63" />
      <size width="50" height="30" />
    </place>
    <place id="id26" name="p5" initialmarking="0" portdir="None" capacity="0">
      <location x="120" y="249" />
      <size width="50" height="30" />
    </place>
    <place id="id27" name="p6" initialmarking="0" portdir="None" capacity="0">
      <location x="-51" y="334" />
      <size width="50" height="30" />
    </place>
    <transition id="id3" name="t2" portdir="None">
      <location x="302" y="152" />
      <size width="50" height="20" />
    </transition>
    <transition id="id4" name="t0" portdir="None">
      <location x="664" y="156" />
      <size width="50" height="20" />
    </transition>
    <transition id="id5" name="t1" portdir="None">
      <location x="481" y="437" />
      <size width="50" height="20" />
    </transition>
    <transition id="id28" name="t3" portdir="None">
      <location x="-46" y="158" />
      <size width="50" height="20" />
    </transition>
    <transition id="id29" name="t4" portdir="None">
      <location x="127" y="441" />
      <size width="50" height="20" />
    </transition>
    <arc id="id6" source="id0" target="id3" delay="0" weight="1">
      <points>
        <point x="462" y="72" />
        <point x="327" y="142" />
      </points>
    </arc>
    <arc id="id7" source="id3" target="id1" delay="0" weight="1">
      <points>
        <point x="304" y="162" />
        <point x="304" y="318" />
      </points>
    </arc>
    <arc id="id8" source="id1" target="id5" delay="0" weight="1">
      <points>
        <point x="325" y="340" />
        <point x="456" y="427" />
      </points>
    </arc>
    <arc id="id9" source="id5" target="id2" delay="0" weight="1">
      <points>
        <point x="506" y="427" />
        <point x="643" y="343" />
      </points>
    </arc>
    <arc id="id10" source="id2" target="id4" delay="0" weight="1">
      <points>
        <point x="664" y="321" />
        <point x="664" y="166" />
      </points>
    </arc>
    <arc id="id11" source="id4" target="id0" delay="0" weight="1">
      <points>
        <point x="639" y="146" />
        <point x="506" y="72" />
      </points>
    </arc>
    <arc id="id12" source="id3" target="id0" delay="0" weight="1">
      <points>
        <point x="327" y="142" />
        <point x="462" y="72" />
      </points>
    </arc>
    <arc id="id13" source="id0" target="id4" delay="0" weight="1">
      <points>
        <point x="506" y="72" />
        <point x="639" y="146" />
      </points>
    </arc>
    <arc id="id14" source="id4" target="id2" delay="0" weight="1">
      <points>
        <point x="664" y="166" />
        <point x="664" y="321" />
      </points>
    </arc>
    <arc id="id15" source="id2" target="id5" delay="0" weight="1">
      <points>
        <point x="643" y="343" />
        <point x="506" y="427" />
      </points>
    </arc>
    <arc id="id16" source="id5" target="id1" delay="0" weight="1">
      <points>
        <point x="456" y="427" />
        <point x="325" y="340" />
      </points>
    </arc>
    <arc id="id17" source="id1" target="id3" delay="0" weight="1">
      <points>
        <point x="304" y="319" />
        <point x="304" y="162" />
      </points>
    </arc>
    <arc id="id19" source="id3" target="id18" delay="0" weight="1">
      <points>
        <point x="327" y="162" />
        <point x="459" y="237" />
      </points>
    </arc>
    <arc id="id20" source="id18" target="id4" delay="0" weight="1">
      <points>
        <point x="503" y="238" />
        <point x="639" y="166" />
      </points>
    </arc>
    <arc id="id21" source="id18" target="id5" delay="0" weight="1">
      <points>
        <point x="481" y="259" />
        <point x="481" y="427" />
      </points>
    </arc>
    <arc id="id22" source="id5" target="id18" delay="0" weight="1">
      <points>
        <point x="481" y="427" />
        <point x="481" y="259" />
      </points>
    </arc>
    <arc id="id23" source="id4" target="id18" delay="0" weight="1">
      <points>
        <point x="639" y="166" />
        <point x="503" y="238" />
      </points>
    </arc>
    <arc id="id24" source="id18" target="id3" delay="0" weight="1">
      <points>
        <point x="459" y="238" />
        <point x="327" y="162" />
      </points>
    </arc>
    <arc id="id30" source="id28" target="id25" delay="0" weight="1">
      <points>
        <point x="-21" y="148" />
        <point x="102" y="70" />
      </points>
    </arc>
    <arc id="id31" source="id25" target="id3" delay="0" weight="1">
      <points>
        <point x="145" y="69" />
        <point x="277" y="142" />
      </points>
    </arc>
    <arc id="id32" source="id28" target="id26" delay="0" weight="1">
      <points>
        <point x="-21" y="168" />
        <point x="99" y="242" />
      </points>
    </arc>
    <arc id="id33" source="id26" target="id3" delay="0" weight="1">
      <points>
        <point x="142" y="242" />
        <point x="277" y="162" />
      </points>
    </arc>
    <arc id="id34" source="id26" target="id29" delay="0" weight="1">
      <points>
        <point x="120" y="263" />
        <point x="120" y="431" />
      </points>
    </arc>
    <arc id="id35" source="id28" target="id27" delay="0" weight="1">
      <points>
        <point x="-51" y="168" />
        <point x="-51" y="319" />
      </points>
    </arc>
    <arc id="id36" source="id27" target="id29" delay="0" weight="1">
      <points>
        <point x="-30" y="341" />
        <point x="102" y="431" />
      </points>
    </arc>
    <arc id="id37" source="id29" target="id1" delay="0" weight="1">
      <points>
        <point x="152" y="431" />
        <point x="283" y="341" />
      </points>
    </arc>
  </page>
</petrinet>