﻿<?xml version="1.0" encoding="utf-8"?>
<petrinet name="Untitled">
  <page id="page0" name="page0">
    <place id="id0" name="e1" initialmarking="0" portdir="None" capacity="0">
      <location x="393" y="162" />
      <size width="50" height="30" />
    </place>
    <place id="id1" name="e2" initialmarking="0" portdir="None" capacity="0">
      <location x="580" y="165" />
      <size width="50" height="30" />
    </place>
    <place id="id5" name="p5" initialmarking="0" portdir="None" capacity="0">
      <location x="394" y="301" />
      <size width="50" height="30" />
    </place>
    <place id="id6" name="p6" initialmarking="0" portdir="None" capacity="0">
      <location x="581" y="298" />
      <size width="50" height="30" />
    </place>
    <place id="id16" name="p16" initialmarking="0" portdir="None" capacity="0">
      <location x="491" y="407" />
      <size width="50" height="30" />
    </place>
    <place id="id19" name="e4" initialmarking="0" portdir="None" capacity="0">
      <location x="492" y="553" />
      <size width="50" height="30" />
    </place>
    <place id="id26" name="e7" initialmarking="0" portdir="None" capacity="0">
      <location x="255" y="371" />
      <size width="50" height="30" />
    </place>
    <place id="id32" name="e9" initialmarking="0" portdir="None" capacity="0">
      <location x="726" y="552" />
      <size width="50" height="30" />
    </place>
    <transition id="id2" name="e3" portdir="None">
      <location x="488" y="238" />
      <size width="50" height="20" />
    </transition>
    <transition id="id9" name="t9" portdir="None">
      <location x="492" y="375" />
      <size width="50" height="20" />
    </transition>
    <transition id="id12" name="t12" portdir="None">
      <location x="397" y="499" />
      <size width="50" height="20" />
    </transition>
    <transition id="id13" name="t13" portdir="None">
      <location x="583" y="499" />
      <size width="50" height="20" />
    </transition>
    <transition id="id20" name="e5" portdir="None">
      <location x="398" y="630" />
      <size width="50" height="20" />
    </transition>
    <transition id="id21" name="e6" portdir="None">
      <location x="590" y="629" />
      <size width="50" height="20" />
    </transition>
    <transition id="id27" name="e8" portdir="None">
      <location x="736" y="412" />
      <size width="50" height="20" />
    </transition>
    <transition id="id33" name="e10" portdir="None">
      <location x="272" y="236" />
      <size width="50" height="20" />
    </transition>
    <arc id="id3" source="id0" target="id2" delay="0" weight="1">
      <points>
        <point x="412" y="171" />
        <point x="463" y="228" />
      </points>
    </arc>
    <arc id="id4" source="id1" target="id2" delay="0" weight="1">
      <points>
        <point x="561" y="174" />
        <point x="513" y="228" />
      </points>
    </arc>
    <arc id="id7" source="id2" target="id5" delay="0" weight="1">
      <points>
        <point x="463" y="248" />
        <point x="413" y="292" />
      </points>
    </arc>
    <arc id="id8" source="id2" target="id6" delay="0" weight="1">
      <points>
        <point x="513" y="248" />
        <point x="561" y="290" />
      </points>
    </arc>
    <arc id="id10" source="id9" target="id5" delay="0" weight="1">
      <points>
        <point x="467" y="365" />
        <point x="412" y="310" />
      </points>
    </arc>
    <arc id="id11" source="id6" target="id9" delay="0" weight="1">
      <points>
        <point x="563" y="307" />
        <point x="517" y="365" />
      </points>
    </arc>
    <arc id="id14" source="id5" target="id12" delay="0" weight="1">
      <points>
        <point x="394" y="315" />
        <point x="394" y="489" />
      </points>
    </arc>
    <arc id="id17" source="id12" target="id16" delay="0" weight="1">
      <points>
        <point x="422" y="489" />
        <point x="475" y="418" />
      </points>
    </arc>
    <arc id="id18" source="id16" target="id13" delay="0" weight="1">
      <points>
        <point x="508" y="417" />
        <point x="558" y="489" />
      </points>
    </arc>
    <arc id="id15" source="id13" target="id6" delay="0" weight="1">
      <points>
        <point x="581" y="489" />
        <point x="581" y="313" />
      </points>
    </arc>
    <arc id="id22" source="id19" target="id12" delay="0" weight="1">
      <points>
        <point x="471" y="546" />
        <point x="422" y="509" />
      </points>
    </arc>
    <arc id="id23" source="id19" target="id13" delay="0" weight="1">
      <points>
        <point x="513" y="546" />
        <point x="558" y="509" />
      </points>
    </arc>
    <arc id="id24" source="id20" target="id19" delay="0" weight="1">
      <points>
        <point x="423" y="620" />
        <point x="475" y="563" />
      </points>
    </arc>
    <arc id="id25" source="id21" target="id19" delay="0" weight="1">
      <points>
        <point x="565" y="619" />
        <point x="510" y="563" />
      </points>
    </arc>
    <arc id="id28" source="id9" target="id26" delay="0" weight="1">
      <points>
        <point x="467" y="371" />
        <point x="280" y="371" />
      </points>
    </arc>
    <arc id="id29" source="id12" target="id26" delay="0" weight="1">
      <points>
        <point x="372" y="489" />
        <point x="272" y="381" />
      </points>
    </arc>
    <arc id="id30" source="id16" target="id27" delay="0" weight="1">
      <points>
        <point x="515" y="407" />
        <point x="711" y="407" />
      </points>
    </arc>
    <arc id="id31" source="id6" target="id27" delay="0" weight="1">
      <points>
        <point x="601" y="306" />
        <point x="711" y="402" />
      </points>
    </arc>
    <arc id="id34" source="id5" target="id33" delay="0" weight="1">
      <points>
        <point x="372" y="294" />
        <point x="297" y="246" />
      </points>
    </arc>
    <arc id="id35" source="id26" target="id33" delay="0" weight="1">
      <points>
        <point x="258" y="357" />
        <point x="258" y="246" />
      </points>
    </arc>
    <arc id="id36" source="id13" target="id32" delay="0" weight="1">
      <points>
        <point x="608" y="509" />
        <point x="703" y="547" />
      </points>
    </arc>
    <arc id="id37" source="id27" target="id32" delay="0" weight="1">
      <points>
        <point x="726" y="422" />
        <point x="726" y="537" />
      </points>
    </arc>
  </page>
</petrinet>