﻿<?xml version="1.0" encoding="utf-8"?>
<petrinet name="Untitled">
  <page id="page0" name="page0">
    <place id="id0" name="LoopPlace0" initialmarking="0" portdir="None" capacity="0">
      <location x="721" y="203" />
      <size width="100" height="30" />
    </place>
    <place id="id3" name="LoopPlace1" initialmarking="0" portdir="None" capacity="0">
      <location x="721" y="420" />
      <size width="100" height="30" />
    </place>
    <place id="id8" name="SourceSourcePlace" initialmarking="0" portdir="None" capacity="0">
      <location x="978" y="376" />
      <size width="120" height="30" />
    </place>
    <place id="id9" name="TargetSinkPlace" initialmarking="0" portdir="None" capacity="0">
      <location x="495" y="252" />
      <size width="120" height="30" />
    </place>
    <place id="id17" name="SourcePlace" initialmarking="0" portdir="None" capacity="0">
      <location x="972" y="113" />
      <size width="100" height="30" />
    </place>
    <place id="id18" name="SinkPlace" initialmarking="0" portdir="None" capacity="0">
      <location x="480" y="523" />
      <size width="100" height="30" />
    </place>
    <transition id="id1" name="LoopTransition0" portdir="None">
      <location x="593" y="313" />
      <size width="100" height="30" />
    </transition>
    <transition id="id2" name="LoopTransiton1" portdir="None">
      <location x="860" y="315" />
      <size width="100" height="30" />
    </transition>
    <transition id="id10" name="SourceSourceTransition" portdir="None">
      <location x="807" y="115" />
      <size width="130" height="30" />
    </transition>
    <transition id="id11" name="TargetSinkTransiton" portdir="None">
      <location x="643" y="522" />
      <size width="130" height="30" />
    </transition>
    <transition id="id16" name="SourceTransiton" portdir="None">
      <location x="972" y="526" />
      <size width="100" height="30" />
    </transition>
    <transition id="id19" name="SinkTransiton" portdir="None">
      <location x="496" y="115" />
      <size width="100" height="30" />
    </transition>
    <arc id="id4" source="id0" target="id1" delay="0" weight="1">
      <points>
        <point x="684" y="212" />
        <point x="643" y="298" />
      </points>
    </arc>
    <arc id="id5" source="id1" target="id3" delay="0" weight="1">
      <points>
        <point x="643" y="328" />
        <point x="689" y="409" />
      </points>
    </arc>
    <arc id="id6" source="id3" target="id2" delay="0" weight="1">
      <points>
        <point x="760" y="411" />
        <point x="810" y="330" />
      </points>
    </arc>
    <arc id="id7" source="id2" target="id0" delay="0" weight="1">
      <points>
        <point x="810" y="300" />
        <point x="754" y="214" />
      </points>
    </arc>
    <arc id="id12" source="id10" target="id0" delay="0" weight="1">
      <points>
        <point x="742" y="130" />
        <point x="734" y="189" />
      </points>
    </arc>
    <arc id="id13" source="id8" target="id2" delay="0" weight="1">
      <points>
        <point x="925" y="370" />
        <point x="910" y="330" />
      </points>
    </arc>
    <arc id="id14" source="id3" target="id11" delay="0" weight="1">
      <points>
        <point x="691" y="431" />
        <point x="691" y="507" />
      </points>
    </arc>
    <arc id="id15" source="id1" target="id9" delay="0" weight="1">
      <points>
        <point x="543" y="298" />
        <point x="538" y="262" />
      </points>
    </arc>
    <arc id="id20" source="id17" target="id10" delay="0" weight="1">
      <points>
        <point x="923" y="113" />
        <point x="872" y="113" />
      </points>
    </arc>
    <arc id="id21" source="id16" target="id8" delay="0" weight="1">
      <points>
        <point x="978" y="511" />
        <point x="978" y="391" />
      </points>
    </arc>
    <arc id="id22" source="id9" target="id19" delay="0" weight="1">
      <points>
        <point x="495" y="238" />
        <point x="495" y="130" />
      </points>
    </arc>
    <arc id="id23" source="id11" target="id18" delay="0" weight="1">
      <points>
        <point x="578" y="523" />
        <point x="530" y="523" />
      </points>
    </arc>
  </page>
</petrinet>