﻿<?xml version="1.0" encoding="utf-8"?>
<petrinet name="Untitled">
  <page id="page0" name="page0">
    <place id="id0" name="p0" initialmarking="0" portdir="None" capacity="0">
      <location x="306" y="100" />
      <size width="50" height="30" />
    </place>
    <place id="id1" name="p1" initialmarking="0" portdir="None" capacity="0">
      <location x="119" y="249" />
      <size width="50" height="30" />
    </place>
    <place id="id2" name="p2" initialmarking="0" portdir="None" capacity="0">
      <location x="487" y="253" />
      <size width="50" height="30" />
    </place>
    <place id="id3" name="p3" initialmarking="0" portdir="None" capacity="0">
      <location x="313" y="408" />
      <size width="50" height="30" />
    </place>
    <transition id="id4" name="t4" portdir="None">
      <location x="118" y="99" />
      <size width="50" height="20" />
    </transition>
    <transition id="id5" name="t5" portdir="None">
      <location x="311" y="250" />
      <size width="50" height="20" />
    </transition>
    <transition id="id10" name="t10" portdir="None">
      <location x="493" y="416" />
      <size width="50" height="20" />
    </transition>
    <arc id="id6" source="id4" target="id1" delay="0" weight="1">
      <points>
        <point x="119" y="109" />
        <point x="119" y="234" />
      </points>
    </arc>
    <arc id="id7" source="id1" target="id5" delay="0" weight="1">
      <points>
        <point x="143" y="249" />
        <point x="286" y="249" />
      </points>
    </arc>
    <arc id="id8" source="id5" target="id0" delay="0" weight="1">
      <points>
        <point x="306" y="240" />
        <point x="306" y="115" />
      </points>
    </arc>
    <arc id="id9" source="id0" target="id4" delay="0" weight="1">
      <points>
        <point x="282" y="100" />
        <point x="143" y="100" />
      </points>
    </arc>
    <arc id="id11" source="id5" target="id2" delay="0" weight="1">
      <points>
        <point x="336" y="253" />
        <point x="462" y="253" />
      </points>
    </arc>
    <arc id="id12" source="id2" target="id10" delay="0" weight="1">
      <points>
        <point x="487" y="267" />
        <point x="487" y="406" />
      </points>
    </arc>
    <arc id="id13" source="id10" target="id3" delay="0" weight="1">
      <points>
        <point x="468" y="408" />
        <point x="338" y="408" />
      </points>
    </arc>
    <arc id="id14" source="id3" target="id5" delay="0" weight="1">
      <points>
        <point x="313" y="394" />
        <point x="313" y="260" />
      </points>
    </arc>
  </page>
</petrinet>