﻿<?xml version="1.0" encoding="utf-8"?>
<petrinet name="Untitled">
  <page id="page0" name="page0">
    <place id="id0" name="p0" initialmarking="0" portdir="None" capacity="0">
      <location x="316" y="150" />
      <size width="50" height="30" />
    </place>
    <place id="id1" name="p1" initialmarking="0" portdir="None" capacity="0">
      <location x="321" y="289" />
      <size width="50" height="30" />
    </place>
    <place id="id16" name="p16" initialmarking="0" portdir="None" capacity="0">
      <location x="92" y="135" />
      <size width="50" height="30" />
    </place>
    <place id="id17" name="p17" initialmarking="0" portdir="None" capacity="0">
      <location x="93" y="300" />
      <size width="50" height="30" />
    </place>
    <transition id="id2" name="t2" portdir="None">
      <location x="520" y="218" />
      <size width="50" height="20" />
    </transition>
    <transition id="id3" name="t3" portdir="None">
      <location x="212" y="218" />
      <size width="50" height="20" />
    </transition>
    <transition id="id8" name="t8" portdir="None">
      <location x="216" y="71" />
      <size width="50" height="20" />
    </transition>
    <transition id="id9" name="t9" portdir="None">
      <location x="213" y="370" />
      <size width="50" height="20" />
    </transition>
    <transition id="id12" name="t12" portdir="None">
      <location x="402" y="72" />
      <size width="50" height="20" />
    </transition>
    <transition id="id13" name="t13" portdir="None">
      <location x="406" y="379" />
      <size width="50" height="20" />
    </transition>
    <arc id="id4" source="id3" target="id0" delay="0" weight="1">
      <points>
        <point x="237" y="208" />
        <point x="296" y="158" />
      </points>
    </arc>
    <arc id="id5" source="id0" target="id2" delay="0" weight="1">
      <points>
        <point x="339" y="154" />
        <point x="495" y="208" />
      </points>
    </arc>
    <arc id="id6" source="id3" target="id1" delay="0" weight="1">
      <points>
        <point x="237" y="228" />
        <point x="301" y="281" />
      </points>
    </arc>
    <arc id="id7" source="id1" target="id2" delay="0" weight="1">
      <points>
        <point x="344" y="284" />
        <point x="495" y="228" />
      </points>
    </arc>
    <arc id="id10" source="id8" target="id0" delay="0" weight="1">
      <points>
        <point x="241" y="81" />
        <point x="298" y="140" />
      </points>
    </arc>
    <arc id="id11" source="id9" target="id1" delay="0" weight="1">
      <points>
        <point x="238" y="360" />
        <point x="303" y="298" />
      </points>
    </arc>
    <arc id="id14" source="id1" target="id13" delay="0" weight="1">
      <points>
        <point x="338" y="299" />
        <point x="381" y="369" />
      </points>
    </arc>
    <arc id="id15" source="id0" target="id12" delay="0" weight="1">
      <points>
        <point x="334" y="140" />
        <point x="377" y="82" />
      </points>
    </arc>
    <arc id="id18" source="id9" target="id17" delay="0" weight="1">
      <points>
        <point x="188" y="360" />
        <point x="114" y="308" />
      </points>
    </arc>
    <arc id="id19" source="id16" target="id8" delay="0" weight="1">
      <points>
        <point x="114" y="129" />
        <point x="191" y="81" />
      </points>
    </arc>
  </page>
</petrinet>