﻿<?xml version="1.0" encoding="utf-8"?>
<petrinet name="Untitled">
  <page id="page0" name="page0">
    <place id="id0" name="p0" initialmarking="0" portdir="None" capacity="0">
      <location x="322" y="108" />
      <size width="50" height="30" />
    </place>
    <place id="id1" name="p1" initialmarking="0" portdir="None" capacity="0">
      <location x="321" y="336" />
      <size width="50" height="30" />
    </place>
    <place id="id10" name="p2" initialmarking="0" portdir="None" capacity="0">
      <location x="144" y="33" />
      <size width="50" height="30" />
    </place>
    <transition id="id2" name="t1" portdir="None">
      <location x="148" y="219" />
      <size width="50" height="20" />
    </transition>
    <transition id="id3" name="t0" portdir="None">
      <location x="504" y="228" />
      <size width="50" height="20" />
    </transition>
    <transition id="id8" name="t2" portdir="None">
      <location x="321" y="481" />
      <size width="50" height="20" />
    </transition>
    <arc id="id4" source="id2" target="id0" delay="0" weight="1">
      <points>
        <point x="173" y="209" />
        <point x="302" y="116" />
      </points>
    </arc>
    <arc id="id5" source="id0" target="id3" delay="0" weight="1">
      <points>
        <point x="342" y="116" />
        <point x="479" y="218" />
      </points>
    </arc>
    <arc id="id6" source="id3" target="id1" delay="0" weight="1">
      <points>
        <point x="479" y="238" />
        <point x="342" y="329" />
      </points>
    </arc>
    <arc id="id7" source="id1" target="id2" delay="0" weight="1">
      <points>
        <point x="301" y="328" />
        <point x="173" y="229" />
      </points>
    </arc>
    <arc id="id9" source="id8" target="id1" delay="0" weight="1">
      <points>
        <point x="321" y="471" />
        <point x="321" y="351" />
      </points>
    </arc>
    <arc id="id11" source="id2" target="id10" delay="0" weight="1">
      <points>
        <point x="144" y="209" />
        <point x="144" y="48" />
      </points>
    </arc>
  </page>
</petrinet>