﻿<?xml version="1.0" encoding="utf-8"?>
<petrinet name="Untitled">
  <page id="page0" name="page0">
    <place id="id0" name="p0" initialmarking="0" portdir="None" capacity="0">
      <location x="244" y="153" />
      <size width="50" height="30" />
    </place>
    <place id="id1" name="p1" initialmarking="0" portdir="None" capacity="0">
      <location x="244" y="455" />
      <size width="50" height="30" />
    </place>
    <place id="id9" name="p9" initialmarking="0" portdir="None" capacity="0">
      <location x="476" y="159" />
      <size width="50" height="30" />
    </place>
    <place id="id12" name="p12" initialmarking="0" portdir="None" capacity="0">
      <location x="484" y="463" />
      <size width="50" height="30" />
    </place>
    <transition id="id2" name="t2" portdir="None">
      <location x="99" y="293" />
      <size width="50" height="20" />
    </transition>
    <transition id="id3" name="t3" portdir="None">
      <location x="366" y="300" />
      <size width="50" height="20" />
    </transition>
    <transition id="id7" name="t7" portdir="None">
      <location x="366" y="13" />
      <size width="50" height="20" />
    </transition>
    <arc id="id4" source="id0" target="id2" delay="0" weight="1">
      <points>
        <point x="227" y="163" />
        <point x="124" y="283" />
      </points>
    </arc>
    <arc id="id5" source="id2" target="id1" delay="0" weight="1">
      <points>
        <point x="124" y="303" />
        <point x="229" y="444" />
      </points>
    </arc>
    <arc id="id6" source="id0" target="id3" delay="0" weight="1">
      <points>
        <point x="259" y="164" />
        <point x="341" y="290" />
      </points>
    </arc>
    <arc id="id8" source="id7" target="id0" delay="0" weight="1">
      <points>
        <point x="341" y="23" />
        <point x="258" y="141" />
      </points>
    </arc>
    <arc id="id10" source="id3" target="id9" delay="0" weight="1">
      <points>
        <point x="391" y="290" />
        <point x="463" y="171" />
      </points>
    </arc>
    <arc id="id11" source="id9" target="id7" delay="0" weight="1">
      <points>
        <point x="461" y="148" />
        <point x="391" y="23" />
      </points>
    </arc>
    <arc id="id13" source="id12" target="id3" delay="0" weight="1">
      <points>
        <point x="470" y="451" />
        <point x="391" y="310" />
      </points>
    </arc>
  </page>
</petrinet>