﻿<?xml version="1.0" encoding="utf-8"?>
<petrinet name="Untitled">
  <page id="page0" name="page0">
    <place id="id0" name="p0" initialmarking="0" portdir="None" capacity="0">
      <location x="364" y="128" />
      <size width="50" height="30" />
    </place>
    <place id="id1" name="p1" initialmarking="0" portdir="None" capacity="0">
      <location x="364" y="358" />
      <size width="50" height="30" />
    </place>
    <transition id="id2" name="t2" portdir="None">
      <location x="101" y="235" />
      <size width="50" height="20" />
    </transition>
    <transition id="id3" name="t3" portdir="None">
      <location x="282" y="242" />
      <size width="50" height="20" />
    </transition>
    <transition id="id4" name="t4" portdir="None">
      <location x="446" y="243" />
      <size width="50" height="20" />
    </transition>
    <arc id="id5" source="id0" target="id4" delay="0" weight="1">
      <points>
        <point x="378" y="140" />
        <point x="421" y="233" />
      </points>
    </arc>
    <arc id="id6" source="id4" target="id1" delay="0" weight="1">
      <points>
        <point x="421" y="253" />
        <point x="375" y="345" />
      </points>
    </arc>
    <arc id="id7" source="id1" target="id2" delay="0" weight="1">
      <points>
        <point x="342" y="352" />
        <point x="126" y="245" />
      </points>
    </arc>
    <arc id="id8" source="id2" target="id0" delay="0" weight="1">
      <points>
        <point x="126" y="225" />
        <point x="341" y="133" />
      </points>
    </arc>
    <arc id="id9" source="id0" target="id3" delay="0" weight="1">
      <points>
        <point x="350" y="140" />
        <point x="307" y="232" />
      </points>
    </arc>
    <arc id="id10" source="id3" target="id1" delay="0" weight="1">
      <points>
        <point x="307" y="252" />
        <point x="353" y="345" />
      </points>
    </arc>
  </page>
</petrinet>