﻿<?xml version="1.0" encoding="utf-8"?>
<petrinet name="">
  <page id="main.page0" name="main.page0">
    <place id="id34" name="p" initialmarking="1" portdir="In">
      <location x="256" y="676" />
      <size width="60" height="30" />
    </place>
    <place id="id8" name="p" initialmarking="1" portdir="In">
      <location x="251" y="458" />
      <size width="60" height="30" />
    </place>
    <place id="id32" name="p" initialmarking="0" portdir="None">
      <location x="74" y="293" />
      <size width="60" height="30" />
    </place>
    <place id="id33" name="p" initialmarking="0" portdir="None">
      <location x="79" y="883" />
      <size width="60" height="30" />
    </place>
    <place id="id3" name="p" initialmarking="0" portdir="None">
      <location x="440" y="677" />
      <size width="60" height="30" />
    </place>
    <place id="id16" name="p" initialmarking="0" portdir="None">
      <location x="433" y="468" />
      <size width="60" height="30" />
    </place>
    <place id="id45" name="p" initialmarking="0" portdir="None">
      <location x="419" y="293" />
      <size width="60" height="30" />
    </place>
    <place id="id46" name="p" initialmarking="0" portdir="None">
      <location x="445" y="878" />
      <size width="60" height="30" />
    </place>
    <place id="id68" name="p" initialmarking="0" portdir="None">
      <location x="73" y="686" />
      <size width="60" height="30" />
    </place>
    <place id="id69" name="p" initialmarking="0" portdir="None">
      <location x="73" y="465" />
      <size width="60" height="30" />
    </place>
    <transition id="id1" name="t" portdir="None">
      <location x="278" y="766" />
      <size width="50" height="20" />
    </transition>
    <transition id="id9" name="t" portdir="None">
      <location x="255" y="390" />
      <size width="50" height="20" />
    </transition>
    <transition id="id14" name="t" portdir="None">
      <location x="441" y="571" />
      <size width="50" height="20" />
    </transition>
    <transition id="id15" name="t" portdir="Out">
      <location x="79" y="558" />
      <size width="50" height="20" />
    </transition>
    <transition id="id35" name="t" portdir="None">
      <location x="242" y="291" />
      <size width="50" height="20" />
    </transition>
    <transition id="id56" name="t" portdir="None">
      <location x="274" y="877" />
      <size width="50" height="20" />
    </transition>
    <transition id="id57" name="t" portdir="None">
      <location x="451" y="763" />
      <size width="50" height="20" />
    </transition>
    <transition id="id59" name="t" portdir="None">
      <location x="419" y="385" />
      <size width="50" height="20" />
    </transition>
    <transition id="id70" name="t" portdir="None">
      <location x="65" y="385" />
      <size width="50" height="20" />
    </transition>
    <transition id="id71" name="t" portdir="None">
      <location x="74" y="788" />
      <size width="50" height="20" />
    </transition>
    <arc id="id38" source="id35" target="id32" delay="0" weight="1">
      <points>
        <point x="217" y="293" />
        <point x="104" y="293" />
      </points>
    </arc>
    <arc id="id0" source="id8" target="id14" delay="0" weight="1">
      <points>
        <point x="276" y="465" />
        <point x="416" y="561" />
      </points>
    </arc>
    <arc id="id2" source="id34" target="id14" delay="0" weight="1">
      <points>
        <point x="282" y="669" />
        <point x="416" y="581" />
      </points>
    </arc>
    <arc id="id60" source="id16" target="id59" delay="0" weight="1">
      <points>
        <point x="429" y="454" />
        <point x="429" y="395" />
      </points>
    </arc>
    <arc id="id61" source="id59" target="id45" delay="0" weight="1">
      <points>
        <point x="419" y="375" />
        <point x="419" y="308" />
      </points>
    </arc>
    <arc id="id64" source="id3" target="id57" delay="0" weight="1">
      <points>
        <point x="443" y="691" />
        <point x="443" y="753" />
      </points>
    </arc>
    <arc id="id65" source="id57" target="id46" delay="0" weight="1">
      <points>
        <point x="445" y="773" />
        <point x="445" y="863" />
      </points>
    </arc>
    <arc id="id66" source="id46" target="id56" delay="0" weight="1">
      <points>
        <point x="416" y="878" />
        <point x="299" y="878" />
      </points>
    </arc>
    <arc id="id4" source="id32" target="id9" delay="0" weight="1">
      <points>
        <point x="100" y="300" />
        <point x="230" y="380" />
      </points>
    </arc>
    <arc id="id10" source="id33" target="id1" delay="0" weight="1">
      <points>
        <point x="104" y="876" />
        <point x="253" y="776" />
      </points>
    </arc>
    <arc id="id27" source="id15" target="id34" delay="0" weight="1">
      <points>
        <point x="104" y="568" />
        <point x="232" y="668" />
      </points>
    </arc>
    <arc id="id26" source="id15" target="id8" delay="0" weight="1">
      <points>
        <point x="104" y="548" />
        <point x="226" y="465" />
      </points>
    </arc>
    <arc id="id42" source="id32" target="id70" delay="0" weight="1">
      <points>
        <point x="72" y="307" />
        <point x="72" y="375" />
      </points>
    </arc>
    <arc id="id50" source="id70" target="id69" delay="0" weight="1">
      <points>
        <point x="73" y="395" />
        <point x="73" y="450" />
      </points>
    </arc>
    <arc id="id74" source="id69" target="id15" delay="0" weight="1">
      <points>
        <point x="74" y="479" />
        <point x="74" y="548" />
      </points>
    </arc>
    <arc id="id75" source="id33" target="id71" delay="0" weight="1">
      <points>
        <point x="78" y="869" />
        <point x="78" y="798" />
      </points>
    </arc>
    <arc id="id76" source="id71" target="id68" delay="0" weight="1">
      <points>
        <point x="73" y="778" />
        <point x="73" y="701" />
      </points>
    </arc>
    <arc id="id77" source="id68" target="id15" delay="0" weight="1">
      <points>
        <point x="74" y="672" />
        <point x="74" y="568" />
      </points>
    </arc>
    <arc id="id11" source="id45" target="id35" delay="0" weight="1">
      <points>
        <point x="390" y="293" />
        <point x="267" y="293" />
      </points>
    </arc>
    <arc id="id19" source="id56" target="id33" delay="0" weight="1">
      <points>
        <point x="249" y="883" />
        <point x="109" y="883" />
      </points>
    </arc>
    <arc id="id21" source="id14" target="id16" delay="0" weight="1">
      <points>
        <point x="433" y="561" />
        <point x="433" y="483" />
      </points>
    </arc>
    <arc id="id22" source="id14" target="id3" delay="0" weight="1">
      <points>
        <point x="440" y="581" />
        <point x="440" y="662" />
      </points>
    </arc>
    <arc id="id5" source="id9" target="id16" delay="0" weight="1">
      <points>
        <point x="280" y="400" />
        <point x="406" y="462" />
      </points>
    </arc>
    <arc id="id6" source="id1" target="id3" delay="0" weight="1">
      <points>
        <point x="303" y="756" />
        <point x="415" y="684" />
      </points>
    </arc>
  </page>
  <page id="main.page1" name="main.page1">
    <subpage id="id0" original="main.page0" name="main.page0">
      <location x="537" y="759" />
      <size width="50" height="70" />
      <port id="id0.port0" name="p" originalid="id34" type="place" initialMarking="0">
        <location x="493" y="694" />
        <size width="30" height="30" />
      </port>
      <port id="id0.port1" name="t" originalid="id15" type="transition">
        <location x="762" y="878" />
        <size width="30" height="30" />
      </port>
      <port id="id0.port2" name="p" originalid="id8" type="place" initialMarking="0">
        <location x="553" y="652" />
        <size width="30" height="30" />
      </port>
    </subpage>
    <subpage id="id1" original="main.page0" name="main.page0">
      <location x="383" y="652" />
      <size width="50" height="70" />
      <port id="id1.port0" name="p" originalid="id34" type="place" initialMarking="0">
        <location x="331" y="613" />
        <size width="30" height="30" />
      </port>
      <port id="id1.port1" name="t" originalid="id15" type="transition">
        <location x="441" y="656" />
        <size width="30" height="30" />
      </port>
      <port id="id1.port2" name="p" originalid="id8" type="place" initialMarking="0">
        <location x="327" y="693" />
        <size width="30" height="30" />
      </port>
    </subpage>
    <subpage id="id2" original="main.page0" name="main.page0">
      <location x="513" y="519" />
      <size width="50" height="70" />
      <port id="id2.port0" name="p" originalid="id34" type="place" initialMarking="0">
        <location x="458" y="460" />
        <size width="30" height="30" />
      </port>
      <port id="id2.port1" name="t" originalid="id15" type="transition">
        <location x="566" y="524" />
        <size width="30" height="30" />
      </port>
      <port id="id2.port2" name="p" originalid="id8" type="place" initialMarking="0">
        <location x="460" y="587" />
        <size width="30" height="30" />
      </port>
    </subpage>
    <subpage id="id5" original="main.page0" name="main.page0">
      <location x="366" y="397" />
      <size width="50" height="70" />
      <port id="id5.port0" name="p" originalid="id34" type="place" initialMarking="0">
        <location x="310" y="355" />
        <size width="30" height="30" />
      </port>
      <port id="id5.port1" name="t" originalid="id15" type="transition">
        <location x="422" y="401" />
        <size width="30" height="30" />
      </port>
      <port id="id5.port2" name="p" originalid="id8" type="place" initialMarking="0">
        <location x="302" y="444" />
        <size width="30" height="30" />
      </port>
    </subpage>
    <subpage id="id6" original="main.page0" name="main.page0">
      <location x="378" y="858" />
      <size width="50" height="70" />
      <port id="id6.port0" name="p" originalid="id34" type="place" initialMarking="0">
        <location x="728" y="825" />
        <size width="30" height="30" />
      </port>
      <port id="id6.port1" name="t" originalid="id15" type="transition">
        <location x="259" y="691" />
        <size width="30" height="30" />
      </port>
      <port id="id6.port2" name="p" originalid="id8" type="place" initialMarking="0">
        <location x="433" y="875" />
        <size width="30" height="30" />
      </port>
    </subpage>
    <subpage id="id7" original="main.page0" name="main.page0">
      <location x="158" y="525" />
      <size width="50" height="70" />
      <port id="id7.port0" name="p" originalid="id34" type="place" initialMarking="0">
        <location x="207" y="506" />
        <size width="30" height="30" />
      </port>
      <port id="id7.port1" name="t" originalid="id15" type="transition">
        <location x="85" y="523" />
        <size width="30" height="30" />
      </port>
      <port id="id7.port2" name="p" originalid="id8" type="place" initialMarking="0">
        <location x="209" y="544" />
        <size width="30" height="30" />
      </port>
    </subpage>
    <subpage id="id8" original="main.page0" name="main.page0">
      <location x="155" y="612" />
      <size width="50" height="70" />
      <port id="id8.port0" name="p" originalid="id34" type="place" initialMarking="0">
        <location x="87" y="683" />
        <size width="30" height="30" />
      </port>
      <port id="id8.port1" name="t" originalid="id15" type="transition">
        <location x="215" y="616" />
        <size width="30" height="30" />
      </port>
      <port id="id8.port2" name="p" originalid="id8" type="place" initialMarking="0">
        <location x="145" y="689" />
        <size width="30" height="30" />
      </port>
    </subpage>
    <subpage id="id9" original="main.page0" name="main.page0">
      <location x="379" y="246" />
      <size width="50" height="70" />
      <port id="id9.port0" name="p" originalid="id34" type="place" initialMarking="0">
        <location x="554" y="416" />
        <size width="30" height="30" />
      </port>
      <port id="id9.port1" name="t" originalid="id15" type="transition">
        <location x="704" y="84" />
        <size width="30" height="30" />
      </port>
      <port id="id9.port2" name="p" originalid="id8" type="place" initialMarking="0">
        <location x="410" y="318" />
        <size width="30" height="30" />
      </port>
    </subpage>
    <subpage id="id10" original="main.page0" name="main.page0">
      <location x="159" y="442" />
      <size width="50" height="70" />
      <port id="id10.port0" name="p" originalid="id34" type="place" initialMarking="0">
        <location x="147" y="356" />
        <size width="30" height="30" />
      </port>
      <port id="id10.port1" name="t" originalid="id15" type="transition">
        <location x="213" y="439" />
        <size width="30" height="30" />
      </port>
      <port id="id10.port2" name="p" originalid="id8" type="place" initialMarking="0">
        <location x="94" y="358" />
        <size width="30" height="30" />
      </port>
    </subpage>
    <subpage id="id11" original="main.page0" name="main.page0">
      <location x="314" y="123" />
      <size width="50" height="70" />
      <port id="id11.port0" name="p" originalid="id34" type="place" initialMarking="0">
        <location x="368" y="95" />
        <size width="30" height="30" />
      </port>
      <port id="id11.port1" name="t" originalid="id15" type="transition">
        <location x="239" y="354" />
        <size width="30" height="30" />
      </port>
      <port id="id11.port2" name="p" originalid="id8" type="place" initialMarking="0">
        <location x="754" y="143" />
        <size width="30" height="30" />
      </port>
    </subpage>
    <arc id="id3" source="id1.port1" target="id2.port2" delay="0" weight="1">
      <points>
        <point x="456" y="641" />
        <point x="459" y="601" />
      </points>
    </arc>
    <arc id="id4" source="id1.port1" target="id0.port0" delay="0" weight="1">
      <points>
        <point x="456" y="671" />
        <point x="481" y="687" />
      </points>
    </arc>
    <arc id="id12" source="id5.port1" target="id9.port2" delay="0" weight="1">
      <points>
        <point x="410" y="386" />
        <point x="410" y="333" />
      </points>
    </arc>
    <arc id="id13" source="id5.port1" target="id2.port0" delay="0" weight="1">
      <points>
        <point x="437" y="416" />
        <point x="452" y="447" />
      </points>
    </arc>
    <arc id="id14" source="id9.port1" target="id11.port0" delay="0" weight="1">
      <points>
        <point x="689" y="95" />
        <point x="383" y="95" />
      </points>
    </arc>
    <arc id="id15" source="id9.port1" target="id6.port0" delay="0" weight="1">
      <points>
        <point x="719" y="99" />
        <point x="728" y="811" />
      </points>
    </arc>
    <arc id="id16" source="id0.port1" target="id6.port2" delay="0" weight="1">
      <points>
        <point x="747" y="875" />
        <point x="448" y="875" />
      </points>
    </arc>
    <arc id="id17" source="id0.port1" target="id11.port2" delay="0" weight="1">
      <points>
        <point x="754" y="863" />
        <point x="754" y="158" />
      </points>
    </arc>
    <arc id="id18" source="id2.port1" target="id9.port0" delay="0" weight="1">
      <points>
        <point x="554" y="509" />
        <point x="554" y="431" />
      </points>
    </arc>
    <arc id="id19" source="id2.port1" target="id0.port2" delay="0" weight="1">
      <points>
        <point x="553" y="539" />
        <point x="553" y="637" />
      </points>
    </arc>
    <arc id="id20" source="id6.port1" target="id1.port2" delay="0" weight="1">
      <points>
        <point x="274" y="693" />
        <point x="312" y="693" />
      </points>
    </arc>
    <arc id="id21" source="id6.port1" target="id8.port2" delay="0" weight="1">
      <points>
        <point x="244" y="689" />
        <point x="160" y="689" />
      </points>
    </arc>
    <arc id="id22" source="id8.port1" target="id1.port0" delay="0" weight="1">
      <points>
        <point x="230" y="613" />
        <point x="316" y="613" />
      </points>
    </arc>
    <arc id="id23" source="id8.port1" target="id7.port2" delay="0" weight="1">
      <points>
        <point x="209" y="601" />
        <point x="209" y="559" />
      </points>
    </arc>
    <arc id="id24" source="id10.port1" target="id5.port2" delay="0" weight="1">
      <points>
        <point x="228" y="444" />
        <point x="287" y="444" />
      </points>
    </arc>
    <arc id="id25" source="id10.port1" target="id7.port0" delay="0" weight="1">
      <points>
        <point x="207" y="454" />
        <point x="207" y="491" />
      </points>
    </arc>
    <arc id="id26" source="id7.port1" target="id10.port2" delay="0" weight="1">
      <points>
        <point x="94" y="508" />
        <point x="94" y="373" />
      </points>
    </arc>
    <arc id="id27" source="id7.port1" target="id8.port0" delay="0" weight="1">
      <points>
        <point x="87" y="538" />
        <point x="87" y="668" />
      </points>
    </arc>
    <arc id="id28" source="id11.port1" target="id10.port0" delay="0" weight="1">
      <points>
        <point x="224" y="356" />
        <point x="162" y="356" />
      </points>
    </arc>
    <arc id="id29" source="id11.port1" target="id5.port0" delay="0" weight="1">
      <points>
        <point x="254" y="355" />
        <point x="295" y="355" />
      </points>
    </arc>
  </page>
  <page id="main.page2" name="main.page2" />
</petrinet>