﻿<?xml version="1.0" encoding="utf-8"?>
<petrinet name="main">
  <page id="main.page0" name="main.page0">
    <place id="id0" name="p0" initialmarking="1" portdir="None">
      <location x="116" y="131" />
      <size width="60" height="30" />
    </place>
    <place id="id1" name="p1" initialmarking="0" portdir="None">
      <location x="198" y="132" />
      <size width="60" height="30" />
    </place>
    <place id="id2" name="p2" initialmarking="0" portdir="None">
      <location x="288" y="135" />
      <size width="60" height="30" />
    </place>
    <place id="id8" name="p8" initialmarking="0" portdir="None">
      <location x="206" y="427" />
      <size width="60" height="30" />
    </place>
    <place id="id9" name="p9" initialmarking="0" portdir="None">
      <location x="104" y="419" />
      <size width="60" height="30" />
    </place>
    <transition id="id10" name="in" portdir="In">
      <location x="164" y="226" />
      <size width="50" height="20" />
    </transition>
    <transition id="id11" name="t1" portdir="None">
      <location x="248" y="226" />
      <size width="50" height="20" />
    </transition>
    <transition id="id17" name="t7" portdir="None">
      <location x="252" y="324" />
      <size width="50" height="20" />
    </transition>
    <transition id="id18" name="t8" portdir="None">
      <location x="176" y="321" />
      <size width="50" height="20" />
    </transition>
    <transition id="id19" name="out" portdir="Out">
      <location x="126" y="266" />
      <size width="50" height="20" />
    </transition>
    <arc id="id20" source="id0" target="id10" delay="0" weight="1">
      <points>
        <point x="129" y="144" />
        <point x="139" y="216" />
      </points>
    </arc>
    <arc id="id21" source="id10" target="id1" delay="0" weight="1">
      <points>
        <point x="189" y="216" />
        <point x="195" y="146" />
      </points>
    </arc>
    <arc id="id22" source="id1" target="id11" delay="0" weight="1">
      <points>
        <point x="212" y="145" />
        <point x="223" y="216" />
      </points>
    </arc>
    <arc id="id23" source="id11" target="id2" delay="0" weight="1">
      <points>
        <point x="273" y="216" />
        <point x="283" y="149" />
      </points>
    </arc>
    <arc id="id35" source="id17" target="id8" delay="0" weight="1">
      <points>
        <point x="227" y="334" />
        <point x="212" y="413" />
      </points>
    </arc>
    <arc id="id36" source="id8" target="id18" delay="0" weight="1">
      <points>
        <point x="198" y="413" />
        <point x="198" y="331" />
      </points>
    </arc>
    <arc id="id37" source="id18" target="id9" delay="0" weight="1">
      <points>
        <point x="151" y="331" />
        <point x="118" y="406" />
      </points>
    </arc>
    <arc id="id38" source="id9" target="id19" delay="0" weight="1">
      <points>
        <point x="108" y="405" />
        <point x="108" y="276" />
      </points>
    </arc>
    <arc id="id39" source="id19" target="id0" delay="0" weight="1">
      <points>
        <point x="116" y="256" />
        <point x="116" y="146" />
      </points>
    </arc>
    <arc id="id3" source="id2" target="id17" delay="0" weight="1">
      <points>
        <point x="283" y="149" />
        <point x="277" y="314" />
      </points>
    </arc>
  </page>
  <page id="main.page1" name="main.page1">
    <place id="id10" name="p0" initialmarking="1" portdir="None">
      <location x="318" y="208" />
      <size width="60" height="30" />
    </place>
    <place id="id11" name="p1" initialmarking="0" portdir="None">
      <location x="569" y="76" />
      <size width="60" height="30" />
    </place>
    <place id="id12" name="p2" initialmarking="0" portdir="None">
      <location x="752" y="155" />
      <size width="60" height="30" />
    </place>
    <place id="id13" name="p3" initialmarking="0" portdir="None">
      <location x="653" y="153" />
      <size width="60" height="30" />
    </place>
    <place id="id14" name="p4" initialmarking="0" portdir="None">
      <location x="478" y="285" />
      <size width="60" height="30" />
    </place>
    <place id="id15" name="p5" initialmarking="0" portdir="None">
      <location x="47" y="374" />
      <size width="60" height="30" />
    </place>
    <place id="id16" name="p6" initialmarking="0" portdir="None">
      <location x="314" y="372" />
      <size width="60" height="30" />
    </place>
    <place id="id26" name="p9" initialmarking="0" portdir="None">
      <location x="53" y="220" />
      <size width="60" height="30" />
    </place>
    <place id="id28" name="p8" initialmarking="0" portdir="None">
      <location x="174" y="63" />
      <size width="60" height="30" />
    </place>
    <place id="id30" name="p9" initialmarking="0" portdir="None">
      <location x="481" y="209" />
      <size width="60" height="30" />
    </place>
    <place id="id44" name="p10" initialmarking="0" portdir="None">
      <location x="666" y="354" />
      <size width="60" height="30" />
    </place>
    <place id="id39" name="p11" initialmarking="0" portdir="None">
      <location x="548" y="354" />
      <size width="60" height="30" />
    </place>
    <place id="id57" name="p12" initialmarking="0" portdir="None">
      <location x="402" y="75" />
      <size width="60" height="30" />
    </place>
    <place id="id52" name="p13" initialmarking="0" portdir="None">
      <location x="95" y="260" />
      <size width="60" height="30" />
    </place>
    <transition id="id41" name="out" portdir="Out">
      <location x="605" y="423" />
      <size width="50" height="20" />
    </transition>
    <transition id="id49" name="in" portdir="In">
      <location x="485" y="25" />
      <size width="50" height="20" />
    </transition>
    <transition id="id19" name="t22" portdir="None">
      <location x="324" y="69" />
      <size width="50" height="20" />
    </transition>
    <transition id="id21" name="t23" portdir="None">
      <location x="406" y="208" />
      <size width="50" height="20" />
    </transition>
    <transition id="id54" name="t24" portdir="None">
      <location x="45" y="288" />
      <size width="50" height="20" />
    </transition>
    <transition id="id58" name="t25" portdir="None">
      <location x="408" y="145" />
      <size width="50" height="20" />
    </transition>
    <transition id="id50" name="t26" portdir="None">
      <location x="99" y="318" />
      <size width="50" height="20" />
    </transition>
    <subpage id="id0" original="main.page0" name="main.page0 (id0)">
      <location x="205" y="209" />
      <size width="50" height="70" />
      <port id="id0.port0" name="in" originalid="id10" type="transition" portdir="None">
        <location x="160" y="209" />
        <size width="30" height="30" />
      </port>
      <port id="id0.port1" name="out" originalid="id19" type="transition" portdir="None">
        <location x="250" y="209" />
        <size width="30" height="30" />
      </port>
    </subpage>
    <subpage id="id1" original="main.page0" name="main.page0 (id1)">
      <location x="202" y="379" />
      <size width="50" height="70" />
      <port id="id1.port0" name="in" originalid="id10" type="transition" portdir="None">
        <location x="247" y="377" />
        <size width="30" height="30" />
      </port>
      <port id="id1.port1" name="out" originalid="id19" type="transition" portdir="None">
        <location x="152" y="375" />
        <size width="30" height="30" />
      </port>
    </subpage>
    <subpage id="id2" original="main.page0" name="main.page0 (id2)">
      <location x="739" y="277" />
      <size width="50" height="70" />
      <port id="id2.port0" name="in" originalid="id10" type="transition" portdir="None">
        <location x="741" y="206" />
        <size width="30" height="30" />
      </port>
      <port id="id2.port1" name="out" originalid="id19" type="transition" portdir="None">
        <location x="739" y="345" />
        <size width="30" height="30" />
      </port>
    </subpage>
    <subpage id="id3" original="main.page0" name="main.page0 (id3)">
      <location x="535" y="149" />
      <size width="50" height="70" />
      <port id="id3.port0" name="in" originalid="id10" type="transition" portdir="None">
        <location x="485" y="145" />
        <size width="30" height="30" />
      </port>
      <port id="id3.port1" name="out" originalid="id19" type="transition" portdir="None">
        <location x="586" y="147" />
        <size width="30" height="30" />
      </port>
    </subpage>
    <subpage id="id4" original="main.page0" name="main.page0 (id4)">
      <location x="601" y="243" />
      <size width="50" height="70" />
      <port id="id4.port0" name="in" originalid="id10" type="transition" portdir="None">
        <location x="651" y="243" />
        <size width="30" height="30" />
      </port>
      <port id="id4.port1" name="out" originalid="id19" type="transition" portdir="None">
        <location x="547" y="243" />
        <size width="30" height="30" />
      </port>
    </subpage>
    <subpage id="id5" original="main.page0" name="main.page0 (id5)">
      <location x="209" y="129" />
      <size width="50" height="70" />
      <port id="id5.port0" name="in" originalid="id10" type="transition" portdir="None">
        <location x="164" y="129" />
        <size width="30" height="30" />
      </port>
      <port id="id5.port1" name="out" originalid="id19" type="transition" portdir="None">
        <location x="254" y="129" />
        <size width="30" height="30" />
      </port>
    </subpage>
    <subpage id="id6" original="main.page0" name="main.page0 (id6)">
      <location x="204" y="294" />
      <size width="50" height="70" />
      <port id="id6.port0" name="in" originalid="id10" type="transition" portdir="None">
        <location x="159" y="294" />
        <size width="30" height="30" />
      </port>
      <port id="id6.port1" name="out" originalid="id19" type="transition" portdir="None">
        <location x="249" y="294" />
        <size width="30" height="30" />
      </port>
    </subpage>
    <subpage id="id7" original="main.page0" name="main.page0 (id7)">
      <location x="698" y="86" />
      <size width="50" height="70" />
      <port id="id7.port0" name="in" originalid="id10" type="transition" portdir="None">
        <location x="644" y="85" />
        <size width="30" height="30" />
      </port>
      <port id="id7.port1" name="out" originalid="id19" type="transition" portdir="None">
        <location x="755" y="85" />
        <size width="30" height="30" />
      </port>
    </subpage>
    <subpage id="id8" original="main.page0" name="main.page0 (id8)">
      <location x="430" y="370" />
      <size width="50" height="70" />
      <port id="id8.port0" name="in" originalid="id10" type="transition" portdir="None">
        <location x="480" y="368" />
        <size width="30" height="30" />
      </port>
      <port id="id8.port1" name="out" originalid="id19" type="transition" portdir="None">
        <location x="377" y="369" />
        <size width="30" height="30" />
      </port>
    </subpage>
    <subpage id="id9" original="main.page0" name="main.page0 (id9)">
      <location x="372" y="286" />
      <size width="50" height="70" />
      <port id="id9.port0" name="in" originalid="id10" type="transition" portdir="None">
        <location x="421" y="285" />
        <size width="30" height="30" />
      </port>
      <port id="id9.port1" name="out" originalid="id19" type="transition" portdir="None">
        <location x="323" y="285" />
        <size width="30" height="30" />
      </port>
    </subpage>
    <arc id="id20" source="id0.port1" target="id10" delay="0" weight="1">
      <points>
        <point x="0" y="0" />
        <point x="0" y="0" />
      </points>
    </arc>
    <arc id="id24" source="id11" target="id7.port0" delay="0" weight="1">
      <points>
        <point x="0" y="0" />
        <point x="0" y="0" />
      </points>
    </arc>
    <arc id="id25" source="id7.port1" target="id12" delay="0" weight="1">
      <points>
        <point x="0" y="0" />
        <point x="0" y="0" />
      </points>
    </arc>
    <arc id="id27" source="id12" target="id2.port0" delay="0" weight="1">
      <points>
        <point x="0" y="0" />
        <point x="0" y="0" />
      </points>
    </arc>
    <arc id="id29" source="id3.port1" target="id13" delay="0" weight="1">
      <points>
        <point x="0" y="0" />
        <point x="0" y="0" />
      </points>
    </arc>
    <arc id="id31" source="id8.port1" target="id16" delay="0" weight="1">
      <points>
        <point x="0" y="0" />
        <point x="0" y="0" />
      </points>
    </arc>
    <arc id="id32" source="id9.port1" target="id16" delay="0" weight="1">
      <points>
        <point x="0" y="0" />
        <point x="0" y="0" />
      </points>
    </arc>
    <arc id="id33" source="id14" target="id9.port0" delay="0" weight="1">
      <points>
        <point x="0" y="0" />
        <point x="0" y="0" />
      </points>
    </arc>
    <arc id="id34" source="id13" target="id4.port0" delay="0" weight="1">
      <points>
        <point x="0" y="0" />
        <point x="0" y="0" />
      </points>
    </arc>
    <arc id="id35" source="id4.port1" target="id14" delay="0" weight="1">
      <points>
        <point x="0" y="0" />
        <point x="0" y="0" />
      </points>
    </arc>
    <arc id="id36" source="id16" target="id1.port0" delay="0" weight="1">
      <points>
        <point x="0" y="0" />
        <point x="0" y="0" />
      </points>
    </arc>
    <arc id="id37" source="id1.port1" target="id15" delay="0" weight="1">
      <points>
        <point x="0" y="0" />
        <point x="0" y="0" />
      </points>
    </arc>
    <arc id="id51" source="id49" target="id11" delay="0" weight="1">
      <points>
        <point x="0" y="0" />
        <point x="0" y="0" />
      </points>
    </arc>
    <arc id="id17" source="id5.port1" target="id10" delay="0" weight="1">
      <points>
        <point x="0" y="0" />
        <point x="0" y="0" />
      </points>
    </arc>
    <arc id="id18" source="id6.port1" target="id10" delay="0" weight="1">
      <points>
        <point x="0" y="0" />
        <point x="0" y="0" />
      </points>
    </arc>
    <arc id="id22" source="id10" target="id19" delay="0" weight="1">
      <points>
        <point x="0" y="0" />
        <point x="0" y="0" />
      </points>
    </arc>
    <arc id="id23" source="id10" target="id21" delay="0" weight="1">
      <points>
        <point x="0" y="0" />
        <point x="0" y="0" />
      </points>
    </arc>
    <arc id="id38" source="id21" target="id30" delay="0" weight="1">
      <points>
        <point x="0" y="0" />
        <point x="0" y="0" />
      </points>
    </arc>
    <arc id="id40" source="id19" target="id28" delay="0" weight="1">
      <points>
        <point x="0" y="0" />
        <point x="0" y="0" />
      </points>
    </arc>
    <arc id="id42" source="id28" target="id5.port0" delay="0" weight="1">
      <points>
        <point x="0" y="0" />
        <point x="0" y="0" />
      </points>
    </arc>
    <arc id="id43" source="id26" target="id0.port0" delay="0" weight="1">
      <points>
        <point x="0" y="0" />
        <point x="0" y="0" />
      </points>
    </arc>
    <arc id="id45" source="id2.port1" target="id44" delay="0" weight="1">
      <points>
        <point x="0" y="0" />
        <point x="0" y="0" />
      </points>
    </arc>
    <arc id="id46" source="id44" target="id41" delay="0" weight="1">
      <points>
        <point x="0" y="0" />
        <point x="0" y="0" />
      </points>
    </arc>
    <arc id="id47" source="id41" target="id39" delay="0" weight="1">
      <points>
        <point x="0" y="0" />
        <point x="0" y="0" />
      </points>
    </arc>
    <arc id="id48" source="id39" target="id8.port0" delay="0" weight="1">
      <points>
        <point x="0" y="0" />
        <point x="0" y="0" />
      </points>
    </arc>
    <arc id="id53" source="id30" target="id3.port0" delay="0" weight="1">
      <points>
        <point x="0" y="0" />
        <point x="0" y="0" />
      </points>
    </arc>
    <arc id="id56" source="id54" target="id26" delay="0" weight="1">
      <points>
        <point x="0" y="0" />
        <point x="0" y="0" />
      </points>
    </arc>
    <arc id="id59" source="id10" target="id58" delay="0" weight="1">
      <points>
        <point x="0" y="0" />
        <point x="0" y="0" />
      </points>
    </arc>
    <arc id="id60" source="id58" target="id57" delay="0" weight="1">
      <points>
        <point x="0" y="0" />
        <point x="0" y="0" />
      </points>
    </arc>
    <arc id="id61" source="id57" target="id49" delay="0" weight="1">
      <points>
        <point x="0" y="0" />
        <point x="0" y="0" />
      </points>
    </arc>
    <arc id="id55" source="id15" target="id50" delay="0" weight="1">
      <points>
        <point x="0" y="0" />
        <point x="0" y="0" />
      </points>
    </arc>
    <arc id="id62" source="id50" target="id52" delay="0" weight="1">
      <points>
        <point x="0" y="0" />
        <point x="0" y="0" />
      </points>
    </arc>
    <arc id="id63" source="id52" target="id6.port0" delay="0" weight="1">
      <points>
        <point x="0" y="0" />
        <point x="0" y="0" />
      </points>
    </arc>
    <arc id="id64" source="id15" target="id54" delay="0" weight="1">
      <points>
        <point x="0" y="0" />
        <point x="0" y="0" />
      </points>
    </arc>
  </page>
  <page id="main.page2" name="main.page2">
    <place id="id5" name="p0" initialmarking="1" portdir="None">
      <location x="466" y="280" />
      <size width="60" height="30" />
    </place>
    <place id="id1" name="p2" initialmarking="0" portdir="None">
      <location x="218" y="270" />
      <size width="60" height="30" />
    </place>
    <place id="id8" name="p3" initialmarking="1" portdir="None">
      <location x="395" y="284" />
      <size width="60" height="30" />
    </place>
    <place id="id11" name="p3" initialmarking="0" portdir="None">
      <location x="290" y="274" />
      <size width="60" height="30" />
    </place>
    <subpage id="id0" original="main.page1" name="main.page1 (id0)">
      <location x="335" y="194" />
      <size width="50" height="70" />
      <port id="id0.port0" name="out" originalid="id41" type="transition" portdir="None">
        <location x="290" y="194" />
        <size width="30" height="30" />
      </port>
      <port id="id0.port1" name="in" originalid="id49" type="transition" portdir="None">
        <location x="380" y="194" />
        <size width="30" height="30" />
      </port>
    </subpage>
    <subpage id="id2" original="main.page1" name="main.page1 (id2)">
      <location x="336" y="362" />
      <size width="50" height="70" />
      <port id="id2.port0" name="out" originalid="id41" type="transition" portdir="None">
        <location x="398" y="362" />
        <size width="30" height="30" />
      </port>
      <port id="id2.port1" name="in" originalid="id49" type="transition" portdir="None">
        <location x="264" y="362" />
        <size width="30" height="30" />
      </port>
    </subpage>
    <subpage id="id4" original="main.page1" name="main.page1 (id4)">
      <location x="333" y="470" />
      <size width="50" height="70" />
      <port id="id4.port0" name="out" originalid="id41" type="transition" portdir="None">
        <location x="475" y="460" />
        <size width="30" height="30" />
      </port>
      <port id="id4.port1" name="in" originalid="id49" type="transition" portdir="None">
        <location x="198" y="454" />
        <size width="30" height="30" />
      </port>
    </subpage>
    <arc id="id10" source="id5" target="id0.port1" delay="0" weight="1">
      <points>
        <point x="445" y="270" />
        <point x="395" y="209" />
      </points>
    </arc>
    <arc id="id22" source="id4.port0" target="id5" delay="0" weight="1">
      <points>
        <point x="466" y="445" />
        <point x="466" y="295" />
      </points>
    </arc>
    <arc id="id3" source="id0.port0" target="id1" delay="0" weight="1">
      <points>
        <point x="275" y="209" />
        <point x="238" y="260" />
      </points>
    </arc>
    <arc id="id7" source="id1" target="id4.port1" delay="0" weight="1">
      <points>
        <point x="215" y="284" />
        <point x="213" y="439" />
      </points>
    </arc>
    <arc id="id6" source="id8" target="id0.port1" delay="0" weight="1">
      <points>
        <point x="391" y="270" />
        <point x="391" y="209" />
      </points>
    </arc>
    <arc id="id15" source="id0.port0" target="id11" delay="0" weight="1">
      <points>
        <point x="290" y="209" />
        <point x="290" y="259" />
      </points>
    </arc>
    <arc id="id16" source="id11" target="id2.port1" delay="0" weight="1">
      <points>
        <point x="282" y="288" />
        <point x="279" y="347" />
      </points>
    </arc>
    <arc id="id17" source="id2.port0" target="id8" delay="0" weight="1">
      <points>
        <point x="395" y="347" />
        <point x="395" y="299" />
      </points>
    </arc>
  </page>
  <page id="page0" name="page0">
    <place id="id9" name="p9" initialmarking="1" portdir="None">
      <location x="275" y="266" />
      <size width="50" height="30" />
    </place>
    <place id="id10" name="p10" initialmarking="1" portdir="None">
      <location x="334" y="173" />
      <size width="50" height="30" />
    </place>
    <place id="id11" name="p11" initialmarking="0" portdir="None">
      <location x="43" y="139" />
      <size width="50" height="30" />
    </place>
    <place id="id17" name="p17" initialmarking="0" portdir="None">
      <location x="43" y="281" />
      <size width="50" height="30" />
    </place>
    <place id="id18" name="p18" initialmarking="0" portdir="None">
      <location x="49" y="383" />
      <size width="50" height="30" />
    </place>
    <place id="id19" name="p19" initialmarking="1" portdir="None">
      <location x="268" y="383" />
      <size width="50" height="30" />
    </place>
    <place id="id8" name="p9" initialmarking="1" portdir="None">
      <location x="641" y="266" />
      <size width="50" height="30" />
    </place>
    <place id="id12" name="p10" initialmarking="0" portdir="None">
      <location x="654" y="130" />
      <size width="50" height="30" />
    </place>
    <place id="id13" name="p11" initialmarking="0" portdir="None">
      <location x="322" y="46" />
      <size width="50" height="30" />
    </place>
    <place id="id14" name="p17" initialmarking="0" portdir="None">
      <location x="409" y="281" />
      <size width="50" height="30" />
    </place>
    <place id="id15" name="p18" initialmarking="0" portdir="None">
      <location x="415" y="383" />
      <size width="50" height="30" />
    </place>
    <place id="id16" name="p19" initialmarking="1" portdir="None">
      <location x="705" y="459" />
      <size width="50" height="30" />
    </place>
    <place id="id44" name="p9" initialmarking="1" portdir="None">
      <location x="1041" y="268" />
      <size width="50" height="30" />
    </place>
    <place id="id45" name="p10" initialmarking="1" portdir="None">
      <location x="1100" y="175" />
      <size width="50" height="30" />
    </place>
    <place id="id46" name="p11" initialmarking="0" portdir="None">
      <location x="809" y="141" />
      <size width="50" height="30" />
    </place>
    <place id="id47" name="p17" initialmarking="0" portdir="None">
      <location x="809" y="283" />
      <size width="50" height="30" />
    </place>
    <place id="id48" name="p18" initialmarking="0" portdir="None">
      <location x="711" y="354" />
      <size width="50" height="30" />
    </place>
    <place id="id49" name="p19" initialmarking="1" portdir="None">
      <location x="1034" y="385" />
      <size width="50" height="30" />
    </place>
    <place id="id50" name="p9" initialmarking="1" portdir="None">
      <location x="1407" y="268" />
      <size width="50" height="30" />
    </place>
    <place id="id51" name="p10" initialmarking="0" portdir="None">
      <location x="1420" y="132" />
      <size width="50" height="30" />
    </place>
    <place id="id52" name="p11" initialmarking="0" portdir="None">
      <location x="1088" y="48" />
      <size width="50" height="30" />
    </place>
    <place id="id53" name="p17" initialmarking="0" portdir="None">
      <location x="1175" y="283" />
      <size width="50" height="30" />
    </place>
    <place id="id54" name="p18" initialmarking="0" portdir="None">
      <location x="1181" y="385" />
      <size width="50" height="30" />
    </place>
    <place id="id55" name="p19" initialmarking="1" portdir="None">
      <location x="1400" y="385" />
      <size width="50" height="30" />
    </place>
    <subpage id="id0" original="main.page1" name="main.page1">
      <location x="159" y="326" />
      <size width="50" height="70" />
      <port id="id0.port0" name="out" originalid="id41" type="transition" portdir="None">
        <location x="114" y="326" />
        <size width="30" height="30" />
      </port>
      <port id="id0.port1" name="in" originalid="id49" type="transition" portdir="None">
        <location x="204" y="326" />
        <size width="30" height="30" />
      </port>
    </subpage>
    <subpage id="id1" original="main.page1" name="main.page1">
      <location x="168" y="452" />
      <size width="50" height="70" />
      <port id="id1.port0" name="out" originalid="id41" type="transition" portdir="None">
        <location x="255" y="456" />
        <size width="30" height="30" />
      </port>
      <port id="id1.port1" name="in" originalid="id49" type="transition" portdir="None">
        <location x="85" y="454" />
        <size width="30" height="30" />
      </port>
    </subpage>
    <subpage id="id2" original="main.page1" name="main.page1">
      <location x="164" y="197" />
      <size width="50" height="70" />
      <port id="id2.port0" name="out" originalid="id41" type="transition" portdir="None">
        <location x="213" y="193" />
        <size width="30" height="30" />
      </port>
      <port id="id2.port1" name="in" originalid="id49" type="transition" portdir="None">
        <location x="105" y="195" />
        <size width="30" height="30" />
      </port>
    </subpage>
    <subpage id="id4" original="main.page1" name="main.page1">
      <location x="169" y="77" />
      <size width="50" height="70" />
      <port id="id4.port0" name="out" originalid="id41" type="transition" portdir="None">
        <location x="124" y="77" />
        <size width="30" height="30" />
      </port>
      <port id="id4.port1" name="in" originalid="id49" type="transition" portdir="None">
        <location x="214" y="77" />
        <size width="30" height="30" />
      </port>
    </subpage>
    <subpage id="id3" original="main.page1" name="main.page1">
      <location x="525" y="326" />
      <size width="50" height="70" />
      <port id="id3.port0" name="out" originalid="id41" type="transition" portdir="None">
        <location x="480" y="326" />
        <size width="30" height="30" />
      </port>
      <port id="id3.port1" name="in" originalid="id49" type="transition" portdir="None">
        <location x="570" y="326" />
        <size width="30" height="30" />
      </port>
    </subpage>
    <subpage id="id5" original="main.page1" name="main.page1">
      <location x="534" y="452" />
      <size width="50" height="70" />
      <port id="id5.port0" name="out" originalid="id41" type="transition" portdir="None">
        <location x="621" y="456" />
        <size width="30" height="30" />
      </port>
      <port id="id5.port1" name="in" originalid="id49" type="transition" portdir="None">
        <location x="451" y="454" />
        <size width="30" height="30" />
      </port>
    </subpage>
    <subpage id="id6" original="main.page1" name="main.page1">
      <location x="530" y="197" />
      <size width="50" height="70" />
      <port id="id6.port0" name="out" originalid="id41" type="transition" portdir="None">
        <location x="579" y="193" />
        <size width="30" height="30" />
      </port>
      <port id="id6.port1" name="in" originalid="id49" type="transition" portdir="None">
        <location x="471" y="195" />
        <size width="30" height="30" />
      </port>
    </subpage>
    <subpage id="id7" original="main.page1" name="main.page1">
      <location x="535" y="77" />
      <size width="50" height="70" />
      <port id="id7.port0" name="out" originalid="id41" type="transition" portdir="None">
        <location x="490" y="77" />
        <size width="30" height="30" />
      </port>
      <port id="id7.port1" name="in" originalid="id49" type="transition" portdir="None">
        <location x="580" y="77" />
        <size width="30" height="30" />
      </port>
    </subpage>
    <subpage id="id56" original="main.page1" name="main.page1">
      <location x="925" y="328" />
      <size width="50" height="70" />
      <port id="id56.port0" name="out" originalid="id41" type="transition" portdir="None">
        <location x="880" y="328" />
        <size width="30" height="30" />
      </port>
      <port id="id56.port1" name="in" originalid="id49" type="transition" portdir="None">
        <location x="970" y="328" />
        <size width="30" height="30" />
      </port>
    </subpage>
    <subpage id="id57" original="main.page1" name="main.page1">
      <location x="934" y="454" />
      <size width="50" height="70" />
      <port id="id57.port0" name="out" originalid="id41" type="transition" portdir="None">
        <location x="1021" y="458" />
        <size width="30" height="30" />
      </port>
      <port id="id57.port1" name="in" originalid="id49" type="transition" portdir="None">
        <location x="851" y="456" />
        <size width="30" height="30" />
      </port>
    </subpage>
    <subpage id="id58" original="main.page1" name="main.page1">
      <location x="930" y="199" />
      <size width="50" height="70" />
      <port id="id58.port0" name="out" originalid="id41" type="transition" portdir="None">
        <location x="979" y="195" />
        <size width="30" height="30" />
      </port>
      <port id="id58.port1" name="in" originalid="id49" type="transition" portdir="None">
        <location x="871" y="197" />
        <size width="30" height="30" />
      </port>
    </subpage>
    <subpage id="id59" original="main.page1" name="main.page1">
      <location x="935" y="79" />
      <size width="50" height="70" />
      <port id="id59.port0" name="out" originalid="id41" type="transition" portdir="None">
        <location x="890" y="79" />
        <size width="30" height="30" />
      </port>
      <port id="id59.port1" name="in" originalid="id49" type="transition" portdir="None">
        <location x="980" y="79" />
        <size width="30" height="30" />
      </port>
    </subpage>
    <subpage id="id60" original="main.page1" name="main.page1">
      <location x="1291" y="328" />
      <size width="50" height="70" />
      <port id="id60.port0" name="out" originalid="id41" type="transition" portdir="None">
        <location x="1246" y="328" />
        <size width="30" height="30" />
      </port>
      <port id="id60.port1" name="in" originalid="id49" type="transition" portdir="None">
        <location x="1336" y="328" />
        <size width="30" height="30" />
      </port>
    </subpage>
    <subpage id="id61" original="main.page1" name="main.page1">
      <location x="1300" y="454" />
      <size width="50" height="70" />
      <port id="id61.port0" name="out" originalid="id41" type="transition" portdir="None">
        <location x="1387" y="458" />
        <size width="30" height="30" />
      </port>
      <port id="id61.port1" name="in" originalid="id49" type="transition" portdir="None">
        <location x="1217" y="456" />
        <size width="30" height="30" />
      </port>
    </subpage>
    <subpage id="id62" original="main.page1" name="main.page1">
      <location x="1296" y="199" />
      <size width="50" height="70" />
      <port id="id62.port0" name="out" originalid="id41" type="transition" portdir="None">
        <location x="1345" y="195" />
        <size width="30" height="30" />
      </port>
      <port id="id62.port1" name="in" originalid="id49" type="transition" portdir="None">
        <location x="1237" y="197" />
        <size width="30" height="30" />
      </port>
    </subpage>
    <subpage id="id63" original="main.page1" name="main.page1">
      <location x="1301" y="79" />
      <size width="50" height="70" />
      <port id="id63.port0" name="out" originalid="id41" type="transition" portdir="None">
        <location x="1256" y="79" />
        <size width="30" height="30" />
      </port>
      <port id="id63.port1" name="in" originalid="id49" type="transition" portdir="None">
        <location x="1346" y="79" />
        <size width="30" height="30" />
      </port>
    </subpage>
    <arc id="id20" source="id9" target="id0.port1" delay="0" weight="1">
      <points>
        <point x="256" y="275" />
        <point x="219" y="311" />
      </points>
    </arc>
    <arc id="id21" source="id19" target="id0.port1" delay="0" weight="1">
      <points>
        <point x="250" y="374" />
        <point x="219" y="341" />
      </points>
    </arc>
    <arc id="id22" source="id0.port0" target="id17" delay="0" weight="1">
      <points>
        <point x="99" y="311" />
        <point x="65" y="288" />
      </points>
    </arc>
    <arc id="id23" source="id0.port0" target="id18" delay="0" weight="1">
      <points>
        <point x="99" y="341" />
        <point x="68" y="374" />
      </points>
    </arc>
    <arc id="id24" source="id18" target="id1.port1" delay="0" weight="1">
      <points>
        <point x="60" y="396" />
        <point x="70" y="439" />
      </points>
    </arc>
    <arc id="id25" source="id1.port0" target="id19" delay="0" weight="1">
      <points>
        <point x="268" y="441" />
        <point x="268" y="398" />
      </points>
    </arc>
    <arc id="id26" source="id17" target="id2.port1" delay="0" weight="1">
      <points>
        <point x="57" y="269" />
        <point x="90" y="210" />
      </points>
    </arc>
    <arc id="id27" source="id2.port0" target="id9" delay="0" weight="1">
      <points>
        <point x="228" y="208" />
        <point x="260" y="255" />
      </points>
    </arc>
    <arc id="id28" source="id2.port0" target="id10" delay="0" weight="1">
      <points>
        <point x="228" y="178" />
        <point x="310" y="173" />
      </points>
    </arc>
    <arc id="id30" source="id4.port0" target="id11" delay="0" weight="1">
      <points>
        <point x="109" y="92" />
        <point x="63" y="131" />
      </points>
    </arc>
    <arc id="id31" source="id11" target="id2.port1" delay="0" weight="1">
      <points>
        <point x="61" y="149" />
        <point x="90" y="180" />
      </points>
    </arc>
    <arc id="id32" source="id8" target="id3.port1" delay="0" weight="1">
      <points>
        <point x="622" y="275" />
        <point x="585" y="311" />
      </points>
    </arc>
    <arc id="id34" source="id3.port0" target="id14" delay="0" weight="1">
      <points>
        <point x="465" y="311" />
        <point x="431" y="288" />
      </points>
    </arc>
    <arc id="id35" source="id3.port0" target="id15" delay="0" weight="1">
      <points>
        <point x="465" y="341" />
        <point x="434" y="374" />
      </points>
    </arc>
    <arc id="id36" source="id15" target="id5.port1" delay="0" weight="1">
      <points>
        <point x="426" y="396" />
        <point x="436" y="439" />
      </points>
    </arc>
    <arc id="id37" source="id5.port0" target="id16" delay="0" weight="1">
      <points>
        <point x="636" y="459" />
        <point x="680" y="459" />
      </points>
    </arc>
    <arc id="id38" source="id14" target="id6.port1" delay="0" weight="1">
      <points>
        <point x="423" y="269" />
        <point x="456" y="210" />
      </points>
    </arc>
    <arc id="id39" source="id6.port0" target="id8" delay="0" weight="1">
      <points>
        <point x="594" y="208" />
        <point x="626" y="255" />
      </points>
    </arc>
    <arc id="id40" source="id6.port0" target="id12" delay="0" weight="1">
      <points>
        <point x="594" y="178" />
        <point x="635" y="139" />
      </points>
    </arc>
    <arc id="id41" source="id12" target="id7.port1" delay="0" weight="1">
      <points>
        <point x="634" y="122" />
        <point x="595" y="92" />
      </points>
    </arc>
    <arc id="id29" source="id10" target="id6.port1" delay="0" weight="1">
      <points>
        <point x="358" y="175" />
        <point x="456" y="180" />
      </points>
    </arc>
    <arc id="id42" source="id7.port0" target="id13" delay="0" weight="1">
      <points>
        <point x="475" y="62" />
        <point x="346" y="47" />
      </points>
    </arc>
    <arc id="id43" source="id13" target="id4.port1" delay="0" weight="1">
      <points>
        <point x="298" y="50" />
        <point x="229" y="62" />
      </points>
    </arc>
    <arc id="id64" source="id44" target="id56.port1" delay="0" weight="1">
      <points>
        <point x="1022" y="277" />
        <point x="985" y="313" />
      </points>
    </arc>
    <arc id="id65" source="id49" target="id56.port1" delay="0" weight="1">
      <points>
        <point x="1016" y="376" />
        <point x="985" y="343" />
      </points>
    </arc>
    <arc id="id66" source="id56.port0" target="id47" delay="0" weight="1">
      <points>
        <point x="865" y="313" />
        <point x="831" y="290" />
      </points>
    </arc>
    <arc id="id67" source="id56.port0" target="id48" delay="0" weight="1">
      <points>
        <point x="865" y="343" />
        <point x="735" y="353" />
      </points>
    </arc>
    <arc id="id69" source="id57.port0" target="id49" delay="0" weight="1">
      <points>
        <point x="1034" y="443" />
        <point x="1034" y="400" />
      </points>
    </arc>
    <arc id="id70" source="id47" target="id58.port1" delay="0" weight="1">
      <points>
        <point x="823" y="271" />
        <point x="856" y="212" />
      </points>
    </arc>
    <arc id="id71" source="id58.port0" target="id44" delay="0" weight="1">
      <points>
        <point x="994" y="210" />
        <point x="1026" y="257" />
      </points>
    </arc>
    <arc id="id72" source="id58.port0" target="id45" delay="0" weight="1">
      <points>
        <point x="994" y="180" />
        <point x="1076" y="175" />
      </points>
    </arc>
    <arc id="id73" source="id59.port0" target="id46" delay="0" weight="1">
      <points>
        <point x="875" y="94" />
        <point x="829" y="133" />
      </points>
    </arc>
    <arc id="id74" source="id46" target="id58.port1" delay="0" weight="1">
      <points>
        <point x="827" y="151" />
        <point x="856" y="182" />
      </points>
    </arc>
    <arc id="id75" source="id50" target="id60.port1" delay="0" weight="1">
      <points>
        <point x="1388" y="277" />
        <point x="1351" y="313" />
      </points>
    </arc>
    <arc id="id76" source="id55" target="id60.port1" delay="0" weight="1">
      <points>
        <point x="1382" y="376" />
        <point x="1351" y="343" />
      </points>
    </arc>
    <arc id="id77" source="id60.port0" target="id53" delay="0" weight="1">
      <points>
        <point x="1231" y="313" />
        <point x="1197" y="290" />
      </points>
    </arc>
    <arc id="id78" source="id60.port0" target="id54" delay="0" weight="1">
      <points>
        <point x="1231" y="343" />
        <point x="1200" y="376" />
      </points>
    </arc>
    <arc id="id79" source="id54" target="id61.port1" delay="0" weight="1">
      <points>
        <point x="1192" y="398" />
        <point x="1202" y="441" />
      </points>
    </arc>
    <arc id="id80" source="id61.port0" target="id55" delay="0" weight="1">
      <points>
        <point x="1400" y="443" />
        <point x="1400" y="400" />
      </points>
    </arc>
    <arc id="id81" source="id53" target="id62.port1" delay="0" weight="1">
      <points>
        <point x="1189" y="271" />
        <point x="1222" y="212" />
      </points>
    </arc>
    <arc id="id82" source="id62.port0" target="id50" delay="0" weight="1">
      <points>
        <point x="1360" y="210" />
        <point x="1392" y="257" />
      </points>
    </arc>
    <arc id="id83" source="id62.port0" target="id51" delay="0" weight="1">
      <points>
        <point x="1360" y="180" />
        <point x="1401" y="141" />
      </points>
    </arc>
    <arc id="id84" source="id51" target="id63.port1" delay="0" weight="1">
      <points>
        <point x="1400" y="124" />
        <point x="1361" y="94" />
      </points>
    </arc>
    <arc id="id85" source="id45" target="id62.port1" delay="0" weight="1">
      <points>
        <point x="1124" y="177" />
        <point x="1222" y="182" />
      </points>
    </arc>
    <arc id="id86" source="id63.port0" target="id52" delay="0" weight="1">
      <points>
        <point x="1241" y="64" />
        <point x="1112" y="49" />
      </points>
    </arc>
    <arc id="id87" source="id52" target="id59.port1" delay="0" weight="1">
      <points>
        <point x="1064" y="52" />
        <point x="995" y="64" />
      </points>
    </arc>
    <arc id="id33" source="id16" target="id57.port1" delay="0" weight="1">
      <points>
        <point x="729" y="459" />
        <point x="836" y="459" />
      </points>
    </arc>
    <arc id="id68" source="id48" target="id3.port1" delay="0" weight="1">
      <points>
        <point x="687" y="352" />
        <point x="585" y="341" />
      </points>
    </arc>
  </page>
</petrinet>