﻿<?xml version="1.0" encoding="utf-8"?>
<petrinet name="main">
  <page id="main.page0" name="main.page0">
    <place id="id0" name="p0" initialmarking="1" portdir="None">
      <location x="106" y="131" />
      <size width="60" height="30" />
    </place>
    <place id="id1" name="p1" initialmarking="0" portdir="None">
      <location x="195" y="134" />
      <size width="60" height="30" />
    </place>
    <place id="id2" name="p2" initialmarking="0" portdir="None">
      <location x="193" y="230" />
      <size width="60" height="30" />
    </place>
    <place id="id8" name="p8" initialmarking="0" portdir="None">
      <location x="35" y="229" />
      <size width="60" height="30" />
    </place>
    <place id="id9" name="p9" initialmarking="0" portdir="None">
      <location x="31" y="131" />
      <size width="60" height="30" />
    </place>
    <transition id="id10" name="in" portdir="In">
      <location x="154" y="51" />
      <size width="50" height="20" />
    </transition>
    <transition id="id11" name="t1" portdir="None">
      <location x="192" y="180" />
      <size width="50" height="20" />
    </transition>
    <transition id="id17" name="t7" portdir="None">
      <location x="119" y="235" />
      <size width="50" height="20" />
    </transition>
    <transition id="id18" name="t8" portdir="None">
      <location x="38" y="178" />
      <size width="50" height="20" />
    </transition>
    <transition id="id19" name="out" portdir="Out">
      <location x="60" y="50" />
      <size width="50" height="20" />
    </transition>
    <arc id="id20" source="id0" target="id10" delay="0" weight="1">
      <points>
        <point x="121" y="119" />
        <point x="129" y="61" />
      </points>
    </arc>
    <arc id="id21" source="id10" target="id1" delay="0" weight="1">
      <points>
        <point x="179" y="61" />
        <point x="189" y="120" />
      </points>
    </arc>
    <arc id="id22" source="id1" target="id11" delay="0" weight="1">
      <points>
        <point x="194" y="148" />
        <point x="194" y="170" />
      </points>
    </arc>
    <arc id="id23" source="id11" target="id2" delay="0" weight="1">
      <points>
        <point x="193" y="190" />
        <point x="193" y="215" />
      </points>
    </arc>
    <arc id="id35" source="id17" target="id8" delay="0" weight="1">
      <points>
        <point x="94" y="229" />
        <point x="65" y="229" />
      </points>
    </arc>
    <arc id="id36" source="id8" target="id18" delay="0" weight="1">
      <points>
        <point x="36" y="215" />
        <point x="36" y="188" />
      </points>
    </arc>
    <arc id="id37" source="id18" target="id9" delay="0" weight="1">
      <points>
        <point x="31" y="168" />
        <point x="31" y="146" />
      </points>
    </arc>
    <arc id="id38" source="id9" target="id19" delay="0" weight="1">
      <points>
        <point x="41" y="117" />
        <point x="41" y="60" />
      </points>
    </arc>
    <arc id="id39" source="id19" target="id0" delay="0" weight="1">
      <points>
        <point x="85" y="60" />
        <point x="98" y="117" />
      </points>
    </arc>
    <arc id="id3" source="id2" target="id17" delay="0" weight="1">
      <points>
        <point x="164" y="231" />
        <point x="144" y="231" />
      </points>
    </arc>
  </page>
  <page id="main.page1" name="main.page1">
    <place id="id10" name="p0" initialmarking="1" portdir="None">
      <location x="318" y="208" />
      <size width="60" height="30" />
    </place>
    <place id="id11" name="p1" initialmarking="0" portdir="None">
      <location x="569" y="76" />
      <size width="60" height="30" />
    </place>
    <place id="id12" name="p2" initialmarking="0" portdir="None">
      <location x="752" y="155" />
      <size width="60" height="30" />
    </place>
    <place id="id13" name="p3" initialmarking="0" portdir="None">
      <location x="653" y="153" />
      <size width="60" height="30" />
    </place>
    <place id="id14" name="p4" initialmarking="0" portdir="None">
      <location x="478" y="285" />
      <size width="60" height="30" />
    </place>
    <place id="id15" name="p5" initialmarking="0" portdir="None">
      <location x="47" y="374" />
      <size width="60" height="30" />
    </place>
    <place id="id16" name="p6" initialmarking="0" portdir="None">
      <location x="314" y="372" />
      <size width="60" height="30" />
    </place>
    <place id="id26" name="p9" initialmarking="0" portdir="None">
      <location x="53" y="220" />
      <size width="60" height="30" />
    </place>
    <place id="id28" name="p8" initialmarking="0" portdir="None">
      <location x="174" y="63" />
      <size width="60" height="30" />
    </place>
    <place id="id30" name="p9" initialmarking="0" portdir="None">
      <location x="481" y="209" />
      <size width="60" height="30" />
    </place>
    <place id="id44" name="p10" initialmarking="0" portdir="None">
      <location x="666" y="354" />
      <size width="60" height="30" />
    </place>
    <place id="id39" name="p11" initialmarking="0" portdir="None">
      <location x="548" y="354" />
      <size width="60" height="30" />
    </place>
    <place id="id57" name="p12" initialmarking="0" portdir="None">
      <location x="402" y="75" />
      <size width="60" height="30" />
    </place>
    <place id="id52" name="p13" initialmarking="0" portdir="None">
      <location x="95" y="260" />
      <size width="60" height="30" />
    </place>
    <transition id="id41" name="out" portdir="Out">
      <location x="605" y="423" />
      <size width="50" height="20" />
    </transition>
    <transition id="id49" name="in" portdir="In">
      <location x="485" y="25" />
      <size width="50" height="20" />
    </transition>
    <transition id="id19" name="t22" portdir="None">
      <location x="324" y="69" />
      <size width="50" height="20" />
    </transition>
    <transition id="id21" name="t23" portdir="None">
      <location x="406" y="208" />
      <size width="50" height="20" />
    </transition>
    <transition id="id54" name="t24" portdir="None">
      <location x="45" y="288" />
      <size width="50" height="20" />
    </transition>
    <transition id="id58" name="t25" portdir="None">
      <location x="408" y="145" />
      <size width="50" height="20" />
    </transition>
    <transition id="id50" name="t26" portdir="None">
      <location x="99" y="318" />
      <size width="50" height="20" />
    </transition>
    <subpage id="id0" original="main.page0" name="main.page0 (id0)">
      <location x="205" y="209" />
      <size width="50" height="70" />
      <port id="id0.port0" name="in" originalid="id10" type="transition" portdir="None">
        <location x="160" y="209" />
        <size width="30" height="30" />
      </port>
      <port id="id0.port1" name="out" originalid="id19" type="transition" portdir="None">
        <location x="250" y="209" />
        <size width="30" height="30" />
      </port>
    </subpage>
    <subpage id="id1" original="main.page0" name="main.page0 (id1)">
      <location x="202" y="379" />
      <size width="50" height="70" />
      <port id="id1.port0" name="in" originalid="id10" type="transition" portdir="None">
        <location x="247" y="377" />
        <size width="30" height="30" />
      </port>
      <port id="id1.port1" name="out" originalid="id19" type="transition" portdir="None">
        <location x="152" y="375" />
        <size width="30" height="30" />
      </port>
    </subpage>
    <subpage id="id2" original="main.page0" name="main.page0 (id2)">
      <location x="739" y="277" />
      <size width="50" height="70" />
      <port id="id2.port0" name="in" originalid="id10" type="transition" portdir="None">
        <location x="741" y="206" />
        <size width="30" height="30" />
      </port>
      <port id="id2.port1" name="out" originalid="id19" type="transition" portdir="None">
        <location x="739" y="345" />
        <size width="30" height="30" />
      </port>
    </subpage>
    <subpage id="id3" original="main.page0" name="main.page0 (id3)">
      <location x="535" y="149" />
      <size width="50" height="70" />
      <port id="id3.port0" name="in" originalid="id10" type="transition" portdir="None">
        <location x="485" y="145" />
        <size width="30" height="30" />
      </port>
      <port id="id3.port1" name="out" originalid="id19" type="transition" portdir="None">
        <location x="586" y="147" />
        <size width="30" height="30" />
      </port>
    </subpage>
    <subpage id="id4" original="main.page0" name="main.page0 (id4)">
      <location x="601" y="243" />
      <size width="50" height="70" />
      <port id="id4.port0" name="in" originalid="id10" type="transition" portdir="None">
        <location x="651" y="243" />
        <size width="30" height="30" />
      </port>
      <port id="id4.port1" name="out" originalid="id19" type="transition" portdir="None">
        <location x="547" y="243" />
        <size width="30" height="30" />
      </port>
    </subpage>
    <subpage id="id5" original="main.page0" name="main.page0 (id5)">
      <location x="209" y="129" />
      <size width="50" height="70" />
      <port id="id5.port0" name="in" originalid="id10" type="transition" portdir="None">
        <location x="164" y="129" />
        <size width="30" height="30" />
      </port>
      <port id="id5.port1" name="out" originalid="id19" type="transition" portdir="None">
        <location x="254" y="129" />
        <size width="30" height="30" />
      </port>
    </subpage>
    <subpage id="id6" original="main.page0" name="main.page0 (id6)">
      <location x="204" y="294" />
      <size width="50" height="70" />
      <port id="id6.port0" name="in" originalid="id10" type="transition" portdir="None">
        <location x="159" y="294" />
        <size width="30" height="30" />
      </port>
      <port id="id6.port1" name="out" originalid="id19" type="transition" portdir="None">
        <location x="249" y="294" />
        <size width="30" height="30" />
      </port>
    </subpage>
    <subpage id="id7" original="main.page0" name="main.page0 (id7)">
      <location x="698" y="86" />
      <size width="50" height="70" />
      <port id="id7.port0" name="in" originalid="id10" type="transition" portdir="None">
        <location x="644" y="85" />
        <size width="30" height="30" />
      </port>
      <port id="id7.port1" name="out" originalid="id19" type="transition" portdir="None">
        <location x="755" y="85" />
        <size width="30" height="30" />
      </port>
    </subpage>
    <subpage id="id8" original="main.page0" name="main.page0 (id8)">
      <location x="430" y="370" />
      <size width="50" height="70" />
      <port id="id8.port0" name="in" originalid="id10" type="transition" portdir="None">
        <location x="480" y="368" />
        <size width="30" height="30" />
      </port>
      <port id="id8.port1" name="out" originalid="id19" type="transition" portdir="None">
        <location x="377" y="369" />
        <size width="30" height="30" />
      </port>
    </subpage>
    <subpage id="id9" original="main.page0" name="main.page0 (id9)">
      <location x="372" y="286" />
      <size width="50" height="70" />
      <port id="id9.port0" name="in" originalid="id10" type="transition" portdir="None">
        <location x="421" y="285" />
        <size width="30" height="30" />
      </port>
      <port id="id9.port1" name="out" originalid="id19" type="transition" portdir="None">
        <location x="323" y="285" />
        <size width="30" height="30" />
      </port>
    </subpage>
    <arc id="id20" source="id0.port1" target="id10" delay="0" weight="1">
      <points>
        <point x="265" y="208" />
        <point x="288" y="208" />
      </points>
    </arc>
    <arc id="id24" source="id11" target="id7.port0" delay="0" weight="1">
      <points>
        <point x="598" y="77" />
        <point x="629" y="77" />
      </points>
    </arc>
    <arc id="id25" source="id7.port1" target="id12" delay="0" weight="1">
      <points>
        <point x="752" y="100" />
        <point x="752" y="140" />
      </points>
    </arc>
    <arc id="id27" source="id12" target="id2.port0" delay="0" weight="1">
      <points>
        <point x="746" y="169" />
        <point x="746" y="191" />
      </points>
    </arc>
    <arc id="id29" source="id3.port1" target="id13" delay="0" weight="1">
      <points>
        <point x="601" y="153" />
        <point x="623" y="153" />
      </points>
    </arc>
    <arc id="id31" source="id8.port1" target="id16" delay="0" weight="1">
      <points>
        <point x="362" y="372" />
        <point x="344" y="372" />
      </points>
    </arc>
    <arc id="id32" source="id9.port1" target="id16" delay="0" weight="1">
      <points>
        <point x="314" y="300" />
        <point x="314" y="357" />
      </points>
    </arc>
    <arc id="id33" source="id14" target="id9.port0" delay="0" weight="1">
      <points>
        <point x="448" y="285" />
        <point x="436" y="285" />
      </points>
    </arc>
    <arc id="id34" source="id13" target="id4.port0" delay="0" weight="1">
      <points>
        <point x="653" y="167" />
        <point x="653" y="228" />
      </points>
    </arc>
    <arc id="id35" source="id4.port1" target="id14" delay="0" weight="1">
      <points>
        <point x="532" y="258" />
        <point x="504" y="279" />
      </points>
    </arc>
    <arc id="id36" source="id16" target="id1.port0" delay="0" weight="1">
      <points>
        <point x="285" y="373" />
        <point x="262" y="373" />
      </points>
    </arc>
    <arc id="id37" source="id1.port1" target="id15" delay="0" weight="1">
      <points>
        <point x="137" y="374" />
        <point x="77" y="374" />
      </points>
    </arc>
    <arc id="id51" source="id49" target="id11" delay="0" weight="1">
      <points>
        <point x="510" y="35" />
        <point x="545" y="68" />
      </points>
    </arc>
    <arc id="id17" source="id5.port1" target="id10" delay="0" weight="1">
      <points>
        <point x="269" y="144" />
        <point x="300" y="197" />
      </points>
    </arc>
    <arc id="id18" source="id6.port1" target="id10" delay="0" weight="1">
      <points>
        <point x="264" y="279" />
        <point x="300" y="219" />
      </points>
    </arc>
    <arc id="id22" source="id10" target="id19" delay="0" weight="1">
      <points>
        <point x="319" y="194" />
        <point x="319" y="79" />
      </points>
    </arc>
    <arc id="id23" source="id10" target="id21" delay="0" weight="1">
      <points>
        <point x="348" y="208" />
        <point x="381" y="208" />
      </points>
    </arc>
    <arc id="id38" source="id21" target="id30" delay="0" weight="1">
      <points>
        <point x="431" y="209" />
        <point x="451" y="209" />
      </points>
    </arc>
    <arc id="id40" source="id19" target="id28" delay="0" weight="1">
      <points>
        <point x="299" y="63" />
        <point x="204" y="63" />
      </points>
    </arc>
    <arc id="id42" source="id28" target="id5.port0" delay="0" weight="1">
      <points>
        <point x="170" y="77" />
        <point x="170" y="114" />
      </points>
    </arc>
    <arc id="id43" source="id26" target="id0.port0" delay="0" weight="1">
      <points>
        <point x="82" y="219" />
        <point x="145" y="219" />
      </points>
    </arc>
    <arc id="id45" source="id2.port1" target="id44" delay="0" weight="1">
      <points>
        <point x="724" y="354" />
        <point x="696" y="354" />
      </points>
    </arc>
    <arc id="id46" source="id44" target="id41" delay="0" weight="1">
      <points>
        <point x="647" y="365" />
        <point x="630" y="413" />
      </points>
    </arc>
    <arc id="id47" source="id41" target="id39" delay="0" weight="1">
      <points>
        <point x="580" y="413" />
        <point x="562" y="367" />
      </points>
    </arc>
    <arc id="id48" source="id39" target="id8.port0" delay="0" weight="1">
      <points>
        <point x="519" y="357" />
        <point x="495" y="357" />
      </points>
    </arc>
    <arc id="id53" source="id30" target="id3.port0" delay="0" weight="1">
      <points>
        <point x="482" y="195" />
        <point x="482" y="160" />
      </points>
    </arc>
    <arc id="id56" source="id54" target="id26" delay="0" weight="1">
      <points>
        <point x="53" y="278" />
        <point x="53" y="235" />
      </points>
    </arc>
    <arc id="id59" source="id10" target="id58" delay="0" weight="1">
      <points>
        <point x="342" y="200" />
        <point x="383" y="155" />
      </points>
    </arc>
    <arc id="id60" source="id58" target="id57" delay="0" weight="1">
      <points>
        <point x="402" y="135" />
        <point x="402" y="90" />
      </points>
    </arc>
    <arc id="id61" source="id57" target="id49" delay="0" weight="1">
      <points>
        <point x="427" y="68" />
        <point x="460" y="35" />
      </points>
    </arc>
    <arc id="id55" source="id15" target="id50" delay="0" weight="1">
      <points>
        <point x="67" y="364" />
        <point x="74" y="328" />
      </points>
    </arc>
    <arc id="id62" source="id50" target="id52" delay="0" weight="1">
      <points>
        <point x="95" y="308" />
        <point x="95" y="275" />
      </points>
    </arc>
    <arc id="id63" source="id52" target="id6.port0" delay="0" weight="1">
      <points>
        <point x="121" y="267" />
        <point x="144" y="279" />
      </points>
    </arc>
    <arc id="id64" source="id15" target="id54" delay="0" weight="1">
      <points>
        <point x="47" y="360" />
        <point x="47" y="298" />
      </points>
    </arc>
  </page>
  <page id="main.page2" name="main.page2">
    <place id="id5" name="p0" initialmarking="1" portdir="None">
      <location x="466" y="280" />
      <size width="60" height="30" />
    </place>
    <place id="id1" name="p2" initialmarking="0" portdir="None">
      <location x="218" y="270" />
      <size width="60" height="30" />
    </place>
    <place id="id8" name="p3" initialmarking="1" portdir="None">
      <location x="395" y="284" />
      <size width="60" height="30" />
    </place>
    <place id="id11" name="p3" initialmarking="0" portdir="None">
      <location x="290" y="274" />
      <size width="60" height="30" />
    </place>
    <subpage id="id0" original="main.page1" name="main.page1 (id0)">
      <location x="335" y="194" />
      <size width="50" height="70" />
      <port id="id0.port0" name="out" originalid="id41" type="transition" portdir="None">
        <location x="290" y="194" />
        <size width="30" height="30" />
      </port>
      <port id="id0.port1" name="in" originalid="id49" type="transition" portdir="None">
        <location x="380" y="194" />
        <size width="30" height="30" />
      </port>
    </subpage>
    <subpage id="id2" original="main.page1" name="main.page1 (id2)">
      <location x="336" y="362" />
      <size width="50" height="70" />
      <port id="id2.port0" name="out" originalid="id41" type="transition" portdir="None">
        <location x="398" y="362" />
        <size width="30" height="30" />
      </port>
      <port id="id2.port1" name="in" originalid="id49" type="transition" portdir="None">
        <location x="264" y="362" />
        <size width="30" height="30" />
      </port>
    </subpage>
    <subpage id="id4" original="main.page1" name="main.page1 (id4)">
      <location x="333" y="470" />
      <size width="50" height="70" />
      <port id="id4.port0" name="out" originalid="id41" type="transition" portdir="None">
        <location x="475" y="460" />
        <size width="30" height="30" />
      </port>
      <port id="id4.port1" name="in" originalid="id49" type="transition" portdir="None">
        <location x="198" y="454" />
        <size width="30" height="30" />
      </port>
    </subpage>
    <arc id="id10" source="id5" target="id0.port1" delay="0" weight="1">
      <points>
        <point x="445" y="270" />
        <point x="395" y="209" />
      </points>
    </arc>
    <arc id="id22" source="id4.port0" target="id5" delay="0" weight="1">
      <points>
        <point x="466" y="445" />
        <point x="466" y="295" />
      </points>
    </arc>
    <arc id="id3" source="id0.port0" target="id1" delay="0" weight="1">
      <points>
        <point x="275" y="209" />
        <point x="238" y="260" />
      </points>
    </arc>
    <arc id="id7" source="id1" target="id4.port1" delay="0" weight="1">
      <points>
        <point x="215" y="284" />
        <point x="213" y="439" />
      </points>
    </arc>
    <arc id="id6" source="id8" target="id0.port1" delay="0" weight="1">
      <points>
        <point x="391" y="270" />
        <point x="391" y="209" />
      </points>
    </arc>
    <arc id="id15" source="id0.port0" target="id11" delay="0" weight="1">
      <points>
        <point x="290" y="209" />
        <point x="290" y="259" />
      </points>
    </arc>
    <arc id="id16" source="id11" target="id2.port1" delay="0" weight="1">
      <points>
        <point x="282" y="288" />
        <point x="279" y="347" />
      </points>
    </arc>
    <arc id="id17" source="id2.port0" target="id8" delay="0" weight="1">
      <points>
        <point x="395" y="347" />
        <point x="395" y="299" />
      </points>
    </arc>
  </page>
  <page id="page0" name="page0">
    <place id="id9" name="p9" initialmarking="1" portdir="None">
      <location x="248" y="243" />
      <size width="50" height="30" />
    </place>
    <place id="id10" name="p10" initialmarking="1" portdir="None">
      <location x="284" y="183" />
      <size width="50" height="30" />
    </place>
    <place id="id11" name="p11" initialmarking="0" portdir="None">
      <location x="67" y="157" />
      <size width="50" height="30" />
    </place>
    <place id="id17" name="p17" initialmarking="0" portdir="None">
      <location x="67" y="237" />
      <size width="50" height="30" />
    </place>
    <place id="id18" name="p18" initialmarking="0" portdir="None">
      <location x="65" y="322" />
      <size width="50" height="30" />
    </place>
    <place id="id19" name="p19" initialmarking="1" portdir="None">
      <location x="252" y="320" />
      <size width="50" height="30" />
    </place>
    <place id="id8" name="p9" initialmarking="1" portdir="None">
      <location x="533" y="237" />
      <size width="50" height="30" />
    </place>
    <place id="id12" name="p10" initialmarking="0" portdir="None">
      <location x="541" y="165" />
      <size width="50" height="30" />
    </place>
    <place id="id13" name="p11" initialmarking="0" portdir="None">
      <location x="288" y="120" />
      <size width="50" height="30" />
    </place>
    <place id="id14" name="p17" initialmarking="0" portdir="None">
      <location x="329" y="237" />
      <size width="50" height="30" />
    </place>
    <place id="id15" name="p18" initialmarking="0" portdir="None">
      <location x="332" y="322" />
      <size width="50" height="30" />
    </place>
    <place id="id16" name="p19" initialmarking="1" portdir="None">
      <location x="531" y="334" />
      <size width="50" height="30" />
    </place>
    <subpage id="id0" original="main.page1" name="main.page1">
      <location x="161" y="275" />
      <size width="50" height="70" />
      <port id="id0.port0" name="out" originalid="id41" type="transition" portdir="None">
        <location x="116" y="275" />
        <size width="30" height="30" />
      </port>
      <port id="id0.port1" name="in" originalid="id49" type="transition" portdir="None">
        <location x="206" y="275" />
        <size width="30" height="30" />
      </port>
    </subpage>
    <subpage id="id1" original="main.page1" name="main.page1">
      <location x="160" y="351" />
      <size width="50" height="70" />
      <port id="id1.port0" name="out" originalid="id41" type="transition" portdir="None">
        <location x="207" y="354" />
        <size width="30" height="30" />
      </port>
      <port id="id1.port1" name="in" originalid="id49" type="transition" portdir="None">
        <location x="110" y="354" />
        <size width="30" height="30" />
      </port>
    </subpage>
    <subpage id="id2" original="main.page1" name="main.page1">
      <location x="164" y="197" />
      <size width="50" height="70" />
      <port id="id2.port0" name="out" originalid="id41" type="transition" portdir="None">
        <location x="213" y="193" />
        <size width="30" height="30" />
      </port>
      <port id="id2.port1" name="in" originalid="id49" type="transition" portdir="None">
        <location x="111" y="193" />
        <size width="30" height="30" />
      </port>
    </subpage>
    <subpage id="id4" original="main.page1" name="main.page1">
      <location x="165" y="121" />
      <size width="50" height="70" />
      <port id="id4.port0" name="out" originalid="id41" type="transition" portdir="None">
        <location x="120" y="121" />
        <size width="30" height="30" />
      </port>
      <port id="id4.port1" name="in" originalid="id49" type="transition" portdir="None">
        <location x="210" y="121" />
        <size width="30" height="30" />
      </port>
    </subpage>
    <subpage id="id3" original="main.page1" name="main.page1">
      <location x="430" y="287" />
      <size width="50" height="70" />
      <port id="id3.port0" name="out" originalid="id41" type="transition" portdir="None">
        <location x="385" y="287" />
        <size width="30" height="30" />
      </port>
      <port id="id3.port1" name="in" originalid="id49" type="transition" portdir="None">
        <location x="475" y="287" />
        <size width="30" height="30" />
      </port>
    </subpage>
    <subpage id="id5" original="main.page1" name="main.page1">
      <location x="429" y="369" />
      <size width="50" height="70" />
      <port id="id5.port0" name="out" originalid="id41" type="transition" portdir="None">
        <location x="479" y="370" />
        <size width="30" height="30" />
      </port>
      <port id="id5.port1" name="in" originalid="id49" type="transition" portdir="None">
        <location x="378" y="370" />
        <size width="30" height="30" />
      </port>
    </subpage>
    <subpage id="id6" original="main.page1" name="main.page1">
      <location x="429" y="209" />
      <size width="50" height="70" />
      <port id="id6.port0" name="out" originalid="id41" type="transition" portdir="None">
        <location x="478" y="205" />
        <size width="30" height="30" />
      </port>
      <port id="id6.port1" name="in" originalid="id49" type="transition" portdir="None">
        <location x="378" y="204" />
        <size width="30" height="30" />
      </port>
    </subpage>
    <subpage id="id7" original="main.page1" name="main.page1">
      <location x="429" y="127" />
      <size width="50" height="70" />
      <port id="id7.port0" name="out" originalid="id41" type="transition" portdir="None">
        <location x="384" y="127" />
        <size width="30" height="30" />
      </port>
      <port id="id7.port1" name="in" originalid="id49" type="transition" portdir="None">
        <location x="474" y="127" />
        <size width="30" height="30" />
      </port>
    </subpage>
    <arc id="id20" source="id9" target="id0.port1" delay="0" weight="1">
      <points>
        <point x="229" y="252" />
        <point x="221" y="260" />
      </points>
    </arc>
    <arc id="id21" source="id19" target="id0.port1" delay="0" weight="1">
      <points>
        <point x="235" y="310" />
        <point x="221" y="290" />
      </points>
    </arc>
    <arc id="id22" source="id0.port0" target="id17" delay="0" weight="1">
      <points>
        <point x="101" y="260" />
        <point x="87" y="245" />
      </points>
    </arc>
    <arc id="id23" source="id0.port0" target="id18" delay="0" weight="1">
      <points>
        <point x="101" y="290" />
        <point x="83" y="313" />
      </points>
    </arc>
    <arc id="id24" source="id18" target="id1.port1" delay="0" weight="1">
      <points>
        <point x="85" y="330" />
        <point x="95" y="339" />
      </points>
    </arc>
    <arc id="id25" source="id1.port0" target="id19" delay="0" weight="1">
      <points>
        <point x="222" y="339" />
        <point x="231" y="328" />
      </points>
    </arc>
    <arc id="id26" source="id17" target="id2.port1" delay="0" weight="1">
      <points>
        <point x="84" y="227" />
        <point x="96" y="208" />
      </points>
    </arc>
    <arc id="id27" source="id2.port0" target="id9" delay="0" weight="1">
      <points>
        <point x="228" y="208" />
        <point x="236" y="230" />
      </points>
    </arc>
    <arc id="id28" source="id2.port0" target="id10" delay="0" weight="1">
      <points>
        <point x="228" y="183" />
        <point x="259" y="183" />
      </points>
    </arc>
    <arc id="id30" source="id4.port0" target="id11" delay="0" weight="1">
      <points>
        <point x="105" y="136" />
        <point x="88" y="150" />
      </points>
    </arc>
    <arc id="id31" source="id11" target="id2.port1" delay="0" weight="1">
      <points>
        <point x="86" y="166" />
        <point x="96" y="178" />
      </points>
    </arc>
    <arc id="id32" source="id8" target="id3.port1" delay="0" weight="1">
      <points>
        <point x="515" y="246" />
        <point x="490" y="272" />
      </points>
    </arc>
    <arc id="id34" source="id3.port0" target="id14" delay="0" weight="1">
      <points>
        <point x="370" y="272" />
        <point x="348" y="246" />
      </points>
    </arc>
    <arc id="id35" source="id3.port0" target="id15" delay="0" weight="1">
      <points>
        <point x="370" y="302" />
        <point x="354" y="316" />
      </points>
    </arc>
    <arc id="id36" source="id15" target="id5.port1" delay="0" weight="1">
      <points>
        <point x="349" y="332" />
        <point x="363" y="355" />
      </points>
    </arc>
    <arc id="id37" source="id5.port0" target="id16" delay="0" weight="1">
      <points>
        <point x="494" y="355" />
        <point x="510" y="341" />
      </points>
    </arc>
    <arc id="id38" source="id14" target="id6.port1" delay="0" weight="1">
      <points>
        <point x="349" y="229" />
        <point x="363" y="219" />
      </points>
    </arc>
    <arc id="id39" source="id6.port0" target="id8" delay="0" weight="1">
      <points>
        <point x="493" y="220" />
        <point x="510" y="232" />
      </points>
    </arc>
    <arc id="id40" source="id6.port0" target="id12" delay="0" weight="1">
      <points>
        <point x="493" y="190" />
        <point x="519" y="171" />
      </points>
    </arc>
    <arc id="id41" source="id12" target="id7.port1" delay="0" weight="1">
      <points>
        <point x="520" y="158" />
        <point x="489" y="142" />
      </points>
    </arc>
    <arc id="id29" source="id10" target="id6.port1" delay="0" weight="1">
      <points>
        <point x="308" y="186" />
        <point x="363" y="189" />
      </points>
    </arc>
    <arc id="id42" source="id7.port0" target="id13" delay="0" weight="1">
      <points>
        <point x="369" y="120" />
        <point x="313" y="120" />
      </points>
    </arc>
    <arc id="id43" source="id13" target="id4.port1" delay="0" weight="1">
      <points>
        <point x="264" y="120" />
        <point x="225" y="120" />
      </points>
    </arc>
    <arc id="id33" source="id16" target="id3.port1" delay="0" weight="1">
      <points>
        <point x="512" y="325" />
        <point x="490" y="302" />
      </points>
    </arc>
  </page>
</petrinet>