﻿<?xml version="1.0" encoding="utf-8"?>
<petrinet name="main">
  <page id="main.page0" name="main.page0">
    <place id="id0" name="p0" initialmarking="1" portdir="None">
      <location x="116" y="131" />
      <size width="60" height="30" />
    </place>
    <place id="id1" name="p1" initialmarking="0" portdir="None">
      <location x="198" y="132" />
      <size width="60" height="30" />
    </place>
    <place id="id2" name="p2" initialmarking="0" portdir="None">
      <location x="288" y="135" />
      <size width="60" height="30" />
    </place>
    <place id="id3" name="p3" initialmarking="0" portdir="None">
      <location x="385" y="142" />
      <size width="60" height="30" />
    </place>
    <place id="id4" name="p4" initialmarking="0" portdir="None">
      <location x="490" y="136" />
      <size width="60" height="30" />
    </place>
    <place id="id5" name="p5" initialmarking="0" portdir="None">
      <location x="476" y="428" />
      <size width="60" height="30" />
    </place>
    <place id="id6" name="p6" initialmarking="0" portdir="None">
      <location x="379" y="427" />
      <size width="60" height="30" />
    </place>
    <place id="id7" name="p7" initialmarking="0" portdir="None">
      <location x="296" y="422" />
      <size width="60" height="30" />
    </place>
    <place id="id8" name="p8" initialmarking="0" portdir="None">
      <location x="206" y="427" />
      <size width="60" height="30" />
    </place>
    <place id="id9" name="p9" initialmarking="0" portdir="None">
      <location x="104" y="419" />
      <size width="60" height="30" />
    </place>
    <transition id="id10" name="in" portdir="In">
      <location x="164" y="226" />
      <size width="50" height="20" />
    </transition>
    <transition id="id11" name="t1" portdir="None">
      <location x="248" y="226" />
      <size width="50" height="20" />
    </transition>
    <transition id="id12" name="t2" portdir="None">
      <location x="339" y="228" />
      <size width="50" height="20" />
    </transition>
    <transition id="id13" name="t3" portdir="None">
      <location x="433" y="239" />
      <size width="50" height="20" />
    </transition>
    <transition id="id14" name="t4" portdir="None">
      <location x="476" y="281" />
      <size width="50" height="20" />
    </transition>
    <transition id="id15" name="t5" portdir="None">
      <location x="436" y="324" />
      <size width="50" height="20" />
    </transition>
    <transition id="id16" name="t6" portdir="None">
      <location x="337" y="324" />
      <size width="50" height="20" />
    </transition>
    <transition id="id17" name="t7" portdir="None">
      <location x="252" y="324" />
      <size width="50" height="20" />
    </transition>
    <transition id="id18" name="t8" portdir="None">
      <location x="176" y="321" />
      <size width="50" height="20" />
    </transition>
    <transition id="id19" name="out" portdir="Out">
      <location x="126" y="266" />
      <size width="50" height="20" />
    </transition>
    <arc id="id20" source="id0" target="id10" delay="0" weight="1">
      <points>
        <point x="129" y="144" />
        <point x="139" y="216" />
      </points>
    </arc>
    <arc id="id21" source="id10" target="id1" delay="0" weight="1">
      <points>
        <point x="189" y="216" />
        <point x="195" y="146" />
      </points>
    </arc>
    <arc id="id22" source="id1" target="id11" delay="0" weight="1">
      <points>
        <point x="212" y="145" />
        <point x="223" y="216" />
      </points>
    </arc>
    <arc id="id23" source="id11" target="id2" delay="0" weight="1">
      <points>
        <point x="273" y="216" />
        <point x="283" y="149" />
      </points>
    </arc>
    <arc id="id24" source="id2" target="id12" delay="0" weight="1">
      <points>
        <point x="302" y="148" />
        <point x="314" y="218" />
      </points>
    </arc>
    <arc id="id25" source="id12" target="id3" delay="0" weight="1">
      <points>
        <point x="364" y="218" />
        <point x="378" y="156" />
      </points>
    </arc>
    <arc id="id26" source="id3" target="id13" delay="0" weight="1">
      <points>
        <point x="398" y="155" />
        <point x="408" y="229" />
      </points>
    </arc>
    <arc id="id28" source="id4" target="id14" delay="0" weight="1">
      <points>
        <point x="488" y="150" />
        <point x="488" y="271" />
      </points>
    </arc>
    <arc id="id29" source="id14" target="id5" delay="0" weight="1">
      <points>
        <point x="476" y="291" />
        <point x="476" y="413" />
      </points>
    </arc>
    <arc id="id30" source="id5" target="id15" delay="0" weight="1">
      <points>
        <point x="466" y="414" />
        <point x="461" y="334" />
      </points>
    </arc>
    <arc id="id31" source="id15" target="id6" delay="0" weight="1">
      <points>
        <point x="411" y="334" />
        <point x="388" y="413" />
      </points>
    </arc>
    <arc id="id32" source="id6" target="id16" delay="0" weight="1">
      <points>
        <point x="368" y="414" />
        <point x="362" y="334" />
      </points>
    </arc>
    <arc id="id33" source="id16" target="id7" delay="0" weight="1">
      <points>
        <point x="312" y="334" />
        <point x="301" y="408" />
      </points>
    </arc>
    <arc id="id34" source="id7" target="id17" delay="0" weight="1">
      <points>
        <point x="284" y="409" />
        <point x="277" y="334" />
      </points>
    </arc>
    <arc id="id35" source="id17" target="id8" delay="0" weight="1">
      <points>
        <point x="227" y="334" />
        <point x="212" y="413" />
      </points>
    </arc>
    <arc id="id36" source="id8" target="id18" delay="0" weight="1">
      <points>
        <point x="198" y="413" />
        <point x="198" y="331" />
      </points>
    </arc>
    <arc id="id37" source="id18" target="id9" delay="0" weight="1">
      <points>
        <point x="151" y="331" />
        <point x="118" y="406" />
      </points>
    </arc>
    <arc id="id38" source="id9" target="id19" delay="0" weight="1">
      <points>
        <point x="108" y="405" />
        <point x="108" y="276" />
      </points>
    </arc>
    <arc id="id39" source="id19" target="id0" delay="0" weight="1">
      <points>
        <point x="116" y="256" />
        <point x="116" y="146" />
      </points>
    </arc>
    <arc id="id27" source="id13" target="id4" delay="0" weight="1">
      <points>
        <point x="458" y="229" />
        <point x="481" y="150" />
      </points>
    </arc>
  </page>
  <page id="main.page1" name="main.page1">
    <place id="id10" name="p0" initialmarking="1" portdir="None">
      <location x="314" y="171" />
      <size width="60" height="30" />
    </place>
    <place id="id11" name="p1" initialmarking="0" portdir="None">
      <location x="569" y="178" />
      <size width="60" height="30" />
    </place>
    <place id="id12" name="p2" initialmarking="0" portdir="None">
      <location x="554" y="434" />
      <size width="60" height="30" />
    </place>
    <place id="id13" name="p3" initialmarking="0" portdir="None">
      <location x="273" y="500" />
      <size width="60" height="30" />
    </place>
    <place id="id14" name="p4" initialmarking="0" portdir="None">
      <location x="284" y="687" />
      <size width="60" height="30" />
    </place>
    <place id="id15" name="p5" initialmarking="0" portdir="None">
      <location x="74" y="782" />
      <size width="60" height="30" />
    </place>
    <place id="id16" name="p6" initialmarking="0" portdir="None">
      <location x="542" y="696" />
      <size width="60" height="30" />
    </place>
    <place id="id17" name="p7" initialmarking="0" portdir="None">
      <location x="276" y="422" />
      <size width="60" height="30" />
    </place>
    <place id="id18" name="p8" initialmarking="0" portdir="None">
      <location x="214" y="366" />
      <size width="60" height="30" />
    </place>
    <place id="id19" name="p9" initialmarking="0" portdir="None">
      <location x="267" y="304" />
      <size width="60" height="30" />
    </place>
    <transition id="id41" name="out" portdir="Out">
      <location x="170" y="428" />
      <size width="50" height="20" />
    </transition>
    <transition id="id49" name="in" portdir="In">
      <location x="420" y="173" />
      <size width="50" height="20" />
    </transition>
    <subpage id="id0" original="main.page0" name="main.page0 (id0)">
      <location x="206" y="165" />
      <size width="50" height="70" />
      <port id="id0.port0" name="in" originalid="id10" type="transition" portdir="None">
        <location x="161" y="165" />
        <size width="30" height="30" />
      </port>
      <port id="id0.port1" name="out" originalid="id19" type="transition" portdir="None">
        <location x="251" y="165" />
        <size width="30" height="30" />
      </port>
    </subpage>
    <subpage id="id1" original="main.page0" name="main.page0 (id1)">
      <location x="495" y="763" />
      <size width="50" height="70" />
      <port id="id1.port0" name="in" originalid="id10" type="transition" portdir="None">
        <location x="552" y="751" />
        <size width="30" height="30" />
      </port>
      <port id="id1.port1" name="out" originalid="id19" type="transition" portdir="None">
        <location x="430" y="775" />
        <size width="30" height="30" />
      </port>
    </subpage>
    <subpage id="id2" original="main.page0" name="main.page0 (id2)">
      <location x="413" y="421" />
      <size width="50" height="70" />
      <port id="id2.port0" name="in" originalid="id10" type="transition" portdir="None">
        <location x="475" y="428" />
        <size width="30" height="30" />
      </port>
      <port id="id2.port1" name="out" originalid="id19" type="transition" portdir="None">
        <location x="347" y="417" />
        <size width="30" height="30" />
      </port>
    </subpage>
    <subpage id="id3" original="main.page0" name="main.page0 (id3)">
      <location x="410" y="508" />
      <size width="50" height="70" />
      <port id="id3.port0" name="in" originalid="id10" type="transition" portdir="None">
        <location x="476" y="497" />
        <size width="30" height="30" />
      </port>
      <port id="id3.port1" name="out" originalid="id19" type="transition" portdir="None">
        <location x="345" y="500" />
        <size width="30" height="30" />
      </port>
    </subpage>
    <subpage id="id4" original="main.page0" name="main.page0 (id4)">
      <location x="214" y="595" />
      <size width="50" height="70" />
      <port id="id4.port0" name="in" originalid="id10" type="transition" portdir="None">
        <location x="217" y="521" />
        <size width="30" height="30" />
      </port>
      <port id="id4.port1" name="out" originalid="id19" type="transition" portdir="None">
        <location x="219" y="676" />
        <size width="30" height="30" />
      </port>
    </subpage>
    <subpage id="id5" original="main.page0" name="main.page0 (id5)">
      <location x="421" y="109" />
      <size width="50" height="70" />
      <port id="id5.port0" name="in" originalid="id10" type="transition" portdir="None">
        <location x="376" y="109" />
        <size width="30" height="30" />
      </port>
      <port id="id5.port1" name="out" originalid="id19" type="transition" portdir="None">
        <location x="466" y="109" />
        <size width="30" height="30" />
      </port>
    </subpage>
    <subpage id="id6" original="main.page0" name="main.page0 (id6)">
      <location x="424" y="223" />
      <size width="50" height="70" />
      <port id="id6.port0" name="in" originalid="id10" type="transition" portdir="None">
        <location x="379" y="223" />
        <size width="30" height="30" />
      </port>
      <port id="id6.port1" name="out" originalid="id19" type="transition" portdir="None">
        <location x="469" y="223" />
        <size width="30" height="30" />
      </port>
    </subpage>
    <subpage id="id7" original="main.page0" name="main.page0 (id7)">
      <location x="561" y="318" />
      <size width="50" height="70" />
      <port id="id7.port0" name="in" originalid="id10" type="transition" portdir="None">
        <location x="556" y="254" />
        <size width="30" height="30" />
      </port>
      <port id="id7.port1" name="out" originalid="id19" type="transition" portdir="None">
        <location x="556" y="381" />
        <size width="30" height="30" />
      </port>
    </subpage>
    <subpage id="id8" original="main.page0" name="main.page0 (id8)">
      <location x="409" y="591" />
      <size width="50" height="70" />
      <port id="id8.port0" name="in" originalid="id10" type="transition" portdir="None">
        <location x="364" y="591" />
        <size width="30" height="30" />
      </port>
      <port id="id8.port1" name="out" originalid="id19" type="transition" portdir="None">
        <location x="454" y="591" />
        <size width="30" height="30" />
      </port>
    </subpage>
    <subpage id="id9" original="main.page0" name="main.page0 (id9)">
      <location x="407" y="679" />
      <size width="50" height="70" />
      <port id="id9.port0" name="in" originalid="id10" type="transition" portdir="None">
        <location x="362" y="679" />
        <size width="30" height="30" />
      </port>
      <port id="id9.port1" name="out" originalid="id19" type="transition" portdir="None">
        <location x="452" y="679" />
        <size width="30" height="30" />
      </port>
    </subpage>
    <arc id="id20" source="id0.port1" target="id10" delay="0" weight="1">
      <points>
        <point x="266" y="171" />
        <point x="284" y="171" />
      </points>
    </arc>
    <arc id="id21" source="id10" target="id5.port0" delay="0" weight="1">
      <points>
        <point x="335" y="161" />
        <point x="361" y="124" />
      </points>
    </arc>
    <arc id="id22" source="id10" target="id6.port0" delay="0" weight="1">
      <points>
        <point x="337" y="180" />
        <point x="364" y="208" />
      </points>
    </arc>
    <arc id="id23" source="id5.port1" target="id11" delay="0" weight="1">
      <points>
        <point x="481" y="124" />
        <point x="544" y="171" />
      </points>
    </arc>
    <arc id="id24" source="id11" target="id7.port0" delay="0" weight="1">
      <points>
        <point x="564" y="192" />
        <point x="564" y="239" />
      </points>
    </arc>
    <arc id="id25" source="id7.port1" target="id12" delay="0" weight="1">
      <points>
        <point x="554" y="396" />
        <point x="554" y="419" />
      </points>
    </arc>
    <arc id="id26" source="id12" target="id3.port0" delay="0" weight="1">
      <points>
        <point x="531" y="443" />
        <point x="491" y="482" />
      </points>
    </arc>
    <arc id="id27" source="id12" target="id2.port0" delay="0" weight="1">
      <points>
        <point x="525" y="433" />
        <point x="490" y="433" />
      </points>
    </arc>
    <arc id="id28" source="id2.port1" target="id17" delay="0" weight="1">
      <points>
        <point x="332" y="422" />
        <point x="306" y="422" />
      </points>
    </arc>
    <arc id="id29" source="id3.port1" target="id13" delay="0" weight="1">
      <points>
        <point x="330" y="500" />
        <point x="303" y="500" />
      </points>
    </arc>
    <arc id="id30" source="id13" target="id8.port0" delay="0" weight="1">
      <points>
        <point x="294" y="510" />
        <point x="349" y="576" />
      </points>
    </arc>
    <arc id="id31" source="id8.port1" target="id16" delay="0" weight="1">
      <points>
        <point x="469" y="606" />
        <point x="524" y="685" />
      </points>
    </arc>
    <arc id="id32" source="id9.port1" target="id16" delay="0" weight="1">
      <points>
        <point x="467" y="694" />
        <point x="513" y="696" />
      </points>
    </arc>
    <arc id="id33" source="id14" target="id9.port0" delay="0" weight="1">
      <points>
        <point x="313" y="686" />
        <point x="347" y="686" />
      </points>
    </arc>
    <arc id="id34" source="id13" target="id4.port0" delay="0" weight="1">
      <points>
        <point x="245" y="505" />
        <point x="232" y="506" />
      </points>
    </arc>
    <arc id="id35" source="id4.port1" target="id14" delay="0" weight="1">
      <points>
        <point x="234" y="687" />
        <point x="254" y="687" />
      </points>
    </arc>
    <arc id="id36" source="id16" target="id1.port0" delay="0" weight="1">
      <points>
        <point x="547" y="710" />
        <point x="547" y="736" />
      </points>
    </arc>
    <arc id="id37" source="id1.port1" target="id15" delay="0" weight="1">
      <points>
        <point x="415" y="782" />
        <point x="104" y="782" />
      </points>
    </arc>
    <arc id="id38" source="id15" target="id0.port0" delay="0" weight="1">
      <points>
        <point x="78" y="768" />
        <point x="146" y="180" />
      </points>
    </arc>
    <arc id="id39" source="id6.port1" target="id17" delay="0" weight="1">
      <points>
        <point x="454" y="238" />
        <point x="296" y="412" />
      </points>
    </arc>
    <arc id="id40" source="id2.port1" target="id19" delay="0" weight="1">
      <points>
        <point x="332" y="402" />
        <point x="283" y="316" />
      </points>
    </arc>
    <arc id="id42" source="id6.port1" target="id19" delay="0" weight="1">
      <points>
        <point x="454" y="238" />
        <point x="295" y="300" />
      </points>
    </arc>
    <arc id="id43" source="id6.port1" target="id18" delay="0" weight="1">
      <points>
        <point x="454" y="238" />
        <point x="240" y="359" />
      </points>
    </arc>
    <arc id="id44" source="id2.port1" target="id18" delay="0" weight="1">
      <points>
        <point x="332" y="402" />
        <point x="242" y="370" />
      </points>
    </arc>
    <arc id="id45" source="id19" target="id41" delay="0" weight="1">
      <points>
        <point x="249" y="315" />
        <point x="195" y="418" />
      </points>
    </arc>
    <arc id="id46" source="id18" target="id41" delay="0" weight="1">
      <points>
        <point x="197" y="378" />
        <point x="195" y="418" />
      </points>
    </arc>
    <arc id="id47" source="id17" target="id41" delay="0" weight="1">
      <points>
        <point x="247" y="422" />
        <point x="195" y="422" />
      </points>
    </arc>
    <arc id="id48" source="id41" target="id15" delay="0" weight="1">
      <points>
        <point x="145" y="438" />
        <point x="80" y="768" />
      </points>
    </arc>
    <arc id="id50" source="id10" target="id49" delay="0" weight="1">
      <points>
        <point x="343" y="171" />
        <point x="395" y="171" />
      </points>
    </arc>
    <arc id="id51" source="id49" target="id11" delay="0" weight="1">
      <points>
        <point x="445" y="178" />
        <point x="539" y="178" />
      </points>
    </arc>
  </page>
  <page id="main.page2" name="main.page2">
    <place id="id5" name="p0" initialmarking="1" portdir="None">
      <location x="423" y="278" />
      <size width="60" height="30" />
    </place>
    <place id="id6" name="p1" initialmarking="0" portdir="None">
      <location x="400" y="552" />
      <size width="60" height="30" />
    </place>
    <place id="id7" name="p2" initialmarking="0" portdir="None">
      <location x="389" y="901" />
      <size width="60" height="30" />
    </place>
    <place id="id8" name="p3" initialmarking="0" portdir="None">
      <location x="396" y="1029" />
      <size width="60" height="30" />
    </place>
    <place id="id9" name="p4" initialmarking="0" portdir="None">
      <location x="137" y="978" />
      <size width="60" height="30" />
    </place>
    <place id="id19" name="p5" initialmarking="0" portdir="None">
      <location x="118" y="760" />
      <size width="60" height="30" />
    </place>
    <subpage id="id0" original="main.page1" name="main.page1 (id0)">
      <location x="271" y="188" />
      <size width="50" height="70" />
      <port id="id0.port0" name="out" originalid="id41" type="transition" portdir="None">
        <location x="226" y="188" />
        <size width="30" height="30" />
      </port>
      <port id="id0.port1" name="in" originalid="id49" type="transition" portdir="None">
        <location x="316" y="188" />
        <size width="30" height="30" />
      </port>
    </subpage>
    <subpage id="id1" original="main.page1" name="main.page1 (id1)">
      <location x="207" y="476" />
      <size width="50" height="70" />
      <port id="id1.port0" name="out" originalid="id41" type="transition" portdir="None">
        <location x="162" y="476" />
        <size width="30" height="30" />
      </port>
      <port id="id1.port1" name="in" originalid="id49" type="transition" portdir="None">
        <location x="252" y="476" />
        <size width="30" height="30" />
      </port>
    </subpage>
    <subpage id="id2" original="main.page1" name="main.page1 (id2)">
      <location x="258" y="335" />
      <size width="50" height="70" />
      <port id="id2.port0" name="out" originalid="id41" type="transition" portdir="None">
        <location x="213" y="335" />
        <size width="30" height="30" />
      </port>
      <port id="id2.port1" name="in" originalid="id49" type="transition" portdir="None">
        <location x="303" y="335" />
        <size width="30" height="30" />
      </port>
    </subpage>
    <subpage id="id3" original="main.page1" name="main.page1 (id3)">
      <location x="226" y="675" />
      <size width="50" height="70" />
      <port id="id3.port0" name="out" originalid="id41" type="transition" portdir="None">
        <location x="181" y="675" />
        <size width="30" height="30" />
      </port>
      <port id="id3.port1" name="in" originalid="id49" type="transition" portdir="None">
        <location x="271" y="675" />
        <size width="30" height="30" />
      </port>
    </subpage>
    <subpage id="id4" original="main.page1" name="main.page1 (id4)">
      <location x="262" y="842" />
      <size width="50" height="70" />
      <port id="id4.port0" name="out" originalid="id41" type="transition" portdir="None">
        <location x="217" y="842" />
        <size width="30" height="30" />
      </port>
      <port id="id4.port1" name="in" originalid="id49" type="transition" portdir="None">
        <location x="307" y="842" />
        <size width="30" height="30" />
      </port>
    </subpage>
    <arc id="id10" source="id5" target="id0.port1" delay="0" weight="1">
      <points>
        <point x="401" y="269" />
        <point x="331" y="203" />
      </points>
    </arc>
    <arc id="id11" source="id0.port0" target="id6" delay="0" weight="1">
      <points>
        <point x="241" y="203" />
        <point x="388" y="539" />
      </points>
    </arc>
    <arc id="id12" source="id0.port0" target="id7" delay="0" weight="1">
      <points>
        <point x="241" y="203" />
        <point x="383" y="887" />
      </points>
    </arc>
    <arc id="id13" source="id6" target="id2.port1" delay="0" weight="1">
      <points>
        <point x="388" y="539" />
        <point x="318" y="350" />
      </points>
    </arc>
    <arc id="id14" source="id7" target="id1.port1" delay="0" weight="1">
      <points>
        <point x="380" y="887" />
        <point x="267" y="491" />
      </points>
    </arc>
    <arc id="id15" source="id2.port0" target="id9" delay="0" weight="1">
      <points>
        <point x="198" y="350" />
        <point x="139" y="964" />
      </points>
    </arc>
    <arc id="id16" source="id1.port0" target="id8" delay="0" weight="1">
      <points>
        <point x="177" y="491" />
        <point x="385" y="1016" />
      </points>
    </arc>
    <arc id="id17" source="id8" target="id3.port1" delay="0" weight="1">
      <points>
        <point x="387" y="1015" />
        <point x="286" y="690" />
      </points>
    </arc>
    <arc id="id18" source="id9" target="id3.port1" delay="0" weight="1">
      <points>
        <point x="149" y="965" />
        <point x="256" y="690" />
      </points>
    </arc>
    <arc id="id20" source="id3.port0" target="id19" delay="0" weight="1">
      <points>
        <point x="166" y="690" />
        <point x="134" y="748" />
      </points>
    </arc>
    <arc id="id21" source="id19" target="id4.port1" delay="0" weight="1">
      <points>
        <point x="145" y="765" />
        <point x="292" y="827" />
      </points>
    </arc>
    <arc id="id22" source="id4.port0" target="id5" delay="0" weight="1">
      <points>
        <point x="232" y="827" />
        <point x="414" y="292" />
      </points>
    </arc>
  </page>
</petrinet>