﻿<?xml version="1.0" encoding="utf-8"?>
<petrinet name="main">
  <page id="main.page0" name="main.page0">
    <place id="id0" name="p0" initialmarking="0" portdir="None">
      <location x="130" y="267" />
      <size width="60" height="30" />
    </place>
    <place id="id1" name="p1" initialmarking="0" portdir="None">
      <location x="561" y="367" />
      <size width="60" height="30" />
    </place>
    <place id="id2" name="p2" initialmarking="0" portdir="None">
      <location x="351" y="397" />
      <size width="60" height="30" />
    </place>
    <place id="id3" name="p3" initialmarking="0" portdir="None">
      <location x="567" y="482" />
      <size width="60" height="30" />
    </place>
    <place id="id5" name="p5" initialmarking="0" portdir="None">
      <location x="611" y="610" />
      <size width="60" height="30" />
    </place>
    <place id="id6" name="p6" initialmarking="0" portdir="None">
      <location x="218" y="544" />
      <size width="60" height="30" />
    </place>
    <place id="id7" name="p7" initialmarking="0" portdir="None">
      <location x="327" y="549" />
      <size width="60" height="30" />
    </place>
    <place id="id8" name="p8" initialmarking="0" portdir="None">
      <location x="409" y="550" />
      <size width="60" height="30" />
    </place>
    <place id="id9" name="p9" initialmarking="0" portdir="None">
      <location x="493" y="547" />
      <size width="60" height="30" />
    </place>
    <place id="id31" name="p10" initialmarking="0" portdir="None">
      <location x="623" y="728" />
      <size width="60" height="30" />
    </place>
    <place id="id41" name="p11" initialmarking="0" portdir="None">
      <location x="283" y="681" />
      <size width="60" height="30" />
    </place>
    <place id="id42" name="p12" initialmarking="0" portdir="None">
      <location x="444" y="673" />
      <size width="60" height="30" />
    </place>
    <place id="id44" name="p13" initialmarking="1" portdir="None">
      <location x="138" y="804" />
      <size width="60" height="30" />
    </place>
    <place id="id25" name="p13" initialmarking="0" portdir="None">
      <location x="644" y="358" />
      <size width="60" height="30" />
    </place>
    <place id="id28" name="p14" initialmarking="0" portdir="None">
      <location x="648" y="479" />
      <size width="60" height="30" />
    </place>
    <transition id="id10" name="t0" portdir="None">
      <location x="590" y="260" />
      <size width="50" height="20" />
    </transition>
    <transition id="id11" name="t1" portdir="None">
      <location x="337" y="334" />
      <size width="50" height="20" />
    </transition>
    <transition id="id12" name="t2" portdir="None">
      <location x="560" y="422" />
      <size width="50" height="20" />
    </transition>
    <transition id="id14" name="t4" portdir="None">
      <location x="611" y="542" />
      <size width="50" height="20" />
    </transition>
    <transition id="id15" name="t5" portdir="None">
      <location x="273" y="464" />
      <size width="50" height="20" />
    </transition>
    <transition id="id16" name="t6" portdir="None">
      <location x="441" y="466" />
      <size width="50" height="20" />
    </transition>
    <transition id="id17" name="t7" portdir="None">
      <location x="619" y="669" />
      <size width="50" height="20" />
    </transition>
    <transition id="id37" name="t8" portdir="None">
      <location x="210" y="616" />
      <size width="50" height="20" />
    </transition>
    <transition id="id38" name="t9" portdir="None">
      <location x="324" y="613" />
      <size width="50" height="20" />
    </transition>
    <transition id="id39" name="t10" portdir="None">
      <location x="421" y="609" />
      <size width="50" height="20" />
    </transition>
    <transition id="id40" name="t11" portdir="None">
      <location x="497" y="611" />
      <size width="50" height="20" />
    </transition>
    <transition id="id43" name="t12" portdir="None">
      <location x="366" y="749" />
      <size width="50" height="20" />
    </transition>
    <transition id="id45" name="t13" portdir="None">
      <location x="625" y="799" />
      <size width="50" height="20" />
    </transition>
    <transition id="id60" name="t13" portdir="None">
      <location x="641" y="422" />
      <size width="50" height="20" />
    </transition>
    <transition id="id62" name="t14" portdir="Bidirection">
      <location x="116" y="542" />
      <size width="50" height="20" />
    </transition>
    <arc id="id19" source="id0" target="id10" delay="0" weight="1">
      <points>
        <point x="159" y="267" />
        <point x="565" y="267" />
      </points>
    </arc>
    <arc id="id20" source="id10" target="id1" delay="0" weight="1">
      <points>
        <point x="565" y="270" />
        <point x="562" y="353" />
      </points>
    </arc>
    <arc id="id21" source="id0" target="id11" delay="0" weight="1">
      <points>
        <point x="158" y="271" />
        <point x="312" y="324" />
      </points>
    </arc>
    <arc id="id22" source="id1" target="id12" delay="0" weight="1">
      <points>
        <point x="561" y="381" />
        <point x="561" y="412" />
      </points>
    </arc>
    <arc id="id23" source="id12" target="id3" delay="0" weight="1">
      <points>
        <point x="567" y="432" />
        <point x="567" y="467" />
      </points>
    </arc>
    <arc id="id24" source="id11" target="id2" delay="0" weight="1">
      <points>
        <point x="351" y="344" />
        <point x="351" y="382" />
      </points>
    </arc>
    <arc id="id18" source="id3" target="id14" delay="0" weight="1">
      <points>
        <point x="584" y="494" />
        <point x="586" y="532" />
      </points>
    </arc>
    <arc id="id27" source="id14" target="id5" delay="0" weight="1">
      <points>
        <point x="611" y="552" />
        <point x="611" y="595" />
      </points>
    </arc>
    <arc id="id30" source="id5" target="id17" delay="0" weight="1">
      <points>
        <point x="615" y="624" />
        <point x="615" y="659" />
      </points>
    </arc>
    <arc id="id32" source="id15" target="id6" delay="0" weight="1">
      <points>
        <point x="248" y="474" />
        <point x="229" y="531" />
      </points>
    </arc>
    <arc id="id33" source="id15" target="id7" delay="0" weight="1">
      <points>
        <point x="298" y="474" />
        <point x="317" y="536" />
      </points>
    </arc>
    <arc id="id34" source="id16" target="id8" delay="0" weight="1">
      <points>
        <point x="416" y="476" />
        <point x="411" y="536" />
      </points>
    </arc>
    <arc id="id35" source="id16" target="id9" delay="0" weight="1">
      <points>
        <point x="466" y="476" />
        <point x="483" y="533" />
      </points>
    </arc>
    <arc id="id36" source="id17" target="id31" delay="0" weight="1">
      <points>
        <point x="623" y="679" />
        <point x="623" y="713" />
      </points>
    </arc>
    <arc id="id46" source="id31" target="id45" delay="0" weight="1">
      <points>
        <point x="623" y="742" />
        <point x="623" y="789" />
      </points>
    </arc>
    <arc id="id47" source="id45" target="id44" delay="0" weight="1">
      <points>
        <point x="600" y="804" />
        <point x="168" y="804" />
      </points>
    </arc>
    <arc id="id48" source="id9" target="id40" delay="0" weight="1">
      <points>
        <point x="494" y="561" />
        <point x="494" y="601" />
      </points>
    </arc>
    <arc id="id49" source="id40" target="id42" delay="0" weight="1">
      <points>
        <point x="472" y="621" />
        <point x="458" y="660" />
      </points>
    </arc>
    <arc id="id50" source="id7" target="id38" delay="0" weight="1">
      <points>
        <point x="326" y="563" />
        <point x="326" y="603" />
      </points>
    </arc>
    <arc id="id51" source="id38" target="id42" delay="0" weight="1">
      <points>
        <point x="349" y="623" />
        <point x="418" y="667" />
      </points>
    </arc>
    <arc id="id52" source="id8" target="id39" delay="0" weight="1">
      <points>
        <point x="414" y="564" />
        <point x="414" y="599" />
      </points>
    </arc>
    <arc id="id53" source="id39" target="id41" delay="0" weight="1">
      <points>
        <point x="396" y="619" />
        <point x="309" y="674" />
      </points>
    </arc>
    <arc id="id54" source="id6" target="id37" delay="0" weight="1">
      <points>
        <point x="215" y="558" />
        <point x="215" y="606" />
      </points>
    </arc>
    <arc id="id55" source="id37" target="id41" delay="0" weight="1">
      <points>
        <point x="235" y="626" />
        <point x="264" y="670" />
      </points>
    </arc>
    <arc id="id56" source="id41" target="id43" delay="0" weight="1">
      <points>
        <point x="306" y="690" />
        <point x="341" y="739" />
      </points>
    </arc>
    <arc id="id57" source="id42" target="id43" delay="0" weight="1">
      <points>
        <point x="423" y="683" />
        <point x="391" y="739" />
      </points>
    </arc>
    <arc id="id58" source="id43" target="id44" delay="0" weight="1">
      <points>
        <point x="341" y="759" />
        <point x="167" y="801" />
      </points>
    </arc>
    <arc id="id4" source="id2" target="id15" delay="0" weight="1">
      <points>
        <point x="329" y="406" />
        <point x="298" y="454" />
      </points>
    </arc>
    <arc id="id13" source="id2" target="id16" delay="0" weight="1">
      <points>
        <point x="374" y="406" />
        <point x="416" y="456" />
      </points>
    </arc>
    <arc id="id26" source="id10" target="id25" delay="0" weight="1">
      <points>
        <point x="615" y="270" />
        <point x="635" y="344" />
      </points>
    </arc>
    <arc id="id29" source="id25" target="id60" delay="0" weight="1">
      <points>
        <point x="643" y="372" />
        <point x="643" y="412" />
      </points>
    </arc>
    <arc id="id59" source="id60" target="id28" delay="0" weight="1">
      <points>
        <point x="648" y="432" />
        <point x="648" y="464" />
      </points>
    </arc>
    <arc id="id61" source="id28" target="id14" delay="0" weight="1">
      <points>
        <point x="633" y="491" />
        <point x="633" y="532" />
      </points>
    </arc>
    <arc id="id63" source="id44" target="id62" delay="0" weight="1">
      <points>
        <point x="136" y="790" />
        <point x="136" y="552" />
      </points>
    </arc>
    <arc id="id64" source="id62" target="id0" delay="0" weight="1">
      <points>
        <point x="130" y="532" />
        <point x="130" y="282" />
      </points>
    </arc>
  </page>
  <page id="main.page1" name="main.page1">
    <place id="id10" name="p0" initialmarking="1" portdir="None">
      <location x="204" y="101" />
      <size width="60" height="30" />
    </place>
    <place id="id11" name="p1" initialmarking="0" portdir="None">
      <location x="202" y="211" />
      <size width="60" height="30" />
    </place>
    <place id="id12" name="p2" initialmarking="0" portdir="None">
      <location x="205" y="338" />
      <size width="60" height="30" />
    </place>
    <place id="id13" name="p3" initialmarking="0" portdir="None">
      <location x="206" y="445" />
      <size width="60" height="30" />
    </place>
    <place id="id14" name="p4" initialmarking="0" portdir="None">
      <location x="300" y="518" />
      <size width="60" height="30" />
    </place>
    <place id="id15" name="p5" initialmarking="0" portdir="None">
      <location x="385" y="448" />
      <size width="60" height="30" />
    </place>
    <place id="id16" name="p6" initialmarking="0" portdir="None">
      <location x="378" y="324" />
      <size width="60" height="30" />
    </place>
    <place id="id17" name="p7" initialmarking="0" portdir="None">
      <location x="377" y="205" />
      <size width="60" height="30" />
    </place>
    <place id="id18" name="p8" initialmarking="0" portdir="None">
      <location x="372" y="100" />
      <size width="60" height="30" />
    </place>
    <place id="id19" name="p9" initialmarking="0" portdir="None">
      <location x="293" y="43" />
      <size width="60" height="30" />
    </place>
    <subpage id="id0" original="main.page0" name="main.page0 (id0)">
      <location x="137" y="150" />
      <size width="50" height="70" />
      <port id="id0.port0" name="t14" originalid="id62" type="transition" portdir="Bidirection">
        <location x="201" y="153" />
        <size width="30" height="30" />
      </port>
    </subpage>
    <subpage id="id1" original="main.page0" name="main.page0 (id1)">
      <location x="138" y="270" />
      <size width="50" height="70" />
      <port id="id1.port0" name="t14" originalid="id62" type="transition" portdir="None">
        <location x="202" y="274" />
        <size width="30" height="30" />
      </port>
    </subpage>
    <subpage id="id2" original="main.page0" name="main.page0 (id2)">
      <location x="138" y="378" />
      <size width="50" height="70" />
      <port id="id2.port0" name="t14" originalid="id62" type="transition" portdir="None">
        <location x="208" y="386" />
        <size width="30" height="30" />
      </port>
    </subpage>
    <subpage id="id3" original="main.page0" name="main.page0 (id3)">
      <location x="450" y="272" />
      <size width="50" height="70" />
      <port id="id3.port0" name="t14" originalid="id62" type="transition" portdir="None">
        <location x="382" y="267" />
        <size width="30" height="30" />
      </port>
    </subpage>
    <subpage id="id4" original="main.page0" name="main.page0 (id4)">
      <location x="438" y="147" />
      <size width="50" height="70" />
      <port id="id4.port0" name="t14" originalid="id62" type="transition" portdir="None">
        <location x="374" y="145" />
        <size width="30" height="30" />
      </port>
    </subpage>
    <subpage id="id5" original="main.page0" name="main.page0 (id5)">
      <location x="435" y="45" />
      <size width="50" height="70" />
      <port id="id5.port0" name="t14" originalid="id62" type="transition" portdir="None">
        <location x="373" y="45" />
        <size width="30" height="30" />
      </port>
    </subpage>
    <subpage id="id6" original="main.page0" name="main.page0 (id6)">
      <location x="141" y="52" />
      <size width="50" height="70" />
      <port id="id6.port0" name="t14" originalid="id62" type="transition" portdir="None">
        <location x="192" y="51" />
        <size width="30" height="30" />
      </port>
    </subpage>
    <subpage id="id7" original="main.page0" name="main.page0 (id7)">
      <location x="138" y="498" />
      <size width="50" height="70" />
      <port id="id7.port0" name="t14" originalid="id62" type="transition" portdir="None">
        <location x="218" y="508" />
        <size width="30" height="30" />
      </port>
    </subpage>
    <subpage id="id8" original="main.page0" name="main.page0 (id8)">
      <location x="460" y="388" />
      <size width="50" height="70" />
      <port id="id8.port0" name="t14" originalid="id62" type="transition" portdir="None">
        <location x="379" y="386" />
        <size width="30" height="30" />
      </port>
    </subpage>
    <subpage id="id9" original="main.page0" name="main.page0 (id9)">
      <location x="463" y="516" />
      <size width="50" height="70" />
      <port id="id9.port0" name="t14" originalid="id62" type="transition" portdir="None">
        <location x="394" y="520" />
        <size width="30" height="30" />
      </port>
    </subpage>
    <arc id="id20" source="id6.port0" target="id10" delay="0" weight="1">
      <points>
        <point x="204" y="66" />
        <point x="204" y="86" />
      </points>
    </arc>
    <arc id="id21" source="id10" target="id0.port0" delay="0" weight="1">
      <points>
        <point x="203" y="115" />
        <point x="203" y="138" />
      </points>
    </arc>
    <arc id="id22" source="id0.port0" target="id11" delay="0" weight="1">
      <points>
        <point x="202" y="168" />
        <point x="202" y="196" />
      </points>
    </arc>
    <arc id="id23" source="id11" target="id1.port0" delay="0" weight="1">
      <points>
        <point x="202" y="226" />
        <point x="202" y="259" />
      </points>
    </arc>
    <arc id="id24" source="id1.port0" target="id12" delay="0" weight="1">
      <points>
        <point x="205" y="289" />
        <point x="205" y="323" />
      </points>
    </arc>
    <arc id="id25" source="id12" target="id2.port0" delay="0" weight="1">
      <points>
        <point x="206" y="352" />
        <point x="206" y="371" />
      </points>
    </arc>
    <arc id="id26" source="id2.port0" target="id13" delay="0" weight="1">
      <points>
        <point x="206" y="401" />
        <point x="206" y="430" />
      </points>
    </arc>
    <arc id="id27" source="id13" target="id7.port0" delay="0" weight="1">
      <points>
        <point x="211" y="459" />
        <point x="211" y="493" />
      </points>
    </arc>
    <arc id="id28" source="id7.port0" target="id14" delay="0" weight="1">
      <points>
        <point x="233" y="518" />
        <point x="270" y="518" />
      </points>
    </arc>
    <arc id="id29" source="id14" target="id9.port0" delay="0" weight="1">
      <points>
        <point x="329" y="518" />
        <point x="379" y="518" />
      </points>
    </arc>
    <arc id="id30" source="id9.port0" target="id15" delay="0" weight="1">
      <points>
        <point x="385" y="505" />
        <point x="385" y="463" />
      </points>
    </arc>
    <arc id="id31" source="id15" target="id8.port0" delay="0" weight="1">
      <points>
        <point x="383" y="434" />
        <point x="383" y="401" />
      </points>
    </arc>
    <arc id="id32" source="id8.port0" target="id16" delay="0" weight="1">
      <points>
        <point x="378" y="371" />
        <point x="378" y="339" />
      </points>
    </arc>
    <arc id="id33" source="id16" target="id3.port0" delay="0" weight="1">
      <points>
        <point x="380" y="310" />
        <point x="380" y="282" />
      </points>
    </arc>
    <arc id="id34" source="id3.port0" target="id17" delay="0" weight="1">
      <points>
        <point x="377" y="252" />
        <point x="377" y="220" />
      </points>
    </arc>
    <arc id="id35" source="id17" target="id4.port0" delay="0" weight="1">
      <points>
        <point x="376" y="191" />
        <point x="376" y="160" />
      </points>
    </arc>
    <arc id="id36" source="id4.port0" target="id18" delay="0" weight="1">
      <points>
        <point x="372" y="130" />
        <point x="372" y="115" />
      </points>
    </arc>
    <arc id="id37" source="id18" target="id5.port0" delay="0" weight="1">
      <points>
        <point x="372" y="86" />
        <point x="372" y="60" />
      </points>
    </arc>
    <arc id="id38" source="id5.port0" target="id19" delay="0" weight="1">
      <points>
        <point x="358" y="43" />
        <point x="323" y="43" />
      </points>
    </arc>
    <arc id="id39" source="id19" target="id6.port0" delay="0" weight="1">
      <points>
        <point x="264" y="44" />
        <point x="207" y="44" />
      </points>
    </arc>
  </page>
  <page id="main.page2" name="main.page2">
    <place id="id5" name="p0" initialmarking="0" portdir="None">
      <location x="414" y="213" />
      <size width="60" height="30" />
    </place>
    <place id="id6" name="p1" initialmarking="0" portdir="None">
      <location x="318" y="262" />
      <size width="60" height="30" />
    </place>
    <place id="id7" name="p2" initialmarking="0" portdir="None">
      <location x="498" y="264" />
      <size width="60" height="30" />
    </place>
    <place id="id8" name="p3" initialmarking="0" portdir="None">
      <location x="320" y="377" />
      <size width="60" height="30" />
    </place>
    <place id="id9" name="p4" initialmarking="1" portdir="None">
      <location x="331" y="665" />
      <size width="60" height="30" />
    </place>
    <place id="id25" name="p5" initialmarking="0" portdir="None">
      <location x="224" y="261" />
      <size width="60" height="30" />
    </place>
    <place id="id26" name="p6" initialmarking="0" portdir="None">
      <location x="245" y="381" />
      <size width="60" height="30" />
    </place>
    <place id="id27" name="p7" initialmarking="0" portdir="None">
      <location x="63" y="262" />
      <size width="60" height="30" />
    </place>
    <place id="id28" name="p8" initialmarking="1" portdir="None">
      <location x="257" y="661" />
      <size width="60" height="30" />
    </place>
    <place id="id29" name="p9" initialmarking="0" portdir="None">
      <location x="145" y="209" />
      <size width="60" height="30" />
    </place>
    <subpage id="id0" original="main.page1" name="main.page1 (id0)">
      <location x="321" y="146" />
      <size width="50" height="70" />
      <port id="id0.port0" name="t14" originalid="id0.port0" type="transition" portdir="None">
        <location x="322" y="211" />
        <size width="30" height="30" />
      </port>
    </subpage>
    <subpage id="id1" original="main.page1" name="main.page1 (id1)">
      <location x="375" y="327" />
      <size width="50" height="70" />
      <port id="id1.port0" name="t14" originalid="id0.port0" type="transition" portdir="None">
        <location x="322" y="318" />
        <size width="30" height="30" />
      </port>
    </subpage>
    <subpage id="id2" original="main.page1" name="main.page1 (id2)">
      <location x="379" y="431" />
      <size width="50" height="70" />
      <port id="id2.port0" name="t14" originalid="id0.port0" type="transition" portdir="None">
        <location x="320" y="435" />
        <size width="30" height="30" />
      </port>
    </subpage>
    <subpage id="id3" original="main.page1" name="main.page1 (id3)">
      <location x="442" y="327" />
      <size width="50" height="70" />
      <port id="id3.port0" name="t14" originalid="id0.port0" type="transition" portdir="None">
        <location x="503" y="324" />
        <size width="30" height="30" />
      </port>
    </subpage>
    <subpage id="id4" original="main.page1" name="main.page1 (id4)">
      <location x="497" y="138" />
      <size width="50" height="70" />
      <port id="id4.port0" name="t14" originalid="id0.port0" type="transition" portdir="None">
        <location x="497" y="214" />
        <size width="30" height="30" />
      </port>
    </subpage>
    <subpage id="id20" original="main.page1" name="main.page1 (id20)">
      <location x="221" y="140" />
      <size width="50" height="70" />
      <port id="id20.port0" name="t14" originalid="id0.port0" type="transition" portdir="None">
        <location x="224" y="207" />
        <size width="30" height="30" />
      </port>
    </subpage>
    <subpage id="id21" original="main.page1" name="main.page1 (id21)">
      <location x="182" y="323" />
      <size width="50" height="70" />
      <port id="id21.port0" name="t14" originalid="id0.port0" type="transition" portdir="None">
        <location x="252" y="322" />
        <size width="30" height="30" />
      </port>
    </subpage>
    <subpage id="id22" original="main.page1" name="main.page1 (id22)">
      <location x="179" y="437" />
      <size width="50" height="70" />
      <port id="id22.port0" name="t14" originalid="id0.port0" type="transition" portdir="None">
        <location x="257" y="438" />
        <size width="30" height="30" />
      </port>
    </subpage>
    <subpage id="id23" original="main.page1" name="main.page1 (id23)">
      <location x="124" y="323" />
      <size width="50" height="70" />
      <port id="id23.port0" name="t14" originalid="id0.port0" type="transition" portdir="None">
        <location x="61" y="321" />
        <size width="30" height="30" />
      </port>
    </subpage>
    <subpage id="id24" original="main.page1" name="main.page1 (id24)">
      <location x="64" y="133" />
      <size width="50" height="70" />
      <port id="id24.port0" name="t14" originalid="id0.port0" type="transition" portdir="None">
        <location x="67" y="209" />
        <size width="30" height="30" />
      </port>
    </subpage>
    <arc id="id10" source="id9" target="id3.port0" delay="0" weight="1">
      <points>
        <point x="344" y="652" />
        <point x="488" y="339" />
      </points>
    </arc>
    <arc id="id11" source="id3.port0" target="id7" delay="0" weight="1">
      <points>
        <point x="498" y="309" />
        <point x="498" y="279" />
      </points>
    </arc>
    <arc id="id12" source="id7" target="id4.port0" delay="0" weight="1">
      <points>
        <point x="498" y="250" />
        <point x="498" y="229" />
      </points>
    </arc>
    <arc id="id13" source="id4.port0" target="id5" delay="0" weight="1">
      <points>
        <point x="482" y="213" />
        <point x="444" y="213" />
      </points>
    </arc>
    <arc id="id14" source="id5" target="id0.port0" delay="0" weight="1">
      <points>
        <point x="385" y="213" />
        <point x="337" y="213" />
      </points>
    </arc>
    <arc id="id15" source="id0.port0" target="id6" delay="0" weight="1">
      <points>
        <point x="318" y="226" />
        <point x="318" y="247" />
      </points>
    </arc>
    <arc id="id16" source="id6" target="id1.port0" delay="0" weight="1">
      <points>
        <point x="320" y="276" />
        <point x="320" y="303" />
      </points>
    </arc>
    <arc id="id17" source="id1.port0" target="id8" delay="0" weight="1">
      <points>
        <point x="320" y="333" />
        <point x="320" y="362" />
      </points>
    </arc>
    <arc id="id18" source="id8" target="id2.port0" delay="0" weight="1">
      <points>
        <point x="320" y="392" />
        <point x="320" y="420" />
      </points>
    </arc>
    <arc id="id19" source="id2.port0" target="id9" delay="0" weight="1">
      <points>
        <point x="331" y="450" />
        <point x="331" y="650" />
      </points>
    </arc>
    <arc id="id30" source="id29" target="id20.port0" delay="0" weight="1">
      <points>
        <point x="174" y="209" />
        <point x="209" y="209" />
      </points>
    </arc>
    <arc id="id31" source="id20.port0" target="id25" delay="0" weight="1">
      <points>
        <point x="224" y="222" />
        <point x="224" y="246" />
      </points>
    </arc>
    <arc id="id32" source="id25" target="id21.port0" delay="0" weight="1">
      <points>
        <point x="236" y="274" />
        <point x="237" y="307" />
      </points>
    </arc>
    <arc id="id33" source="id21.port0" target="id26" delay="0" weight="1">
      <points>
        <point x="245" y="337" />
        <point x="245" y="366" />
      </points>
    </arc>
    <arc id="id34" source="id26" target="id22.port0" delay="0" weight="1">
      <points>
        <point x="251" y="395" />
        <point x="251" y="423" />
      </points>
    </arc>
    <arc id="id39" source="id24.port0" target="id29" delay="0" weight="1">
      <points>
        <point x="82" y="209" />
        <point x="115" y="209" />
      </points>
    </arc>
    <arc id="id45" source="id6" target="id21.port0" delay="0" weight="1">
      <points>
        <point x="296" y="272" />
        <point x="267" y="307" />
      </points>
    </arc>
    <arc id="id46" source="id21.port0" target="id8" delay="0" weight="1">
      <points>
        <point x="267" y="337" />
        <point x="297" y="368" />
      </points>
    </arc>
    <arc id="id35" source="id23.port0" target="id27" delay="0" weight="1">
      <points>
        <point x="63" y="306" />
        <point x="63" y="277" />
      </points>
    </arc>
    <arc id="id36" source="id27" target="id24.port0" delay="0" weight="1">
      <points>
        <point x="65" y="248" />
        <point x="65" y="224" />
      </points>
    </arc>
    <arc id="id37" source="id22.port0" target="id28" delay="0" weight="1">
      <points>
        <point x="257" y="453" />
        <point x="257" y="646" />
      </points>
    </arc>
    <arc id="id38" source="id28" target="id23.port0" delay="0" weight="1">
      <points>
        <point x="243" y="649" />
        <point x="76" y="336" />
      </points>
    </arc>
  </page>
</petrinet>