﻿<?xml version="1.0" encoding="utf-8"?>
<petrinet name="101010">
  <page id="main.page0" name="main.page0">
    <place id="id0" name="p" initialmarking="0" portdir="None" capacity="0">
      <location x="132" y="384" />
      <size width="60" height="30" />
    </place>
    <place id="id3" name="p" initialmarking="1" portdir="None" capacity="0">
      <location x="215" y="324" />
      <size width="60" height="30" />
    </place>
    <place id="id7" name="p" initialmarking="0" portdir="None" capacity="0">
      <location x="125" y="646" />
      <size width="60" height="30" />
    </place>
    <place id="id8" name="p" initialmarking="0" portdir="None" capacity="0">
      <location x="410" y="738" />
      <size width="60" height="30" />
    </place>
    <place id="id9" name="p" initialmarking="0" portdir="None" capacity="0">
      <location x="199" y="749" />
      <size width="60" height="30" />
    </place>
    <place id="id1" name="p" initialmarking="0" portdir="None" capacity="0">
      <location x="412" y="332" />
      <size width="60" height="30" />
    </place>
    <place id="id2" name="pin" initialmarking="0" portdir="In" capacity="0">
      <location x="199" y="693" />
      <size width="60" height="30" />
    </place>
    <place id="id4" name="p" initialmarking="0" portdir="None" capacity="0">
      <location x="126" y="528" />
      <size width="60" height="30" />
    </place>
    <place id="id5" name="p" initialmarking="0" portdir="None" capacity="0">
      <location x="414" y="448" />
      <size width="60" height="30" />
    </place>
    <place id="id6" name="p" initialmarking="0" portdir="None" capacity="0">
      <location x="417" y="584" />
      <size width="60" height="30" />
    </place>
    <transition id="id12" name="t" portdir="None">
      <location x="136" y="460" />
      <size width="50" height="20" />
    </transition>
    <transition id="id14" name="t" portdir="None">
      <location x="129" y="583" />
      <size width="50" height="20" />
    </transition>
    <transition id="id17" name="t" portdir="None">
      <location x="317" y="328" />
      <size width="50" height="20" />
    </transition>
    <transition id="id19" name="t" portdir="None">
      <location x="135" y="324" />
      <size width="50" height="20" />
    </transition>
    <transition id="id13" name="t" portdir="None">
      <location x="311" y="757" />
      <size width="50" height="20" />
    </transition>
    <transition id="id16" name="t" portdir="None">
      <location x="129" y="717" />
      <size width="50" height="20" />
    </transition>
    <transition id="id27" name="tout" portdir="Out">
      <location x="307" y="707" />
      <size width="50" height="20" />
    </transition>
    <transition id="id10" name="t" portdir="None">
      <location x="411" y="394" />
      <size width="50" height="20" />
    </transition>
    <transition id="id11" name="t" portdir="None">
      <location x="413" y="509" />
      <size width="50" height="20" />
    </transition>
    <transition id="id15" name="t" portdir="None">
      <location x="418" y="652" />
      <size width="50" height="20" />
    </transition>
    <arc id="id21" source="id0" target="id19" delay="0" weight="1">
      <points>
        <point x="133" y="370" />
        <point x="133" y="334" />
      </points>
    </arc>
    <arc id="id22" source="id19" target="id3" delay="0" weight="1">
      <points>
        <point x="160" y="324" />
        <point x="185" y="324" />
      </points>
    </arc>
    <arc id="id23" source="id3" target="id17" delay="0" weight="1">
      <points>
        <point x="244" y="324" />
        <point x="292" y="324" />
      </points>
    </arc>
    <arc id="id37" source="id7" target="id14" delay="0" weight="1">
      <points>
        <point x="126" y="632" />
        <point x="126" y="593" />
      </points>
    </arc>
    <arc id="id46" source="id12" target="id0" delay="0" weight="1">
      <points>
        <point x="132" y="450" />
        <point x="132" y="399" />
      </points>
    </arc>
    <arc id="id30" source="id8" target="id13" delay="0" weight="1">
      <points>
        <point x="381" y="740" />
        <point x="336" y="747" />
      </points>
    </arc>
    <arc id="id32" source="id9" target="id16" delay="0" weight="1">
      <points>
        <point x="172" y="743" />
        <point x="154" y="727" />
      </points>
    </arc>
    <arc id="id20" source="id1" target="id10" delay="0" weight="1">
      <points>
        <point x="412" y="346" />
        <point x="412" y="384" />
      </points>
    </arc>
    <arc id="id24" source="id10" target="id5" delay="0" weight="1">
      <points>
        <point x="414" y="404" />
        <point x="414" y="433" />
      </points>
    </arc>
    <arc id="id25" source="id5" target="id11" delay="0" weight="1">
      <points>
        <point x="414" y="462" />
        <point x="414" y="499" />
      </points>
    </arc>
    <arc id="id26" source="id11" target="id6" delay="0" weight="1">
      <points>
        <point x="417" y="519" />
        <point x="417" y="569" />
      </points>
    </arc>
    <arc id="id35" source="id16" target="id7" delay="0" weight="1">
      <points>
        <point x="125" y="707" />
        <point x="125" y="661" />
      </points>
    </arc>
    <arc id="id36" source="id4" target="id12" delay="0" weight="1">
      <points>
        <point x="130" y="514" />
        <point x="130" y="470" />
      </points>
    </arc>
    <arc id="id38" source="id14" target="id4" delay="0" weight="1">
      <points>
        <point x="126" y="573" />
        <point x="126" y="543" />
      </points>
    </arc>
    <arc id="id39" source="id17" target="id1" delay="0" weight="1">
      <points>
        <point x="342" y="332" />
        <point x="382" y="332" />
      </points>
    </arc>
    <arc id="id40" source="id13" target="id9" delay="0" weight="1">
      <points>
        <point x="286" y="749" />
        <point x="229" y="749" />
      </points>
    </arc>
    <arc id="id29" source="id15" target="id8" delay="0" weight="1">
      <points>
        <point x="410" y="662" />
        <point x="410" y="723" />
      </points>
    </arc>
    <arc id="id34" source="id27" target="id2" delay="0" weight="1">
      <points>
        <point x="282" y="697" />
        <point x="228" y="693" />
      </points>
    </arc>
    <arc id="id18" source="id6" target="id15" delay="0" weight="1">
      <points>
        <point x="417" y="598" />
        <point x="417" y="642" />
      </points>
    </arc>
    <arc id="id28" source="id27" target="id9" delay="0" weight="1">
      <points>
        <point x="282" y="717" />
        <point x="226" y="744" />
      </points>
    </arc>
    <arc id="id31" source="id13" target="id2" delay="0" weight="1">
      <points>
        <point x="286" y="747" />
        <point x="224" y="700" />
      </points>
    </arc>
    <arc id="id42" source="id8" target="id27" delay="0" weight="1">
      <points>
        <point x="382" y="734" />
        <point x="332" y="717" />
      </points>
    </arc>
    <arc id="id33" source="id2" target="id16" delay="0" weight="1">
      <points>
        <point x="171" y="697" />
        <point x="154" y="707" />
      </points>
    </arc>
  </page>
  <page id="main.page1" name="main.page1">
    <subpage id="id0" original="main.page0" name="main.page0">
      <location x="268" y="68" />
      <size width="50" height="70" />
      <port id="id0.port0" name="tout" originalid="id27" type="transition" portdir="None">
        <location x="223" y="68" />
        <size width="30" height="30" />
      </port>
      <port id="id0.port1" name="pin" originalid="id2" type="place" initialMarking="0" portdir="None">
        <location x="313" y="68" />
        <size width="30" height="30" />
      </port>
    </subpage>
    <subpage id="id1" original="main.page0" name="main.page0">
      <location x="342" y="152" />
      <size width="50" height="70" />
      <port id="id1.port0" name="tout" originalid="id27" type="transition" portdir="None">
        <location x="297" y="152" />
        <size width="30" height="30" />
      </port>
      <port id="id1.port1" name="pin" originalid="id2" type="place" initialMarking="0" portdir="None">
        <location x="387" y="152" />
        <size width="30" height="30" />
      </port>
    </subpage>
    <subpage id="id2" original="main.page0" name="main.page0">
      <location x="194" y="150" />
      <size width="50" height="70" />
      <port id="id2.port0" name="tout" originalid="id27" type="transition" portdir="None">
        <location x="149" y="150" />
        <size width="30" height="30" />
      </port>
      <port id="id2.port1" name="pin" originalid="id2" type="place" initialMarking="0" portdir="None">
        <location x="239" y="150" />
        <size width="30" height="30" />
      </port>
    </subpage>
    <subpage id="id5" original="main.page0" name="main.page0">
      <location x="92" y="221" />
      <size width="50" height="70" />
      <port id="id5.port0" name="toutout" originalid="id27" type="transition" portdir="None">
        <location x="47" y="220" />
        <size width="30" height="30" />
      </port>
      <port id="id5.port1" name="pin" originalid="id2" type="place" initialMarking="0" portdir="None">
        <location x="137" y="221" />
        <size width="30" height="30" />
      </port>
    </subpage>
    <subpage id="id6" original="main.page0" name="main.page0">
      <location x="448" y="236" />
      <size width="50" height="70" />
      <port id="id6.port0" name="tout" originalid="id27" type="transition" portdir="None">
        <location x="403" y="236" />
        <size width="30" height="30" />
      </port>
      <port id="id6.port1" name="pin" originalid="id2" type="place" initialMarking="0" portdir="None">
        <location x="493" y="236" />
        <size width="30" height="30" />
      </port>
    </subpage>
    <subpage id="id7" original="main.page0" name="main.page0">
      <location x="449" y="814" />
      <size width="50" height="70" />
      <port id="id7.port0" name="tout" originalid="id27" type="transition" portdir="None">
        <location x="404" y="814" />
        <size width="30" height="30" />
      </port>
      <port id="id7.port1" name="pin" originalid="id2" type="place" initialMarking="0" portdir="None">
        <location x="494" y="814" />
        <size width="30" height="30" />
      </port>
    </subpage>
    <subpage id="id8" original="main.page0" name="main.page0">
      <location x="316" y="912" />
      <size width="50" height="70" />
      <port id="id8.port0" name="tout" originalid="id27" type="transition" portdir="None">
        <location x="271" y="912" />
        <size width="30" height="30" />
      </port>
      <port id="id8.port1" name="pin" originalid="id2" type="place" initialMarking="0" portdir="None">
        <location x="361" y="912" />
        <size width="30" height="30" />
      </port>
    </subpage>
    <subpage id="id9" original="main.page0" name="main.page0">
      <location x="548" y="644" />
      <size width="50" height="70" />
      <port id="id9.port0" name="tout" originalid="id27" type="transition" portdir="None">
        <location x="503" y="644" />
        <size width="30" height="30" />
      </port>
      <port id="id9.port1" name="pinin" originalid="id2" type="place" initialMarking="0" portdir="In">
        <location x="593" y="644" />
        <size width="30" height="30" />
      </port>
    </subpage>
    <subpage id="id10" original="main.page0" name="main.page0">
      <location x="167" y="777" />
      <size width="50" height="70" />
      <port id="id10.port0" name="tout" originalid="id27" type="transition" portdir="None">
        <location x="122" y="777" />
        <size width="30" height="30" />
      </port>
      <port id="id10.port1" name="pin" originalid="id2" type="place" initialMarking="0" portdir="None">
        <location x="212" y="777" />
        <size width="30" height="30" />
      </port>
    </subpage>
    <subpage id="id11" original="main.page0" name="main.page0">
      <location x="49" y="634" />
      <size width="50" height="70" />
      <port id="id11.port0" name="tout" originalid="id27" type="transition" portdir="Out">
        <location x="4" y="634" />
        <size width="30" height="30" />
      </port>
      <port id="id11.port1" name="pin" originalid="id2" type="place" initialMarking="0" portdir="None">
        <location x="94" y="634" />
        <size width="30" height="30" />
      </port>
    </subpage>
    <subpage id="id20" original="main.page0" name="main.page0">
      <location x="292" y="292" />
      <size width="50" height="70" />
      <port id="id20.port0" name="pinI" originalid="id2" type="place" initialMarking="1" portdir="None">
        <location x="181" y="286" />
        <size width="30" height="30" />
      </port>
      <port id="id20.port1" name="tout" originalid="id27" type="transition" portdir="None">
        <location x="377" y="296" />
        <size width="30" height="30" />
      </port>
    </subpage>
    <arc id="id3" source="id0.port0" target="id2.port1" delay="0" weight="1">
      <points>
        <point x="238" y="83" />
        <point x="239" y="136" />
      </points>
    </arc>
    <arc id="id4" source="id1.port0" target="id0.port1" delay="0" weight="1">
      <points>
        <point x="312" y="137" />
        <point x="313" y="82" />
      </points>
    </arc>
    <arc id="id12" source="id2.port0" target="id5.port1" delay="0" weight="1">
      <points>
        <point x="137" y="165" />
        <point x="137" y="206" />
      </points>
    </arc>
    <arc id="id13" source="id6.port0" target="id1.port1" delay="0" weight="1">
      <points>
        <point x="388" y="221" />
        <point x="387" y="166" />
      </points>
    </arc>
    <arc id="id14" source="id8.port0" target="id10.port1" delay="0" weight="1">
      <points>
        <point x="256" y="897" />
        <point x="217" y="791" />
      </points>
    </arc>
    <arc id="id15" source="id10.port0" target="id11.port1" delay="0" weight="1">
      <points>
        <point x="107" y="762" />
        <point x="95" y="648" />
      </points>
    </arc>
    <arc id="id16" source="id7.port0" target="id8.port1" delay="0" weight="1">
      <points>
        <point x="389" y="829" />
        <point x="365" y="898" />
      </points>
    </arc>
    <arc id="id17" source="id9.port0" target="id7.port1" delay="0" weight="1">
      <points>
        <point x="494" y="659" />
        <point x="494" y="799" />
      </points>
    </arc>
    <arc id="id18" source="id5.port0" target="id9.port1" delay="0" weight="1">
      <points>
        <point x="62" y="235" />
        <point x="582" y="635" />
      </points>
    </arc>
    <arc id="id19" source="id11.port0" target="id6.port1" delay="0" weight="1">
      <points>
        <point x="19" y="619" />
        <point x="482" y="245" />
      </points>
    </arc>
  </page>
  <page id="main.page2" name="main.page2">
    <subpage id="id1" original="main.page1" name="main.page1 (id0)">
      <location x="294" y="164" />
      <size width="50" height="70" />
      <port id="id1.port0" name="pinin" originalid="id9.port1" type="place" initialMarking="0" portdir="None">
        <location x="249" y="164" />
        <size width="30" height="30" />
      </port>
      <port id="id1.port1" name="tout" originalid="id11.port0" type="transition" portdir="None">
        <location x="339" y="164" />
        <size width="30" height="30" />
      </port>
    </subpage>
    <subpage id="id2" original="main.page1" name="main.page1 (id0)">
      <location x="160" y="263" />
      <size width="50" height="70" />
      <port id="id2.port0" name="pinin" originalid="id9.port1" type="place" initialMarking="0" portdir="None">
        <location x="115" y="263" />
        <size width="30" height="30" />
      </port>
      <port id="id2.port1" name="tout" originalid="id11.port0" type="transition" portdir="None">
        <location x="205" y="263" />
        <size width="30" height="30" />
      </port>
    </subpage>
    <subpage id="id3" original="main.page1" name="main.page1 (id0)">
      <location x="298" y="267" />
      <size width="50" height="70" />
      <port id="id3.port0" name="pinin" originalid="id9.port1" type="place" initialMarking="0" portdir="None">
        <location x="253" y="267" />
        <size width="30" height="30" />
      </port>
      <port id="id3.port1" name="tout" originalid="id11.port0" type="transition" portdir="None">
        <location x="343" y="267" />
        <size width="30" height="30" />
      </port>
    </subpage>
    <subpage id="id4" original="main.page1" name="main.page1 (id0)">
      <location x="167" y="372" />
      <size width="50" height="70" />
      <port id="id4.port0" name="pinin" originalid="id9.port1" type="place" initialMarking="0" portdir="None">
        <location x="122" y="372" />
        <size width="30" height="30" />
      </port>
      <port id="id4.port1" name="tout" originalid="id11.port0" type="transition" portdir="None">
        <location x="212" y="372" />
        <size width="30" height="30" />
      </port>
    </subpage>
    <subpage id="id5" original="main.page1" name="main.page1 (id0)">
      <location x="305" y="376" />
      <size width="50" height="70" />
      <port id="id5.port0" name="pinin" originalid="id9.port1" type="place" initialMarking="0" portdir="None">
        <location x="260" y="376" />
        <size width="30" height="30" />
      </port>
      <port id="id5.port1" name="tout" originalid="id11.port0" type="transition" portdir="None">
        <location x="350" y="376" />
        <size width="30" height="30" />
      </port>
    </subpage>
    <subpage id="id6" original="main.page1" name="main.page1 (id0)">
      <location x="171" y="475" />
      <size width="50" height="70" />
      <port id="id6.port0" name="pinin" originalid="id9.port1" type="place" initialMarking="0" portdir="None">
        <location x="126" y="475" />
        <size width="30" height="30" />
      </port>
      <port id="id6.port1" name="tout" originalid="id11.port0" type="transition" portdir="None">
        <location x="216" y="475" />
        <size width="30" height="30" />
      </port>
    </subpage>
    <subpage id="id7" original="main.page1" name="main.page1 (id0)">
      <location x="309" y="479" />
      <size width="50" height="70" />
      <port id="id7.port0" name="pinin" originalid="id9.port1" type="place" initialMarking="0" portdir="None">
        <location x="264" y="479" />
        <size width="30" height="30" />
      </port>
      <port id="id7.port1" name="tout" originalid="id11.port0" type="transition" portdir="None">
        <location x="354" y="479" />
        <size width="30" height="30" />
      </port>
    </subpage>
    <subpage id="id8" original="main.page1" name="main.page1 (id0)">
      <location x="172" y="600" />
      <size width="50" height="70" />
      <port id="id8.port0" name="pinin" originalid="id9.port1" type="place" initialMarking="0" portdir="None">
        <location x="127" y="600" />
        <size width="30" height="30" />
      </port>
      <port id="id8.port1" name="tout" originalid="id11.port0" type="transition" portdir="None">
        <location x="217" y="600" />
        <size width="30" height="30" />
      </port>
    </subpage>
    <subpage id="id9" original="main.page1" name="main.page1 (id0)">
      <location x="310" y="604" />
      <size width="50" height="70" />
      <port id="id9.port0" name="pinin" originalid="id9.port1" type="place" initialMarking="0" portdir="None">
        <location x="265" y="604" />
        <size width="30" height="30" />
      </port>
      <port id="id9.port1" name="tout" originalid="id11.port0" type="transition" portdir="None">
        <location x="355" y="604" />
        <size width="30" height="30" />
      </port>
    </subpage>
    <subpage id="id0" original="main.page1" name="main.page1 (id0)">
      <location x="156" y="160" />
      <size width="50" height="70" />
      <port id="id0.port0" name="pinin" originalid="id9.port1" type="place" initialMarking="0" portdir="None">
        <location x="111" y="160" />
        <size width="30" height="30" />
      </port>
      <port id="id0.port1" name="tout" originalid="id11.port0" type="transition" portdir="None">
        <location x="201" y="160" />
        <size width="30" height="30" />
      </port>
    </subpage>
    <arc id="id11" source="id1.port1" target="id3.port0" delay="0" weight="1">
      <points>
        <point x="324" y="179" />
        <point x="262" y="256" />
      </points>
    </arc>
    <arc id="id12" source="id3.port1" target="id5.port0" delay="0" weight="1">
      <points>
        <point x="328" y="282" />
        <point x="268" y="364" />
      </points>
    </arc>
    <arc id="id13" source="id5.port1" target="id7.port0" delay="0" weight="1">
      <points>
        <point x="335" y="391" />
        <point x="273" y="468" />
      </points>
    </arc>
    <arc id="id14" source="id7.port1" target="id9.port0" delay="0" weight="1">
      <points>
        <point x="339" y="494" />
        <point x="273" y="592" />
      </points>
    </arc>
    <arc id="id15" source="id9.port1" target="id8.port0" delay="0" weight="1">
      <points>
        <point x="340" y="600" />
        <point x="142" y="600" />
      </points>
    </arc>
    <arc id="id16" source="id8.port1" target="id6.port0" delay="0" weight="1">
      <points>
        <point x="202" y="585" />
        <point x="134" y="487" />
      </points>
    </arc>
    <arc id="id17" source="id6.port1" target="id4.port0" delay="0" weight="1">
      <points>
        <point x="201" y="460" />
        <point x="132" y="383" />
      </points>
    </arc>
    <arc id="id18" source="id4.port1" target="id2.port0" delay="0" weight="1">
      <points>
        <point x="197" y="357" />
        <point x="124" y="274" />
      </points>
    </arc>
    <arc id="id10" source="id0.port1" target="id1.port0" delay="0" weight="1">
      <points>
        <point x="216" y="164" />
        <point x="234" y="164" />
      </points>
    </arc>
    <arc id="id19" source="id2.port1" target="id0.port0" delay="0" weight="1">
      <points>
        <point x="190" y="248" />
        <point x="121" y="171" />
      </points>
    </arc>
  </page>
</petrinet>