﻿<?xml version="1.0" encoding="utf-8"?>
<petrinet name="main">
  <page id="main.page0" name="main.page0">
    <place id="id0" name="p" initialmarking="1" portdir="None">
      <location x="227" y="429" />
      <size width="60" height="30" />
    </place>
    <place id="id1" name="p" initialmarking="0" portdir="None">
      <location x="206" y="853" />
      <size width="60" height="30" />
    </place>
    <place id="id3" name="p" initialmarking="0" portdir="None">
      <location x="249" y="680" />
      <size width="60" height="30" />
    </place>
    <place id="id5" name="p" initialmarking="0" portdir="In">
      <location x="389" y="639" />
      <size width="60" height="30" />
    </place>
    <place id="id6" name="p" initialmarking="0" portdir="None">
      <location x="413" y="759" />
      <size width="60" height="30" />
    </place>
    <place id="id7" name="p" initialmarking="0" portdir="None">
      <location x="394" y="978" />
      <size width="60" height="30" />
    </place>
    <place id="id8" name="p" initialmarking="0" portdir="None">
      <location x="142" y="943" />
      <size width="60" height="30" />
    </place>
    <place id="id9" name="p" initialmarking="0" portdir="None">
      <location x="84" y="663" />
      <size width="60" height="30" />
    </place>
    <place id="id11" name="p" initialmarking="0" portdir="None">
      <location x="488" y="415" />
      <size width="60" height="30" />
    </place>
    <place id="id42" name="p" initialmarking="1" portdir="None">
      <location x="532" y="691" />
      <size width="60" height="30" />
    </place>
    <transition id="id10" name="t" portdir="None">
      <location x="332" y="441" />
      <size width="50" height="20" />
    </transition>
    <transition id="id12" name="t" portdir="None">
      <location x="415" y="703" />
      <size width="50" height="20" />
    </transition>
    <transition id="id13" name="t" portdir="None">
      <location x="304" y="765" />
      <size width="50" height="20" />
    </transition>
    <transition id="id14" name="t" portdir="None">
      <location x="460" y="855" />
      <size width="50" height="20" />
    </transition>
    <transition id="id15" name="t" portdir="None">
      <location x="292" y="1001" />
      <size width="50" height="20" />
    </transition>
    <transition id="id16" name="t" portdir="None">
      <location x="232" y="608" />
      <size width="50" height="20" />
    </transition>
    <transition id="id18" name="t" portdir="None">
      <location x="58" y="851" />
      <size width="50" height="20" />
    </transition>
    <transition id="id19" name="t" portdir="None">
      <location x="190" y="352" />
      <size width="50" height="20" />
    </transition>
    <transition id="id22" name="t" portdir="Out">
      <location x="526" y="585" />
      <size width="50" height="20" />
    </transition>
    <transition id="id17" name="t" portdir="None">
      <location x="318" y="557" />
      <size width="50" height="20" />
    </transition>
    <arc id="id21" source="id0" target="id10" delay="0" weight="1">
      <points>
        <point x="256" y="430" />
        <point x="307" y="431" />
      </points>
    </arc>
    <arc id="id25" source="id5" target="id12" delay="0" weight="1">
      <points>
        <point x="400" y="652" />
        <point x="400" y="693" />
      </points>
    </arc>
    <arc id="id26" source="id12" target="id6" delay="0" weight="1">
      <points>
        <point x="413" y="713" />
        <point x="413" y="744" />
      </points>
    </arc>
    <arc id="id30" source="id16" target="id3" delay="0" weight="1">
      <points>
        <point x="249" y="618" />
        <point x="249" y="665" />
      </points>
    </arc>
    <arc id="id31" source="id3" target="id13" delay="0" weight="1">
      <points>
        <point x="265" y="692" />
        <point x="279" y="755" />
      </points>
    </arc>
    <arc id="id32" source="id13" target="id6" delay="0" weight="1">
      <points>
        <point x="329" y="759" />
        <point x="383" y="759" />
      </points>
    </arc>
    <arc id="id33" source="id6" target="id14" delay="0" weight="1">
      <points>
        <point x="426" y="772" />
        <point x="435" y="845" />
      </points>
    </arc>
    <arc id="id35" source="id7" target="id15" delay="0" weight="1">
      <points>
        <point x="365" y="981" />
        <point x="317" y="991" />
      </points>
    </arc>
    <arc id="id37" source="id15" target="id8" delay="0" weight="1">
      <points>
        <point x="267" y="991" />
        <point x="170" y="948" />
      </points>
    </arc>
    <arc id="id38" source="id8" target="id18" delay="0" weight="1">
      <points>
        <point x="122" y="932" />
        <point x="83" y="861" />
      </points>
    </arc>
    <arc id="id39" source="id1" target="id18" delay="0" weight="1">
      <points>
        <point x="177" y="853" />
        <point x="83" y="853" />
      </points>
    </arc>
    <arc id="id40" source="id18" target="id9" delay="0" weight="1">
      <points>
        <point x="83" y="841" />
        <point x="84" y="677" />
      </points>
    </arc>
    <arc id="id41" source="id9" target="id19" delay="0" weight="1">
      <points>
        <point x="93" y="649" />
        <point x="165" y="362" />
      </points>
    </arc>
    <arc id="id4" source="id10" target="id5" delay="0" weight="1">
      <points>
        <point x="357" y="451" />
        <point x="384" y="625" />
      </points>
    </arc>
    <arc id="id23" source="id19" target="id11" delay="0" weight="1">
      <points>
        <point x="215" y="362" />
        <point x="459" y="413" />
      </points>
    </arc>
    <arc id="id24" source="id11" target="id22" delay="0" weight="1">
      <points>
        <point x="494" y="429" />
        <point x="501" y="575" />
      </points>
    </arc>
    <arc id="id43" source="id22" target="id42" delay="0" weight="1">
      <points>
        <point x="532" y="595" />
        <point x="532" y="676" />
      </points>
    </arc>
    <arc id="id2" source="id0" target="id16" delay="0" weight="1">
      <points>
        <point x="227" y="443" />
        <point x="227" y="598" />
      </points>
    </arc>
    <arc id="id27" source="id0" target="id17" delay="0" weight="1">
      <points>
        <point x="244" y="441" />
        <point x="293" y="547" />
      </points>
    </arc>
    <arc id="id28" source="id17" target="id3" delay="0" weight="1">
      <points>
        <point x="293" y="567" />
        <point x="259" y="667" />
      </points>
    </arc>
    <arc id="id29" source="id14" target="id1" delay="0" weight="1">
      <points>
        <point x="435" y="853" />
        <point x="236" y="853" />
      </points>
    </arc>
    <arc id="id36" source="id18" target="id0" delay="0" weight="1">
      <points>
        <point x="83" y="841" />
        <point x="218" y="443" />
      </points>
    </arc>
    <arc id="id20" source="id42" target="id14" delay="0" weight="1">
      <points>
        <point x="520" y="704" />
        <point x="485" y="845" />
      </points>
    </arc>
    <arc id="id34" source="id14" target="id7" delay="0" weight="1">
      <points>
        <point x="435" y="865" />
        <point x="404" y="964" />
      </points>
    </arc>
  </page>
  <page id="main.page1" name="main.page1" />
</petrinet>