﻿<?xml version="1.0" encoding="utf-8"?>
<petrinet name="main">
  <page id="main.page0" name="main.page0">
    <place id="id0" name="p" initialmarking="0" portdir="In">
      <location x="312" y="42" />
      <size width="60" height="30" />
    </place>
    <place id="id1" name="p" initialmarking="0" portdir="None">
      <location x="235" y="137" />
      <size width="60" height="30" />
    </place>
    <place id="id2" name="p" initialmarking="0" portdir="None">
      <location x="306" y="137" />
      <size width="60" height="30" />
    </place>
    <place id="id3" name="p" initialmarking="1" portdir="None">
      <location x="374" y="143" />
      <size width="60" height="30" />
    </place>
    <place id="id4" name="p" initialmarking="0" portdir="None">
      <location x="236" y="265" />
      <size width="60" height="30" />
    </place>
    <place id="id5" name="p" initialmarking="0" portdir="None">
      <location x="299" y="261" />
      <size width="60" height="30" />
    </place>
    <place id="id6" name="p" initialmarking="0" portdir="None">
      <location x="384" y="265" />
      <size width="60" height="30" />
    </place>
    <place id="id7" name="p" initialmarking="0" portdir="None">
      <location x="330" y="397" />
      <size width="60" height="30" />
    </place>
    <place id="id8" name="p" initialmarking="0" portdir="None">
      <location x="118" y="362" />
      <size width="60" height="30" />
    </place>
    <place id="id9" name="p" initialmarking="0" portdir="None">
      <location x="120" y="153" />
      <size width="60" height="30" />
    </place>
    <transition id="id12" name="t" portdir="None">
      <location x="94" y="71" />
      <size width="50" height="20" />
    </transition>
    <transition id="id13" name="t" portdir="None">
      <location x="89" y="266" />
      <size width="50" height="20" />
    </transition>
    <transition id="id14" name="t" portdir="Out">
      <location x="98" y="453" />
      <size width="50" height="20" />
    </transition>
    <transition id="id15" name="t" portdir="None">
      <location x="350" y="335" />
      <size width="50" height="20" />
    </transition>
    <transition id="id16" name="t" portdir="None">
      <location x="272" y="331" />
      <size width="50" height="20" />
    </transition>
    <transition id="id17" name="t" portdir="None">
      <location x="365" y="208" />
      <size width="50" height="20" />
    </transition>
    <transition id="id18" name="t" portdir="None">
      <location x="279" y="202" />
      <size width="50" height="20" />
    </transition>
    <transition id="id19" name="t" portdir="None">
      <location x="358" y="91" />
      <size width="50" height="20" />
    </transition>
    <transition id="id20" name="t" portdir="None">
      <location x="266" y="89" />
      <size width="50" height="20" />
    </transition>
    <transition id="id10" name="t" portdir="None">
      <location x="160" y="258" />
      <size width="50" height="20" />
    </transition>
    <arc id="id21" source="id0" target="id19" delay="0" weight="1">
      <points>
        <point x="332" y="52" />
        <point x="333" y="81" />
      </points>
    </arc>
    <arc id="id22" source="id19" target="id3" delay="0" weight="1">
      <points>
        <point x="374" y="101" />
        <point x="374" y="128" />
      </points>
    </arc>
    <arc id="id23" source="id3" target="id17" delay="0" weight="1">
      <points>
        <point x="370" y="157" />
        <point x="370" y="198" />
      </points>
    </arc>
    <arc id="id24" source="id17" target="id6" delay="0" weight="1">
      <points>
        <point x="384" y="218" />
        <point x="384" y="250" />
      </points>
    </arc>
    <arc id="id25" source="id6" target="id15" delay="0" weight="1">
      <points>
        <point x="371" y="278" />
        <point x="371" y="325" />
      </points>
    </arc>
    <arc id="id26" source="id15" target="id7" delay="0" weight="1">
      <points>
        <point x="330" y="345" />
        <point x="330" y="382" />
      </points>
    </arc>
    <arc id="id27" source="id0" target="id20" delay="0" weight="1">
      <points>
        <point x="292" y="52" />
        <point x="291" y="79" />
      </points>
    </arc>
    <arc id="id28" source="id20" target="id2" delay="0" weight="1">
      <points>
        <point x="291" y="99" />
        <point x="295" y="124" />
      </points>
    </arc>
    <arc id="id29" source="id20" target="id1" delay="0" weight="1">
      <points>
        <point x="241" y="99" />
        <point x="239" y="123" />
      </points>
    </arc>
    <arc id="id30" source="id1" target="id18" delay="0" weight="1">
      <points>
        <point x="251" y="149" />
        <point x="254" y="192" />
      </points>
    </arc>
    <arc id="id31" source="id2" target="id18" delay="0" weight="1">
      <points>
        <point x="295" y="150" />
        <point x="295" y="192" />
      </points>
    </arc>
    <arc id="id32" source="id18" target="id5" delay="0" weight="1">
      <points>
        <point x="299" y="212" />
        <point x="299" y="246" />
      </points>
    </arc>
    <arc id="id33" source="id18" target="id4" delay="0" weight="1">
      <points>
        <point x="254" y="212" />
        <point x="245" y="251" />
      </points>
    </arc>
    <arc id="id34" source="id4" target="id16" delay="0" weight="1">
      <points>
        <point x="250" y="278" />
        <point x="250" y="321" />
      </points>
    </arc>
    <arc id="id35" source="id5" target="id16" delay="0" weight="1">
      <points>
        <point x="289" y="274" />
        <point x="289" y="321" />
      </points>
    </arc>
    <arc id="id36" source="id16" target="id7" delay="0" weight="1">
      <points>
        <point x="297" y="341" />
        <point x="315" y="385" />
      </points>
    </arc>
    <arc id="id37" source="id7" target="id14" delay="0" weight="1">
      <points>
        <point x="301" y="400" />
        <point x="123" y="443" />
      </points>
    </arc>
    <arc id="id38" source="id14" target="id8" delay="0" weight="1">
      <points>
        <point x="118" y="443" />
        <point x="118" y="377" />
      </points>
    </arc>
    <arc id="id39" source="id8" target="id13" delay="0" weight="1">
      <points>
        <point x="110" y="348" />
        <point x="110" y="276" />
      </points>
    </arc>
    <arc id="id42" source="id13" target="id9" delay="0" weight="1">
      <points>
        <point x="114" y="256" />
        <point x="119" y="167" />
      </points>
    </arc>
    <arc id="id44" source="id9" target="id12" delay="0" weight="1">
      <points>
        <point x="111" y="139" />
        <point x="111" y="81" />
      </points>
    </arc>
    <arc id="id46" source="id12" target="id0" delay="0" weight="1">
      <points>
        <point x="119" y="61" />
        <point x="283" y="43" />
      </points>
    </arc>
    <arc id="id11" source="id8" target="id10" delay="0" weight="1">
      <points>
        <point x="129" y="349" />
        <point x="135" y="268" />
      </points>
    </arc>
    <arc id="id40" source="id10" target="id9" delay="0" weight="1">
      <points>
        <point x="135" y="248" />
        <point x="124" y="167" />
      </points>
    </arc>
  </page>
  <page id="main.page1" name="main.page1">
    <subpage id="id0" original="main.page0" name="main.page0">
      <location x="139" y="236" />
      <size width="50" height="70" />
      <port id="id0.port0" name="p" originalid="id0" type="place" initialMarking="0">
        <location x="94" y="236" />
        <size width="30" height="30" />
      </port>
      <port id="id0.port1" name="t" originalid="id14" type="transition">
        <location x="184" y="236" />
        <size width="30" height="30" />
      </port>
    </subpage>
    <subpage id="id1" original="main.page0" name="main.page0">
      <location x="379" y="331" />
      <size width="50" height="70" />
      <port id="id1.port0" name="p" originalid="id0" type="place" initialMarking="0">
        <location x="305" y="313" />
        <size width="30" height="30" />
      </port>
      <port id="id1.port1" name="t" originalid="id14" type="transition">
        <location x="395" y="313" />
        <size width="30" height="30" />
      </port>
    </subpage>
    <subpage id="id2" original="main.page0" name="main.page0">
      <location x="316" y="583" />
      <size width="50" height="70" />
      <port id="id2.port0" name="p" originalid="id0" type="place" initialMarking="0">
        <location x="324" y="504" />
        <size width="30" height="30" />
      </port>
      <port id="id2.port1" name="t" originalid="id14" type="transition">
        <location x="232" y="697" />
        <size width="30" height="30" />
      </port>
    </subpage>
    <subpage id="id3" original="main.page0" name="main.page0">
      <location x="132" y="603" />
      <size width="50" height="70" />
      <port id="id3.port0" name="p" originalid="id0" type="place" initialMarking="0">
        <location x="87" y="603" />
        <size width="30" height="30" />
      </port>
      <port id="id3.port1" name="t" originalid="id14" type="transition">
        <location x="177" y="603" />
        <size width="30" height="30" />
      </port>
    </subpage>
    <subpage id="id4" original="main.page0" name="main.page0">
      <location x="141" y="424" />
      <size width="50" height="70" />
      <port id="id4.port0" name="p" originalid="id0" type="place" initialMarking="0">
        <location x="96" y="424" />
        <size width="30" height="30" />
      </port>
      <port id="id4.port1" name="t" originalid="id14" type="transition">
        <location x="186" y="424" />
        <size width="30" height="30" />
      </port>
    </subpage>
    <subpage id="id10" original="main.page0" name="main.page0">
      <location x="302" y="164" />
      <size width="50" height="70" />
      <port id="id10.port0" name="p" originalid="id0" type="place" initialMarking="0">
        <location x="86" y="119" />
        <size width="30" height="30" />
      </port>
      <port id="id10.port1" name="t" originalid="id14" type="transition">
        <location x="394" y="193" />
        <size width="30" height="30" />
      </port>
    </subpage>
    <subpage id="id11" original="main.page0" name="main.page0">
      <location x="610" y="247" />
      <size width="50" height="70" />
      <port id="id11.port0" name="p" originalid="id0" type="place" initialMarking="0">
        <location x="548" y="252" />
        <size width="30" height="30" />
      </port>
      <port id="id11.port1" name="t" originalid="id14" type="transition">
        <location x="589" y="523" />
        <size width="30" height="30" />
      </port>
    </subpage>
    <subpage id="id12" original="main.page0" name="main.page0">
      <location x="394" y="766" />
      <size width="50" height="70" />
      <port id="id12.port0" name="p" originalid="id0" type="place" initialMarking="0">
        <location x="526" y="663" />
        <size width="30" height="30" />
      </port>
      <port id="id12.port1" name="t" originalid="id14" type="transition">
        <location x="313" y="817" />
        <size width="30" height="30" />
      </port>
    </subpage>
    <subpage id="id13" original="main.page0" name="main.page0">
      <location x="72" y="889" />
      <size width="50" height="70" />
      <port id="id13.port0" name="p" originalid="id0" type="place" initialMarking="0">
        <location x="228" y="978" />
        <size width="30" height="30" />
      </port>
      <port id="id13.port1" name="t" originalid="id14" type="transition">
        <location x="-67" y="627" />
        <size width="30" height="30" />
      </port>
    </subpage>
    <subpage id="id14" original="main.page0" name="main.page0">
      <location x="7" y="306" />
      <size width="50" height="70" />
      <port id="id14.port0" name="p" originalid="id0" type="place" initialMarking="0">
        <location x="-77" y="426" />
        <size width="30" height="30" />
      </port>
      <port id="id14.port1" name="t" originalid="id14" type="transition">
        <location x="15" y="198" />
        <size width="30" height="30" />
      </port>
    </subpage>
    <arc id="id5" source="id1.port1" target="id2.port0" delay="0" weight="1">
      <points>
        <point x="380" y="328" />
        <point x="328" y="490" />
      </points>
    </arc>
    <arc id="id6" source="id2.port1" target="id3.port0" delay="0" weight="1">
      <points>
        <point x="217" y="682" />
        <point x="99" y="610" />
      </points>
    </arc>
    <arc id="id7" source="id3.port1" target="id4.port0" delay="0" weight="1">
      <points>
        <point x="162" y="588" />
        <point x="101" y="437" />
      </points>
    </arc>
    <arc id="id8" source="id4.port1" target="id0.port0" delay="0" weight="1">
      <points>
        <point x="171" y="409" />
        <point x="100" y="249" />
      </points>
    </arc>
    <arc id="id9" source="id0.port1" target="id1.port0" delay="0" weight="1">
      <points>
        <point x="199" y="251" />
        <point x="293" y="306" />
      </points>
    </arc>
    <arc id="id15" source="id11.port1" target="id12.port0" delay="0" weight="1">
      <points>
        <point x="574" y="538" />
        <point x="531" y="649" />
      </points>
    </arc>
    <arc id="id16" source="id12.port1" target="id13.port0" delay="0" weight="1">
      <points>
        <point x="298" y="832" />
        <point x="234" y="965" />
      </points>
    </arc>
    <arc id="id17" source="id13.port1" target="id14.port0" delay="0" weight="1">
      <points>
        <point x="-77" y="612" />
        <point x="-77" y="441" />
      </points>
    </arc>
    <arc id="id18" source="id14.port1" target="id10.port0" delay="0" weight="1">
      <points>
        <point x="30" y="183" />
        <point x="77" y="130" />
      </points>
    </arc>
    <arc id="id19" source="id10.port1" target="id11.port0" delay="0" weight="1">
      <points>
        <point x="409" y="208" />
        <point x="534" y="248" />
      </points>
    </arc>
    <arc id="id21" source="id2.port1" target="id13.port0" delay="0" weight="1">
      <points>
        <point x="228" y="712" />
        <point x="228" y="963" />
      </points>
    </arc>
  </page>
</petrinet>