﻿<?xml version="1.0" encoding="utf-8"?>
<petrinet name="main">
  <page id="main.page0" name="main.page0">
    <place id="id0" name="pin" initialmarking="1" portdir="In">
      <location x="125" y="97" />
      <size width="60" height="30" />
    </place>
    <place id="id1" name="p" initialmarking="0" portdir="None">
      <location x="258" y="250" />
      <size width="60" height="30" />
    </place>
    <transition id="id2" name="t" portdir="None">
      <location x="237" y="100" />
      <size width="50" height="20" />
    </transition>
    <transition id="id3" name="tout" portdir="Out">
      <location x="136" y="236" />
      <size width="50" height="20" />
    </transition>
    <arc id="id4" source="id0" target="id2" delay="0" weight="1">
      <points>
        <point x="154" y="97" />
        <point x="212" y="97" />
      </points>
    </arc>
    <arc id="id5" source="id2" target="id1" delay="0" weight="1">
      <points>
        <point x="258" y="110" />
        <point x="258" y="235" />
      </points>
    </arc>
    <arc id="id6" source="id1" target="id3" delay="0" weight="1">
      <points>
        <point x="229" y="249" />
        <point x="161" y="246" />
      </points>
    </arc>
    <arc id="id7" source="id3" target="id0" delay="0" weight="1">
      <points>
        <point x="125" y="226" />
        <point x="125" y="112" />
      </points>
    </arc>
  </page>
  <page id="main.page1" name="main.page1">
    <subpage id="id0" original="main.page0" name="main.page0">
      <location x="132" y="111" />
      <size width="50" height="70" />
      <port id="id0.port0" name="pin" originalid="id0" type="place" initialMarking="0">
        <location x="65" y="110" />
        <size width="30" height="30" />
      </port>
      <port id="id0.port1" name="tout" originalid="id3" type="transition">
        <location x="195" y="109" />
        <size width="30" height="30" />
      </port>
    </subpage>
    <subpage id="id1" original="main.page0" name="main.page0">
      <location x="141" y="226" />
      <size width="50" height="70" />
      <port id="id1.port0" name="pin" originalid="id0" type="place" initialMarking="0">
        <location x="204" y="230" />
        <size width="30" height="30" />
      </port>
      <port id="id1.port1" name="tout" originalid="id3" type="transition">
        <location x="71" y="229" />
        <size width="30" height="30" />
      </port>
    </subpage>
    <arc id="id2" source="id0.port1" target="id1.port0" delay="0" weight="1">
      <points>
        <point x="204" y="124" />
        <point x="204" y="215" />
      </points>
    </arc>
    <arc id="id3" source="id1.port1" target="id0.port0" delay="0" weight="1">
      <points>
        <point x="65" y="214" />
        <point x="65" y="125" />
      </points>
    </arc>
  </page>
  <page id="main.page2" name="main.page2">
    <subpage id="id0" original="main.page1" name="main.page1">
      <location x="159" y="101" />
      <size width="50" height="70" />
      <port id="id0.port0" name="tout" originalid="id1.port1" type="transition">
        <location x="209" y="103" />
        <size width="30" height="30" />
      </port>
      <port id="id0.port1" name="pin" originalid="id0.port0" type="place" initialMarking="0">
        <location x="108" y="104" />
        <size width="30" height="30" />
      </port>
    </subpage>
    <subpage id="id1" original="main.page1" name="main.page1">
      <location x="164" y="208" />
      <size width="50" height="70" />
      <port id="id1.port0" name="tout" originalid="id1.port1" type="transition">
        <location x="119" y="208" />
        <size width="30" height="30" />
      </port>
      <port id="id1.port1" name="pin" originalid="id0.port0" type="place" initialMarking="0">
        <location x="209" y="208" />
        <size width="30" height="30" />
      </port>
    </subpage>
    <arc id="id2" source="id0.port0" target="id1.port1" delay="0" weight="1">
      <points>
        <point x="209" y="118" />
        <point x="209" y="193" />
      </points>
    </arc>
    <arc id="id3" source="id1.port0" target="id0.port1" delay="0" weight="1">
      <points>
        <point x="108" y="193" />
        <point x="108" y="119" />
      </points>
    </arc>
  </page>
  <page id="main.page3" name="main.page3">
    <subpage id="id0" original="main.page2" name="main.page2">
      <location x="143" y="91" />
      <size width="50" height="70" />
      <port id="id0.port0" name="pin" originalid="id0.port1" type="place" initialMarking="0">
        <location x="90" y="91" />
        <size width="30" height="30" />
      </port>
      <port id="id0.port1" name="tout" originalid="id1.port0" type="transition">
        <location x="195" y="88" />
        <size width="30" height="30" />
      </port>
    </subpage>
    <subpage id="id1" original="main.page2" name="main.page2">
      <location x="140" y="211" />
      <size width="50" height="70" />
      <port id="id1.port0" name="pin" originalid="id0.port1" type="place" initialMarking="0">
        <location x="198" y="215" />
        <size width="30" height="30" />
      </port>
      <port id="id1.port1" name="tout" originalid="id1.port0" type="transition">
        <location x="86" y="219" />
        <size width="30" height="30" />
      </port>
    </subpage>
    <arc id="id2" source="id0.port1" target="id1.port0" delay="0" weight="1">
      <points>
        <point x="198" y="103" />
        <point x="198" y="200" />
      </points>
    </arc>
    <arc id="id3" source="id1.port1" target="id0.port0" delay="0" weight="1">
      <points>
        <point x="90" y="204" />
        <point x="90" y="106" />
      </points>
    </arc>
  </page>
  <page id="main.page4" name="main.page4">
    <subpage id="id0" original="main.page3" name="main.page3">
      <location x="235" y="105" />
      <size width="50" height="70" />
      <port id="id0.port0" name="pin" originalid="id0.port0" type="place" initialMarking="0">
        <location x="189" y="105" />
        <size width="30" height="30" />
      </port>
      <port id="id0.port1" name="tout" originalid="id1.port1" type="transition">
        <location x="280" y="105" />
        <size width="30" height="30" />
      </port>
    </subpage>
    <subpage id="id1" original="main.page3" name="main.page3">
      <location x="238" y="217" />
      <size width="50" height="70" />
      <port id="id1.port0" name="pin" originalid="id0.port0" type="place" initialMarking="0">
        <location x="292" y="216" />
        <size width="30" height="30" />
      </port>
      <port id="id1.port1" name="tout" originalid="id1.port1" type="transition">
        <location x="185" y="222" />
        <size width="30" height="30" />
      </port>
    </subpage>
    <arc id="id2" source="id0.port1" target="id1.port0" delay="0" weight="1">
      <points>
        <point x="292" y="120" />
        <point x="292" y="201" />
      </points>
    </arc>
    <arc id="id3" source="id1.port1" target="id0.port0" delay="0" weight="1">
      <points>
        <point x="189" y="207" />
        <point x="189" y="120" />
      </points>
    </arc>
  </page>
  <page id="main.page5" name="main.page5">
    <subpage id="id0" original="main.page4" name="main.page4">
      <location x="170" y="101" />
      <size width="50" height="70" />
      <port id="id0.port0" name="pin" originalid="id0.port0" type="place" initialMarking="0">
        <location x="125" y="101" />
        <size width="30" height="30" />
      </port>
      <port id="id0.port1" name="tout" originalid="id1.port1" type="transition">
        <location x="215" y="101" />
        <size width="30" height="30" />
      </port>
    </subpage>
    <subpage id="id1" original="main.page4" name="main.page4">
      <location x="170" y="220" />
      <size width="50" height="70" />
      <port id="id1.port0" name="pin" originalid="id0.port0" type="place" initialMarking="0">
        <location x="224" y="226" />
        <size width="30" height="30" />
      </port>
      <port id="id1.port1" name="tout" originalid="id1.port1" type="transition">
        <location x="119" y="224" />
        <size width="30" height="30" />
      </port>
    </subpage>
    <arc id="id2" source="id0.port1" target="id1.port0" delay="0" weight="1">
      <points>
        <point x="224" y="116" />
        <point x="224" y="211" />
      </points>
    </arc>
    <arc id="id3" source="id1.port1" target="id0.port0" delay="0" weight="1">
      <points>
        <point x="125" y="209" />
        <point x="125" y="116" />
      </points>
    </arc>
  </page>
  <page id="main.page6" name="main.page6">
    <subpage id="id0" original="main.page5" name="main.page5">
      <location x="214" y="106" />
      <size width="50" height="70" />
      <port id="id0.port0" name="pin" originalid="id0.port0" type="place" initialMarking="0">
        <location x="169" y="106" />
        <size width="30" height="30" />
      </port>
      <port id="id0.port1" name="tout" originalid="id1.port1" type="transition">
        <location x="259" y="106" />
        <size width="30" height="30" />
      </port>
    </subpage>
    <subpage id="id1" original="main.page5" name="main.page5">
      <location x="217" y="216" />
      <size width="50" height="70" />
      <port id="id1.port0" name="pin" originalid="id0.port0" type="place" initialMarking="0">
        <location x="270" y="208" />
        <size width="30" height="30" />
      </port>
      <port id="id1.port1" name="tout" originalid="id1.port1" type="transition">
        <location x="157" y="212" />
        <size width="30" height="30" />
      </port>
    </subpage>
    <arc id="id2" source="id0.port1" target="id1.port0" delay="0" weight="1">
      <points>
        <point x="270" y="121" />
        <point x="270" y="193" />
      </points>
    </arc>
    <arc id="id3" source="id1.port1" target="id0.port0" delay="0" weight="1">
      <points>
        <point x="169" y="197" />
        <point x="169" y="121" />
      </points>
    </arc>
  </page>
  <page id="main.page7" name="main.page7">
    <subpage id="id0" original="main.page6" name="main.page6">
      <location x="187" y="128" />
      <size width="50" height="70" />
      <port id="id0.port0" name="pin" originalid="id0.port0" type="place" initialMarking="0">
        <location x="142" y="128" />
        <size width="30" height="30" />
      </port>
      <port id="id0.port1" name="tout" originalid="id1.port1" type="transition">
        <location x="232" y="128" />
        <size width="30" height="30" />
      </port>
    </subpage>
    <subpage id="id1" original="main.page6" name="main.page6">
      <location x="173" y="223" />
      <size width="50" height="70" />
      <port id="id1.port0" name="pin" originalid="id0.port0" type="place" initialMarking="0">
        <location x="247" y="232" />
        <size width="30" height="30" />
      </port>
      <port id="id1.port1" name="tout" originalid="id1.port1" type="transition">
        <location x="116" y="232" />
        <size width="30" height="30" />
      </port>
    </subpage>
    <arc id="id2" source="id0.port1" target="id1.port0" delay="0" weight="1">
      <points>
        <point x="247" y="143" />
        <point x="247" y="217" />
      </points>
    </arc>
    <arc id="id3" source="id1.port1" target="id0.port0" delay="0" weight="1">
      <points>
        <point x="131" y="217" />
        <point x="141" y="142" />
      </points>
    </arc>
  </page>
  <page id="main.page8" name="main.page8">
    <subpage id="id0" original="main.page7" name="main.page7">
      <location x="151" y="113" />
      <size width="50" height="70" />
      <port id="id0.port0" name="pin" originalid="id0.port0" type="place" initialMarking="0">
        <location x="106" y="113" />
        <size width="30" height="30" />
      </port>
      <port id="id0.port1" name="tout" originalid="id1.port1" type="transition">
        <location x="196" y="113" />
        <size width="30" height="30" />
      </port>
    </subpage>
    <subpage id="id1" original="main.page7" name="main.page7">
      <location x="155" y="214" />
      <size width="50" height="70" />
      <port id="id1.port0" name="pin" originalid="id0.port0" type="place" initialMarking="0">
        <location x="218" y="223" />
        <size width="30" height="30" />
      </port>
      <port id="id1.port1" name="tout" originalid="id1.port1" type="transition">
        <location x="100" y="211" />
        <size width="30" height="30" />
      </port>
    </subpage>
    <arc id="id2" source="id0.port1" target="id1.port0" delay="0" weight="1">
      <points>
        <point x="211" y="128" />
        <point x="217" y="209" />
      </points>
    </arc>
    <arc id="id3" source="id1.port1" target="id0.port0" delay="0" weight="1">
      <points>
        <point x="106" y="196" />
        <point x="106" y="128" />
      </points>
    </arc>
  </page>
  <page id="main.page9" name="main.page9">
    <subpage id="id0" original="main.page8" name="main.page8">
      <location x="195" y="120" />
      <size width="50" height="70" />
      <port id="id0.port0" name="pin" originalid="id0.port0" type="place" initialMarking="0">
        <location x="150" y="120" />
        <size width="30" height="30" />
      </port>
      <port id="id0.port1" name="tout" originalid="id1.port1" type="transition">
        <location x="240" y="120" />
        <size width="30" height="30" />
      </port>
    </subpage>
    <subpage id="id1" original="main.page8" name="main.page8">
      <location x="187" y="243" />
      <size width="50" height="70" />
      <port id="id1.port0" name="pin" originalid="id0.port0" type="place" initialMarking="0">
        <location x="247" y="249" />
        <size width="30" height="30" />
      </port>
      <port id="id1.port1" name="tout" originalid="id1.port1" type="transition">
        <location x="123" y="247" />
        <size width="30" height="30" />
      </port>
    </subpage>
    <arc id="id2" source="id0.port1" target="id1.port0" delay="0" weight="1">
      <points>
        <point x="247" y="135" />
        <point x="247" y="234" />
      </points>
    </arc>
    <arc id="id3" source="id1.port1" target="id0.port0" delay="0" weight="1">
      <points>
        <point x="138" y="232" />
        <point x="149" y="134" />
      </points>
    </arc>
  </page>
  <page id="main.page10" name="main.page10">
    <subpage id="id0" original="main.page9" name="main.page9">
      <location x="184" y="123" />
      <size width="50" height="70" />
      <port id="id0.port0" name="pin" originalid="id0.port0" type="place" initialMarking="0">
        <location x="139" y="123" />
        <size width="30" height="30" />
      </port>
      <port id="id0.port1" name="tout" originalid="id1.port1" type="transition">
        <location x="229" y="123" />
        <size width="30" height="30" />
      </port>
    </subpage>
    <subpage id="id1" original="main.page9" name="main.page9">
      <location x="189" y="228" />
      <size width="50" height="70" />
      <port id="id1.port0" name="pin" originalid="id0.port0" type="place" initialMarking="0">
        <location x="241" y="229" />
        <size width="30" height="30" />
      </port>
      <port id="id1.port1" name="tout" originalid="id1.port1" type="transition">
        <location x="129" y="233" />
        <size width="30" height="30" />
      </port>
    </subpage>
    <arc id="id2" source="id0.port1" target="id1.port0" delay="0" weight="1">
      <points>
        <point x="241" y="138" />
        <point x="241" y="214" />
      </points>
    </arc>
    <arc id="id3" source="id1.port1" target="id0.port0" delay="0" weight="1">
      <points>
        <point x="139" y="218" />
        <point x="139" y="138" />
      </points>
    </arc>
  </page>
  <page id="main.page11" name="main.page11">
    <subpage id="id0" original="main.page10" name="main.page10">
      <location x="91" y="103" />
      <size width="50" height="70" />
      <port id="id0.port0" name="pin" originalid="id0.port0" type="place" initialMarking="0">
        <location x="46" y="103" />
        <size width="30" height="30" />
      </port>
      <port id="id0.port1" name="tout" originalid="id1.port1" type="transition">
        <location x="136" y="103" />
        <size width="30" height="30" />
      </port>
    </subpage>
    <subpage id="id1" original="main.page10" name="main.page10">
      <location x="85" y="204" />
      <size width="50" height="70" />
      <port id="id1.port0" name="pin" originalid="id0.port0" type="place" initialMarking="0">
        <location x="145" y="210" />
        <size width="30" height="30" />
      </port>
      <port id="id1.port1" name="tout" originalid="id1.port1" type="transition">
        <location x="31" y="216" />
        <size width="30" height="30" />
      </port>
    </subpage>
    <arc id="id2" source="id0.port1" target="id1.port0" delay="0" weight="1">
      <points>
        <point x="145" y="118" />
        <point x="145" y="195" />
      </points>
    </arc>
    <arc id="id3" source="id1.port1" target="id0.port0" delay="0" weight="1">
      <points>
        <point x="46" y="201" />
        <point x="46" y="118" />
      </points>
    </arc>
  </page>
  <page id="main.page12" name="main.page12">
    <subpage id="id0" original="main.page11" name="main.page11">
      <location x="93" y="122" />
      <size width="50" height="70" />
      <port id="id0.port0" name="pin" originalid="id0.port0" type="place" initialMarking="0">
        <location x="48" y="122" />
        <size width="30" height="30" />
      </port>
      <port id="id0.port1" name="tout" originalid="id1.port1" type="transition">
        <location x="138" y="122" />
        <size width="30" height="30" />
      </port>
    </subpage>
    <subpage id="id1" original="main.page11" name="main.page11">
      <location x="101" y="261" />
      <size width="50" height="70" />
      <port id="id1.port0" name="pin" originalid="id0.port0" type="place" initialMarking="0">
        <location x="156" y="260" />
        <size width="30" height="30" />
      </port>
      <port id="id1.port1" name="tout" originalid="id1.port1" type="transition">
        <location x="37" y="256" />
        <size width="30" height="30" />
      </port>
    </subpage>
    <arc id="id2" source="id0.port1" target="id1.port0" delay="0" weight="1">
      <points>
        <point x="153" y="137" />
        <point x="156" y="246" />
      </points>
    </arc>
    <arc id="id3" source="id1.port1" target="id0.port0" delay="0" weight="1">
      <points>
        <point x="48" y="241" />
        <point x="48" y="137" />
      </points>
    </arc>
  </page>
  <page id="main.page13" name="main.page13">
    <subpage id="id0" original="main.page12" name="main.page12">
      <location x="97" y="117" />
      <size width="50" height="70" />
      <port id="id0.port0" name="pin" originalid="id0.port0" type="place" initialMarking="0">
        <location x="52" y="116" />
        <size width="30" height="30" />
      </port>
      <port id="id0.port1" name="tout" originalid="id1.port1" type="transition">
        <location x="142" y="117" />
        <size width="30" height="30" />
      </port>
    </subpage>
    <subpage id="id1" original="main.page12" name="main.page12">
      <location x="96" y="224" />
      <size width="50" height="70" />
      <port id="id1.port0" name="pin" originalid="id0.port0" type="place" initialMarking="0">
        <location x="150" y="230" />
        <size width="30" height="30" />
      </port>
      <port id="id1.port1" name="tout" originalid="id1.port1" type="transition">
        <location x="45" y="226" />
        <size width="30" height="30" />
      </port>
    </subpage>
    <arc id="id2" source="id0.port1" target="id1.port0" delay="0" weight="1">
      <points>
        <point x="150" y="132" />
        <point x="150" y="215" />
      </points>
    </arc>
    <arc id="id3" source="id1.port1" target="id0.port0" delay="0" weight="1">
      <points>
        <point x="52" y="211" />
        <point x="52" y="131" />
      </points>
    </arc>
  </page>
</petrinet>