POSTED BY: Kansai
SUBJECT: 参加希望
EMAIL: 
SITE: 
DATE: 2011-04-03 02:49:54
USER AGENT: Mozilla/5.0 (Windows; U; Windows NT 5.1; ja; rv:1.9.0.19) Gecko/2010031422 Firefox/3.0.19
IP: 68.68.107.227
ICON: 99
COLOR: 2
AUTHORIZED: 1

はじめまして Kansaiと申します
ＤＡＴ落ちスレからきました
----------
POSTED BY: ki
SUBJECT: 無題
EMAIL: 
SITE: http://
DATE: 2007-10-31 18:40:07
USER AGENT: Mozilla/5.0 (Windows; U; Windows NT 5.1; ja; rv:1.8.1.8) Gecko/20071008 Firefox/2.0.0.8
IP: 121.102.49.240
ICON: 99
COLOR: 6
AUTHORIZED: 1

復帰したようなのでまたメニューバーを更新しました。バタバタして申し訳ないです。
以下更新したメニューバー（↓開いた後何回かリロードすれば更新されると思います）
削除
新しい方ではindex2/index3がテキストベース
index4/index5が画像ベースのメニューになっています。
以下各インデックスへのリンク
削除
BBS1～BBS3までありますが、1から順に使い潰していってください。
----------
POSTED BY: ki
SUBJECT: ぱっち
EMAIL: 
SITE: 
DATE: 2007-10-29 17:35:34
USER AGENT: Mozilla/5.0 (Windows; U; Windows NT 5.1; ja; rv:1.8.1.8) Gecko/20071008 Firefox/2.0.0.8
IP: 121.102.49.240
ICON: 99
COLOR: 6
AUTHORIZED: 1

シュガスパ　パッチ1.3/2.0/2.1<br>1.3は普通のパッチ<br>2.0はシュガスパにぎやかしパッチ・アイキャッチ編<br>2.1はシュガスパにぎやかしパッチ・システムボイス編<br><br>http://www.filebank.co.jp/wblink/12643a1a9c644cf707a7176b86907c74<br>http://www.filebank.co.jp/wblink/06191989b2c5f2331c82a9b853153a78
-----
REPLY:
POSTED BY: Alt
SUBJECT: Re: ぱっち
EMAIL: 
SITE: 
DATE: 2007-10-30 12:24:00
USER AGENT: Mozilla/4.0 (compatible; MSIE 6.0; Windows NT 5.1; SV1; .NET CLR 1.1.4322; .NET CLR 2.0.50727; .NET CLR 3.0.04506.30)
IP: 219.163.65.19
ICON: 99
COLOR: 5
AUTHORIZED: 1

kiさんお疲れ様です<br><br>&gt;&gt;ALL<br>ディバイン・ウォーズ第26話(TV未放送)エンコしましたのでよろしければどうぞ
-----
REPLY:
POSTED BY: 02
SUBJECT: Re: ぱっち
EMAIL: 
SITE: 
DATE: 2007-10-31 07:34:48
USER AGENT: Mozilla/4.0 (compatible; MSIE 6.0; Windows NT 5.1; .NET CLR 1.0.3705; .NET CLR 1.1.4322)
IP: 219.2.177.98
ICON: 99
COLOR: 7
AUTHORIZED: 1

＞kiさん<br>遅ればせながら、お疲れ様でした。
-----
REPLY:
POSTED BY: シマコ
SUBJECT: Re: ぱっち
EMAIL: 
SITE: 
DATE: 2007-10-31 15:22:49
USER AGENT: Mozilla/4.0 (compatible; MSIE 6.0; Windows NT 5.1; SV1; MEGAUPLOAD 1.0)
IP: 210.159.136.45
ICON: 99
COLOR: 4
AUTHORIZED: 1

お！返信できるようになってるｖ<br>ぱっちいただきました。<br><br>ディバイン・ウォーズ、いただきますo(_ _*)o
----------
POSTED BY: ki
SUBJECT: すげかえ
EMAIL: 
SITE: 
DATE: 2007-10-29 17:10:30
USER AGENT: Mozilla/5.0 (Windows; U; Windows NT 5.1; ja; rv:1.8.1.8) Gecko/20071008 Firefox/2.0.0.8
IP: 121.102.49.240
ICON: 99
COLOR: 6
AUTHORIZED: 1

一向に復帰する気配を見せないのでとりあえず変えておきます。<br>ちょっとめんどくさいのでまたなんかいいのがあれば変えようかと思っています。<br><br>追記：元の方は２週間ぐらいすれば復帰する。と思う。
----------
