﻿<?xml version="1.0" encoding="utf-8"?>
<petrinet name="main">
  <page id="main.page0" name="main.page0">
    <place id="id0" name="p0" initialmarking="0" portdir="None">
      <location x="312" y="42" />
      <size width="60" height="30" />
    </place>
    <place id="id1" name="p1" initialmarking="0" portdir="None">
      <location x="235" y="137" />
      <size width="60" height="30" />
    </place>
    <place id="id2" name="p2" initialmarking="0" portdir="None">
      <location x="306" y="137" />
      <size width="60" height="30" />
    </place>
    <place id="id3" name="p3" initialmarking="1" portdir="None">
      <location x="374" y="143" />
      <size width="60" height="30" />
    </place>
    <place id="id4" name="p4" initialmarking="0" portdir="None">
      <location x="236" y="265" />
      <size width="60" height="30" />
    </place>
    <place id="id5" name="p5" initialmarking="0" portdir="None">
      <location x="299" y="261" />
      <size width="60" height="30" />
    </place>
    <place id="id6" name="p6" initialmarking="0" portdir="None">
      <location x="384" y="265" />
      <size width="60" height="30" />
    </place>
    <place id="id7" name="p7" initialmarking="0" portdir="None">
      <location x="329" y="397" />
      <size width="60" height="30" />
    </place>
    <place id="id8" name="p8" initialmarking="0" portdir="None">
      <location x="135" y="297" />
      <size width="60" height="30" />
    </place>
    <place id="id9" name="p9" initialmarking="0" portdir="None">
      <location x="126" y="136" />
      <size width="60" height="30" />
    </place>
    <place id="id10" name="p10" initialmarking="0" portdir="None">
      <location x="58" y="134" />
      <size width="60" height="30" />
    </place>
    <place id="id11" name="p11" initialmarking="1" portdir="None">
      <location x="58" y="285" />
      <size width="60" height="30" />
    </place>
    <place id="id47" name="p15" initialmarking="1" portdir="None">
      <location x="456" y="250" />
      <size width="60" height="30" />
    </place>
    <place id="id48" name="p16" initialmarking="0" portdir="None">
      <location x="546" y="221" />
      <size width="60" height="30" />
    </place>
    <place id="id49" name="p17" initialmarking="0" portdir="None">
      <location x="460" y="163" />
      <size width="60" height="30" />
    </place>
    <place id="id53" name="p14" initialmarking="0" portdir="None">
      <location x="457" y="296" />
      <size width="60" height="30" />
    </place>
    <place id="id54" name="p12" initialmarking="1" portdir="None">
      <location x="450" y="380" />
      <size width="60" height="30" />
    </place>
    <place id="id55" name="p13" initialmarking="0" portdir="None">
      <location x="545" y="330" />
      <size width="60" height="30" />
    </place>
    <place id="id69" name="p18" initialmarking="0" portdir="None">
      <location x="190" y="453" />
      <size width="60" height="30" />
    </place>
    <place id="id70" name="p20" initialmarking="0" portdir="None">
      <location x="427" y="502" />
      <size width="60" height="30" />
    </place>
    <place id="id71" name="p19" initialmarking="1" portdir="None">
      <location x="241" y="495" />
      <size width="60" height="30" />
    </place>
    <transition id="id12" name="t" portdir="None">
      <location x="94" y="45" />
      <size width="50" height="20" />
    </transition>
    <transition id="id13" name="t" portdir="None">
      <location x="101" y="217" />
      <size width="50" height="20" />
    </transition>
    <transition id="id14" name="t" portdir="None">
      <location x="107" y="383" />
      <size width="50" height="20" />
    </transition>
    <transition id="id15" name="t" portdir="None">
      <location x="350" y="335" />
      <size width="50" height="20" />
    </transition>
    <transition id="id16" name="t" portdir="None">
      <location x="272" y="331" />
      <size width="50" height="20" />
    </transition>
    <transition id="id17" name="t" portdir="None">
      <location x="365" y="208" />
      <size width="50" height="20" />
    </transition>
    <transition id="id18" name="t" portdir="None">
      <location x="279" y="202" />
      <size width="50" height="20" />
    </transition>
    <transition id="id19" name="t" portdir="None">
      <location x="358" y="91" />
      <size width="50" height="20" />
    </transition>
    <transition id="id20" name="t" portdir="None">
      <location x="266" y="89" />
      <size width="50" height="20" />
    </transition>
    <transition id="id50" name="t" portdir="None">
      <location x="548" y="159" />
      <size width="50" height="20" />
    </transition>
    <transition id="id51" name="t" portdir="None">
      <location x="537" y="278" />
      <size width="50" height="20" />
    </transition>
    <transition id="id52" name="t" portdir="None">
      <location x="546" y="387" />
      <size width="50" height="20" />
    </transition>
    <transition id="id68" name="t" portdir="None">
      <location x="329" y="455" />
      <size width="50" height="20" />
    </transition>
    <transition id="id72" name="t" portdir="None">
      <location x="331" y="540" />
      <size width="50" height="20" />
    </transition>
    <arc id="id21" source="id0" target="id19" delay="0" weight="1">
      <points>
        <point x="332" y="52" />
        <point x="333" y="81" />
      </points>
    </arc>
    <arc id="id22" source="id19" target="id3" delay="0" weight="1">
      <points>
        <point x="374" y="101" />
        <point x="374" y="128" />
      </points>
    </arc>
    <arc id="id23" source="id3" target="id17" delay="0" weight="1">
      <points>
        <point x="370" y="157" />
        <point x="370" y="198" />
      </points>
    </arc>
    <arc id="id24" source="id17" target="id6" delay="0" weight="1">
      <points>
        <point x="384" y="218" />
        <point x="384" y="250" />
      </points>
    </arc>
    <arc id="id25" source="id6" target="id15" delay="0" weight="1">
      <points>
        <point x="371" y="278" />
        <point x="371" y="325" />
      </points>
    </arc>
    <arc id="id26" source="id15" target="id7" delay="0" weight="1">
      <points>
        <point x="329" y="345" />
        <point x="329" y="382" />
      </points>
    </arc>
    <arc id="id27" source="id0" target="id20" delay="0" weight="1">
      <points>
        <point x="292" y="52" />
        <point x="291" y="79" />
      </points>
    </arc>
    <arc id="id28" source="id20" target="id2" delay="0" weight="1">
      <points>
        <point x="291" y="99" />
        <point x="295" y="124" />
      </points>
    </arc>
    <arc id="id29" source="id20" target="id1" delay="0" weight="1">
      <points>
        <point x="241" y="99" />
        <point x="239" y="123" />
      </points>
    </arc>
    <arc id="id30" source="id1" target="id18" delay="0" weight="1">
      <points>
        <point x="251" y="149" />
        <point x="254" y="192" />
      </points>
    </arc>
    <arc id="id31" source="id2" target="id18" delay="0" weight="1">
      <points>
        <point x="295" y="150" />
        <point x="295" y="192" />
      </points>
    </arc>
    <arc id="id32" source="id18" target="id5" delay="0" weight="1">
      <points>
        <point x="299" y="212" />
        <point x="299" y="246" />
      </points>
    </arc>
    <arc id="id33" source="id18" target="id4" delay="0" weight="1">
      <points>
        <point x="254" y="212" />
        <point x="245" y="251" />
      </points>
    </arc>
    <arc id="id34" source="id4" target="id16" delay="0" weight="1">
      <points>
        <point x="250" y="278" />
        <point x="250" y="321" />
      </points>
    </arc>
    <arc id="id35" source="id5" target="id16" delay="0" weight="1">
      <points>
        <point x="289" y="274" />
        <point x="289" y="321" />
      </points>
    </arc>
    <arc id="id36" source="id16" target="id7" delay="0" weight="1">
      <points>
        <point x="297" y="341" />
        <point x="315" y="384" />
      </points>
    </arc>
    <arc id="id37" source="id7" target="id14" delay="0" weight="1">
      <points>
        <point x="300" y="397" />
        <point x="132" y="393" />
      </points>
    </arc>
    <arc id="id38" source="id14" target="id8" delay="0" weight="1">
      <points>
        <point x="132" y="373" />
        <point x="134" y="311" />
      </points>
    </arc>
    <arc id="id39" source="id8" target="id13" delay="0" weight="1">
      <points>
        <point x="124" y="284" />
        <point x="124" y="227" />
      </points>
    </arc>
    <arc id="id40" source="id13" target="id11" delay="0" weight="1">
      <points>
        <point x="76" y="227" />
        <point x="66" y="271" />
      </points>
    </arc>
    <arc id="id41" source="id11" target="id14" delay="0" weight="1">
      <points>
        <point x="71" y="298" />
        <point x="82" y="373" />
      </points>
    </arc>
    <arc id="id42" source="id13" target="id9" delay="0" weight="1">
      <points>
        <point x="126" y="207" />
        <point x="126" y="151" />
      </points>
    </arc>
    <arc id="id43" source="id13" target="id10" delay="0" weight="1">
      <points>
        <point x="76" y="207" />
        <point x="65" y="148" />
      </points>
    </arc>
    <arc id="id44" source="id9" target="id12" delay="0" weight="1">
      <points>
        <point x="117" y="122" />
        <point x="117" y="55" />
      </points>
    </arc>
    <arc id="id45" source="id10" target="id12" delay="0" weight="1">
      <points>
        <point x="69" y="121" />
        <point x="69" y="55" />
      </points>
    </arc>
    <arc id="id46" source="id12" target="id0" delay="0" weight="1">
      <points>
        <point x="119" y="42" />
        <point x="282" y="42" />
      </points>
    </arc>
    <arc id="id56" source="id15" target="id54" delay="0" weight="1">
      <points>
        <point x="375" y="345" />
        <point x="423" y="374" />
      </points>
    </arc>
    <arc id="id57" source="id54" target="id52" delay="0" weight="1">
      <points>
        <point x="479" y="381" />
        <point x="521" y="381" />
      </points>
    </arc>
    <arc id="id58" source="id52" target="id55" delay="0" weight="1">
      <points>
        <point x="545" y="377" />
        <point x="545" y="345" />
      </points>
    </arc>
    <arc id="id59" source="id55" target="id51" delay="0" weight="1">
      <points>
        <point x="541" y="316" />
        <point x="541" y="288" />
      </points>
    </arc>
    <arc id="id60" source="id51" target="id53" delay="0" weight="1">
      <points>
        <point x="512" y="288" />
        <point x="486" y="294" />
      </points>
    </arc>
    <arc id="id61" source="id53" target="id15" delay="0" weight="1">
      <points>
        <point x="429" y="301" />
        <point x="375" y="325" />
      </points>
    </arc>
    <arc id="id62" source="id17" target="id47" delay="0" weight="1">
      <points>
        <point x="390" y="218" />
        <point x="430" y="244" />
      </points>
    </arc>
    <arc id="id63" source="id47" target="id51" delay="0" weight="1">
      <points>
        <point x="484" y="254" />
        <point x="512" y="268" />
      </points>
    </arc>
    <arc id="id64" source="id51" target="id48" delay="0" weight="1">
      <points>
        <point x="546" y="268" />
        <point x="546" y="236" />
      </points>
    </arc>
    <arc id="id65" source="id48" target="id50" delay="0" weight="1">
      <points>
        <point x="546" y="207" />
        <point x="546" y="169" />
      </points>
    </arc>
    <arc id="id66" source="id50" target="id49" delay="0" weight="1">
      <points>
        <point x="523" y="163" />
        <point x="490" y="163" />
      </points>
    </arc>
    <arc id="id67" source="id49" target="id17" delay="0" weight="1">
      <points>
        <point x="433" y="169" />
        <point x="390" y="198" />
      </points>
    </arc>
    <arc id="id73" source="id68" target="id7" delay="0" weight="1">
      <points>
        <point x="329" y="445" />
        <point x="329" y="412" />
      </points>
    </arc>
    <arc id="id74" source="id69" target="id68" delay="0" weight="1">
      <points>
        <point x="219" y="453" />
        <point x="304" y="453" />
      </points>
    </arc>
    <arc id="id75" source="id68" target="id71" delay="0" weight="1">
      <points>
        <point x="304" y="465" />
        <point x="268" y="489" />
      </points>
    </arc>
    <arc id="id76" source="id71" target="id72" delay="0" weight="1">
      <points>
        <point x="267" y="501" />
        <point x="306" y="530" />
      </points>
    </arc>
    <arc id="id77" source="id72" target="id70" delay="0" weight="1">
      <points>
        <point x="356" y="530" />
        <point x="400" y="507" />
      </points>
    </arc>
    <arc id="id78" source="id70" target="id68" delay="0" weight="1">
      <points>
        <point x="400" y="496" />
        <point x="354" y="465" />
      </points>
    </arc>
  </page>
</petrinet>