﻿<?xml version="1.0" encoding="utf-8"?>
<petrinet name="Untitled">
  <page id="page0" name="page0">
    <place id="id0" name="p0" initialmarking="0" portdir="None">
      <location x="272" y="317" />
      <size width="50" height="30" />
    </place>
    <place id="id1" name="p1" initialmarking="0" portdir="None">
      <location x="198" y="275" />
      <size width="50" height="30" />
    </place>
    <place id="id2" name="p2" initialmarking="0" portdir="None">
      <location x="74" y="276" />
      <size width="50" height="30" />
    </place>
    <place id="id3" name="p3" initialmarking="0" portdir="None">
      <location x="69" y="366" />
      <size width="50" height="30" />
    </place>
    <place id="id4" name="p4" initialmarking="0" portdir="None">
      <location x="144" y="421" />
      <size width="50" height="30" />
    </place>
    <place id="id5" name="p5" initialmarking="0" portdir="None">
      <location x="279" y="424" />
      <size width="50" height="30" />
    </place>
    <place id="id6" name="p6" initialmarking="0" portdir="None">
      <location x="425" y="424" />
      <size width="50" height="30" />
    </place>
    <place id="id7" name="p7" initialmarking="0" portdir="None">
      <location x="350" y="478" />
      <size width="50" height="30" />
    </place>
    <place id="id8" name="p8" initialmarking="0" portdir="None">
      <location x="276" y="526" />
      <size width="50" height="30" />
    </place>
    <place id="id9" name="p9" initialmarking="1" portdir="None">
      <location x="425" y="533" />
      <size width="50" height="30" />
    </place>
    <transition id="id10" name="t10" portdir="None">
      <location x="267" y="274" />
      <size width="50" height="20" />
    </transition>
    <transition id="id11" name="t11" portdir="None">
      <location x="131" y="272" />
      <size width="50" height="20" />
    </transition>
    <transition id="id12" name="t12" portdir="None">
      <location x="68" y="321" />
      <size width="50" height="20" />
    </transition>
    <transition id="id13" name="t13" portdir="None">
      <location x="75" y="417" />
      <size width="50" height="20" />
    </transition>
    <transition id="id14" name="t14" portdir="None">
      <location x="208" y="427" />
      <size width="50" height="20" />
    </transition>
    <transition id="id15" name="t15" portdir="In">
      <location x="348" y="423" />
      <size width="50" height="20" />
    </transition>
    <transition id="id16" name="t16" portdir="None">
      <location x="272" y="476" />
      <size width="50" height="20" />
    </transition>
    <transition id="id17" name="t17" portdir="Out">
      <location x="355" y="530" />
      <size width="50" height="20" />
    </transition>
    <transition id="id18" name="t18" portdir="None">
      <location x="424" y="480" />
      <size width="50" height="20" />
    </transition>
    <transition id="id19" name="t19" portdir="None">
      <location x="272" y="369" />
      <size width="50" height="20" />
    </transition>
    <arc id="id20" source="id0" target="id10" delay="0" weight="1">
      <points>
        <point x="270" y="303" />
        <point x="270" y="284" />
      </points>
    </arc>
    <arc id="id21" source="id10" target="id1" delay="0" weight="1">
      <points>
        <point x="242" y="275" />
        <point x="223" y="275" />
      </points>
    </arc>
    <arc id="id22" source="id1" target="id11" delay="0" weight="1">
      <points>
        <point x="174" y="275" />
        <point x="156" y="275" />
      </points>
    </arc>
    <arc id="id23" source="id11" target="id2" delay="0" weight="1">
      <points>
        <point x="106" y="276" />
        <point x="99" y="276" />
      </points>
    </arc>
    <arc id="id24" source="id2" target="id12" delay="0" weight="1">
      <points>
        <point x="71" y="290" />
        <point x="71" y="311" />
      </points>
    </arc>
    <arc id="id25" source="id12" target="id3" delay="0" weight="1">
      <points>
        <point x="69" y="331" />
        <point x="69" y="351" />
      </points>
    </arc>
    <arc id="id26" source="id3" target="id13" delay="0" weight="1">
      <points>
        <point x="71" y="380" />
        <point x="71" y="407" />
      </points>
    </arc>
    <arc id="id27" source="id13" target="id4" delay="0" weight="1">
      <points>
        <point x="100" y="421" />
        <point x="119" y="421" />
      </points>
    </arc>
    <arc id="id28" source="id4" target="id14" delay="0" weight="1">
      <points>
        <point x="168" y="422" />
        <point x="183" y="422" />
      </points>
    </arc>
    <arc id="id29" source="id14" target="id5" delay="0" weight="1">
      <points>
        <point x="233" y="424" />
        <point x="254" y="424" />
      </points>
    </arc>
    <arc id="id30" source="id5" target="id19" delay="0" weight="1">
      <points>
        <point x="276" y="410" />
        <point x="276" y="379" />
      </points>
    </arc>
    <arc id="id31" source="id19" target="id0" delay="0" weight="1">
      <points>
        <point x="272" y="359" />
        <point x="272" y="332" />
      </points>
    </arc>
    <arc id="id32" source="id6" target="id15" delay="0" weight="1">
      <points>
        <point x="401" y="424" />
        <point x="373" y="424" />
      </points>
    </arc>
    <arc id="id33" source="id15" target="id7" delay="0" weight="1">
      <points>
        <point x="350" y="433" />
        <point x="350" y="463" />
      </points>
    </arc>
    <arc id="id35" source="id16" target="id8" delay="0" weight="1">
      <points>
        <point x="276" y="486" />
        <point x="276" y="511" />
      </points>
    </arc>
    <arc id="id36" source="id8" target="id17" delay="0" weight="1">
      <points>
        <point x="300" y="526" />
        <point x="330" y="526" />
      </points>
    </arc>
    <arc id="id37" source="id17" target="id9" delay="0" weight="1">
      <points>
        <point x="380" y="533" />
        <point x="400" y="533" />
      </points>
    </arc>
    <arc id="id38" source="id9" target="id18" delay="0" weight="1">
      <points>
        <point x="425" y="519" />
        <point x="425" y="490" />
      </points>
    </arc>
    <arc id="id39" source="id18" target="id6" delay="0" weight="1">
      <points>
        <point x="425" y="470" />
        <point x="425" y="439" />
      </points>
    </arc>
    <arc id="id40" source="id15" target="id5" delay="0" weight="1">
      <points>
        <point x="323" y="424" />
        <point x="304" y="424" />
      </points>
    </arc>
    <arc id="id41" source="id5" target="id16" delay="0" weight="1">
      <points>
        <point x="276" y="438" />
        <point x="276" y="466" />
      </points>
    </arc>
    <arc id="id34" source="id7" target="id17" delay="0" weight="1">
      <points>
        <point x="352" y="492" />
        <point x="352" y="520" />
      </points>
    </arc>
  </page>
  <page id="page1" name="page1">
    <place id="id2" name="p2" initialmarking="0" portdir="None">
      <location x="450" y="486" />
      <size width="50" height="30" />
    </place>
    <place id="id3" name="p3" initialmarking="0" portdir="None">
      <location x="368" y="488" />
      <size width="50" height="30" />
    </place>
    <place id="id1" name="p1" initialmarking="0" portdir="None">
      <location x="469" y="435" />
      <size width="50" height="30" />
    </place>
    <place id="id11" name="p2" initialmarking="0" portdir="None">
      <location x="601" y="489" />
      <size width="50" height="30" />
    </place>
    <place id="id13" name="p1" initialmarking="0" portdir="None">
      <location x="620" y="438" />
      <size width="50" height="30" />
    </place>
    <place id="id14" name="p3" initialmarking="0" portdir="None">
      <location x="519" y="491" />
      <size width="50" height="30" />
    </place>
    <place id="id21" name="p2" initialmarking="0" portdir="None">
      <location x="749" y="495" />
      <size width="50" height="30" />
    </place>
    <place id="id23" name="p1" initialmarking="0" portdir="None">
      <location x="768" y="444" />
      <size width="50" height="30" />
    </place>
    <place id="id24" name="p3" initialmarking="0" portdir="None">
      <location x="667" y="497" />
      <size width="50" height="30" />
    </place>
    <place id="id31" name="p2" initialmarking="0" portdir="None">
      <location x="898" y="496" />
      <size width="50" height="30" />
    </place>
    <place id="id33" name="p1" initialmarking="0" portdir="None">
      <location x="917" y="445" />
      <size width="50" height="30" />
    </place>
    <place id="id34" name="p3" initialmarking="0" portdir="None">
      <location x="816" y="498" />
      <size width="50" height="30" />
    </place>
    <place id="id41" name="p2" initialmarking="0" portdir="None">
      <location x="1050" y="500" />
      <size width="50" height="30" />
    </place>
    <place id="id44" name="p3" initialmarking="0" portdir="None">
      <location x="968" y="502" />
      <size width="50" height="30" />
    </place>
    <place id="id56" name="p2" initialmarking="0" portdir="None">
      <location x="433" y="299" />
      <size width="50" height="30" />
    </place>
    <place id="id57" name="p2" initialmarking="0" portdir="None">
      <location x="881" y="309" />
      <size width="50" height="30" />
    </place>
    <place id="id58" name="p1" initialmarking="0" portdir="None">
      <location x="914" y="356" />
      <size width="50" height="30" />
    </place>
    <place id="id59" name="p3" initialmarking="0" portdir="None">
      <location x="799" y="311" />
      <size width="50" height="30" />
    </place>
    <place id="id61" name="p2" initialmarking="0" portdir="None">
      <location x="732" y="308" />
      <size width="50" height="30" />
    </place>
    <place id="id62" name="p1" initialmarking="0" portdir="None">
      <location x="466" y="346" />
      <size width="50" height="30" />
    </place>
    <place id="id63" name="p1" initialmarking="0" portdir="None">
      <location x="765" y="355" />
      <size width="50" height="30" />
    </place>
    <place id="id65" name="p3" initialmarking="0" portdir="None">
      <location x="351" y="301" />
      <size width="50" height="30" />
    </place>
    <place id="id66" name="p3" initialmarking="0" portdir="None">
      <location x="502" y="304" />
      <size width="50" height="30" />
    </place>
    <place id="id68" name="p1" initialmarking="0" portdir="None">
      <location x="617" y="349" />
      <size width="50" height="30" />
    </place>
    <place id="id70" name="p2" initialmarking="0" portdir="None">
      <location x="584" y="302" />
      <size width="50" height="30" />
    </place>
    <place id="id71" name="p3" initialmarking="0" portdir="None">
      <location x="650" y="310" />
      <size width="50" height="30" />
    </place>
    <place id="id75" name="p2" initialmarking="0" portdir="None">
      <location x="1033" y="313" />
      <size width="50" height="30" />
    </place>
    <place id="id77" name="p1" initialmarking="0" portdir="None">
      <location x="1066" y="382" />
      <size width="50" height="30" />
    </place>
    <place id="id78" name="p3" initialmarking="0" portdir="None">
      <location x="951" y="315" />
      <size width="50" height="30" />
    </place>
    <place id="id108" name="p108" initialmarking="0" portdir="In">
      <location x="295" y="376" />
      <size width="50" height="30" />
    </place>
    <transition id="id4" name="t4" portdir="None">
      <location x="395" y="410" />
      <size width="50" height="20" />
    </transition>
    <transition id="id10" name="t4" portdir="None">
      <location x="551" y="437" />
      <size width="50" height="20" />
    </transition>
    <transition id="id20" name="t4" portdir="None">
      <location x="699" y="443" />
      <size width="50" height="20" />
    </transition>
    <transition id="id30" name="t4" portdir="None">
      <location x="848" y="444" />
      <size width="50" height="20" />
    </transition>
    <transition id="id40" name="t4" portdir="Out">
      <location x="1001" y="448" />
      <size width="50" height="20" />
    </transition>
    <transition id="id54" name="t4" portdir="None">
      <location x="845" y="355" />
      <size width="50" height="20" />
    </transition>
    <transition id="id55" name="t4" portdir="None">
      <location x="396" y="362" />
      <size width="50" height="20" />
    </transition>
    <transition id="id67" name="t4" portdir="None">
      <location x="548" y="348" />
      <size width="50" height="20" />
    </transition>
    <transition id="id73" name="t4" portdir="None">
      <location x="696" y="354" />
      <size width="50" height="20" />
    </transition>
    <transition id="id74" name="t4" portdir="None">
      <location x="997" y="359" />
      <size width="50" height="20" />
    </transition>
    <subpage id="id0" original="page0" name="page0">
      <location x="396" y="552" />
      <size width="50" height="70" />
      <port id="id0.port0" name="t15" originalid="id15" type="transition" portdir="None">
        <location x="351" y="552" />
        <size width="30" height="30" />
      </port>
      <port id="id0.port1" name="t17" originalid="id17" type="transition" portdir="None">
        <location x="441" y="552" />
        <size width="30" height="30" />
      </port>
    </subpage>
    <subpage id="id12" original="page0" name="page0">
      <location x="547" y="555" />
      <size width="50" height="70" />
      <port id="id12.port0" name="t15" originalid="id15" type="transition" portdir="None">
        <location x="502" y="555" />
        <size width="30" height="30" />
      </port>
      <port id="id12.port1" name="t17" originalid="id17" type="transition" portdir="None">
        <location x="592" y="555" />
        <size width="30" height="30" />
      </port>
    </subpage>
    <subpage id="id22" original="page0" name="page0">
      <location x="695" y="561" />
      <size width="50" height="70" />
      <port id="id22.port0" name="t15" originalid="id15" type="transition" portdir="None">
        <location x="650" y="561" />
        <size width="30" height="30" />
      </port>
      <port id="id22.port1" name="t17" originalid="id17" type="transition" portdir="None">
        <location x="740" y="561" />
        <size width="30" height="30" />
      </port>
    </subpage>
    <subpage id="id32" original="page0" name="page0">
      <location x="844" y="562" />
      <size width="50" height="70" />
      <port id="id32.port0" name="t15" originalid="id15" type="transition" portdir="None">
        <location x="799" y="562" />
        <size width="30" height="30" />
      </port>
      <port id="id32.port1" name="t17" originalid="id17" type="transition" portdir="None">
        <location x="889" y="562" />
        <size width="30" height="30" />
      </port>
    </subpage>
    <subpage id="id42" original="page0" name="page0">
      <location x="996" y="566" />
      <size width="50" height="70" />
      <port id="id42.port0" name="t15" originalid="id15" type="transition" portdir="None">
        <location x="951" y="566" />
        <size width="30" height="30" />
      </port>
      <port id="id42.port1" name="t17" originalid="id17" type="transition" portdir="None">
        <location x="1041" y="566" />
        <size width="30" height="30" />
      </port>
    </subpage>
    <subpage id="id60" original="page0" name="page0">
      <location x="373" y="236" />
      <size width="50" height="70" />
      <port id="id60.port0" name="t15" originalid="id15" type="transition" portdir="None">
        <location x="328" y="236" />
        <size width="30" height="30" />
      </port>
      <port id="id60.port1" name="t17" originalid="id17" type="transition" portdir="None">
        <location x="418" y="236" />
        <size width="30" height="30" />
      </port>
    </subpage>
    <subpage id="id64" original="page0" name="page0">
      <location x="672" y="245" />
      <size width="50" height="70" />
      <port id="id64.port0" name="t15" originalid="id15" type="transition" portdir="None">
        <location x="627" y="245" />
        <size width="30" height="30" />
      </port>
      <port id="id64.port1" name="t17" originalid="id17" type="transition" portdir="None">
        <location x="717" y="245" />
        <size width="30" height="30" />
      </port>
    </subpage>
    <subpage id="id69" original="page0" name="page0">
      <location x="524" y="239" />
      <size width="50" height="70" />
      <port id="id69.port0" name="t15" originalid="id15" type="transition" portdir="None">
        <location x="479" y="239" />
        <size width="30" height="30" />
      </port>
      <port id="id69.port1" name="t17" originalid="id17" type="transition" portdir="None">
        <location x="569" y="239" />
        <size width="30" height="30" />
      </port>
    </subpage>
    <subpage id="id72" original="page0" name="page0">
      <location x="821" y="246" />
      <size width="50" height="70" />
      <port id="id72.port0" name="t15" originalid="id15" type="transition" portdir="None">
        <location x="776" y="246" />
        <size width="30" height="30" />
      </port>
      <port id="id72.port1" name="t17" originalid="id17" type="transition" portdir="None">
        <location x="866" y="246" />
        <size width="30" height="30" />
      </port>
    </subpage>
    <subpage id="id76" original="page0" name="page0">
      <location x="973" y="250" />
      <size width="50" height="70" />
      <port id="id76.port0" name="t15" originalid="id15" type="transition" portdir="None">
        <location x="928" y="250" />
        <size width="30" height="30" />
      </port>
      <port id="id76.port1" name="t17" originalid="id17" type="transition" portdir="None">
        <location x="1018" y="250" />
        <size width="30" height="30" />
      </port>
    </subpage>
    <arc id="id5" source="id4" target="id1" delay="0" weight="1">
      <points>
        <point x="420" y="420" />
        <point x="446" y="431" />
      </points>
    </arc>
    <arc id="id6" source="id4" target="id2" delay="0" weight="1">
      <points>
        <point x="420" y="420" />
        <point x="440" y="473" />
      </points>
    </arc>
    <arc id="id7" source="id2" target="id0.port1" delay="0" weight="1">
      <points>
        <point x="447" y="500" />
        <point x="447" y="537" />
      </points>
    </arc>
    <arc id="id8" source="id0.port0" target="id3" delay="0" weight="1">
      <points>
        <point x="366" y="537" />
        <point x="367" y="502" />
      </points>
    </arc>
    <arc id="id9" source="id3" target="id4" delay="0" weight="1">
      <points>
        <point x="376" y="474" />
        <point x="376" y="420" />
      </points>
    </arc>
    <arc id="id15" source="id10" target="id13" delay="0" weight="1">
      <points>
        <point x="576" y="438" />
        <point x="595" y="438" />
      </points>
    </arc>
    <arc id="id16" source="id14" target="id10" delay="0" weight="1">
      <points>
        <point x="531" y="479" />
        <point x="531" y="447" />
      </points>
    </arc>
    <arc id="id17" source="id12.port0" target="id14" delay="0" weight="1">
      <points>
        <point x="517" y="540" />
        <point x="518" y="505" />
      </points>
    </arc>
    <arc id="id18" source="id11" target="id12.port1" delay="0" weight="1">
      <points>
        <point x="598" y="503" />
        <point x="598" y="540" />
      </points>
    </arc>
    <arc id="id19" source="id10" target="id11" delay="0" weight="1">
      <points>
        <point x="576" y="447" />
        <point x="589" y="477" />
      </points>
    </arc>
    <arc id="id25" source="id20" target="id23" delay="0" weight="1">
      <points>
        <point x="724" y="444" />
        <point x="743" y="444" />
      </points>
    </arc>
    <arc id="id26" source="id24" target="id20" delay="0" weight="1">
      <points>
        <point x="679" y="485" />
        <point x="679" y="453" />
      </points>
    </arc>
    <arc id="id27" source="id22.port0" target="id24" delay="0" weight="1">
      <points>
        <point x="665" y="546" />
        <point x="666" y="511" />
      </points>
    </arc>
    <arc id="id28" source="id21" target="id22.port1" delay="0" weight="1">
      <points>
        <point x="746" y="509" />
        <point x="746" y="546" />
      </points>
    </arc>
    <arc id="id29" source="id20" target="id21" delay="0" weight="1">
      <points>
        <point x="724" y="453" />
        <point x="737" y="483" />
      </points>
    </arc>
    <arc id="id35" source="id30" target="id33" delay="0" weight="1">
      <points>
        <point x="873" y="445" />
        <point x="892" y="445" />
      </points>
    </arc>
    <arc id="id36" source="id34" target="id30" delay="0" weight="1">
      <points>
        <point x="828" y="486" />
        <point x="828" y="454" />
      </points>
    </arc>
    <arc id="id37" source="id32.port0" target="id34" delay="0" weight="1">
      <points>
        <point x="814" y="547" />
        <point x="815" y="512" />
      </points>
    </arc>
    <arc id="id38" source="id31" target="id32.port1" delay="0" weight="1">
      <points>
        <point x="895" y="510" />
        <point x="895" y="547" />
      </points>
    </arc>
    <arc id="id39" source="id30" target="id31" delay="0" weight="1">
      <points>
        <point x="873" y="454" />
        <point x="886" y="484" />
      </points>
    </arc>
    <arc id="id46" source="id44" target="id40" delay="0" weight="1">
      <points>
        <point x="981" y="490" />
        <point x="981" y="458" />
      </points>
    </arc>
    <arc id="id47" source="id42.port0" target="id44" delay="0" weight="1">
      <points>
        <point x="966" y="551" />
        <point x="967" y="516" />
      </points>
    </arc>
    <arc id="id48" source="id41" target="id42.port1" delay="0" weight="1">
      <points>
        <point x="1047" y="514" />
        <point x="1047" y="551" />
      </points>
    </arc>
    <arc id="id49" source="id40" target="id41" delay="0" weight="1">
      <points>
        <point x="1026" y="458" />
        <point x="1038" y="487" />
      </points>
    </arc>
    <arc id="id50" source="id1" target="id10" delay="0" weight="1">
      <points>
        <point x="493" y="435" />
        <point x="526" y="435" />
      </points>
    </arc>
    <arc id="id51" source="id13" target="id20" delay="0" weight="1">
      <points>
        <point x="644" y="438" />
        <point x="674" y="438" />
      </points>
    </arc>
    <arc id="id52" source="id23" target="id30" delay="0" weight="1">
      <points>
        <point x="793" y="444" />
        <point x="823" y="444" />
      </points>
    </arc>
    <arc id="id53" source="id33" target="id40" delay="0" weight="1">
      <points>
        <point x="941" y="445" />
        <point x="976" y="445" />
      </points>
    </arc>
    <arc id="id79" source="id71" target="id73" delay="0" weight="1">
      <points>
        <point x="668" y="320" />
        <point x="671" y="344" />
      </points>
    </arc>
    <arc id="id80" source="id69.port0" target="id66" delay="0" weight="1">
      <points>
        <point x="494" y="254" />
        <point x="499" y="290" />
      </points>
    </arc>
    <arc id="id81" source="id55" target="id62" delay="0" weight="1">
      <points>
        <point x="421" y="352" />
        <point x="442" y="347" />
      </points>
    </arc>
    <arc id="id82" source="id67" target="id70" delay="0" weight="1">
      <points>
        <point x="573" y="338" />
        <point x="577" y="316" />
      </points>
    </arc>
    <arc id="id83" source="id66" target="id67" delay="0" weight="1">
      <points>
        <point x="520" y="314" />
        <point x="523" y="338" />
      </points>
    </arc>
    <arc id="id84" source="id65" target="id55" delay="0" weight="1">
      <points>
        <point x="365" y="313" />
        <point x="371" y="352" />
      </points>
    </arc>
    <arc id="id85" source="id60.port0" target="id65" delay="0" weight="1">
      <points>
        <point x="343" y="251" />
        <point x="348" y="287" />
      </points>
    </arc>
    <arc id="id86" source="id56" target="id60.port1" delay="0" weight="1">
      <points>
        <point x="428" y="285" />
        <point x="428" y="251" />
      </points>
    </arc>
    <arc id="id87" source="id73" target="id61" delay="0" weight="1">
      <points>
        <point x="721" y="344" />
        <point x="725" y="322" />
      </points>
    </arc>
    <arc id="id88" source="id64.port0" target="id71" delay="0" weight="1">
      <points>
        <point x="642" y="260" />
        <point x="647" y="296" />
      </points>
    </arc>
    <arc id="id89" source="id61" target="id64.port1" delay="0" weight="1">
      <points>
        <point x="727" y="294" />
        <point x="727" y="260" />
      </points>
    </arc>
    <arc id="id90" source="id67" target="id68" delay="0" weight="1">
      <points>
        <point x="573" y="349" />
        <point x="592" y="349" />
      </points>
    </arc>
    <arc id="id91" source="id54" target="id58" delay="0" weight="1">
      <points>
        <point x="870" y="356" />
        <point x="889" y="356" />
      </points>
    </arc>
    <arc id="id92" source="id73" target="id63" delay="0" weight="1">
      <points>
        <point x="721" y="355" />
        <point x="740" y="355" />
      </points>
    </arc>
    <arc id="id93" source="id59" target="id54" delay="0" weight="1">
      <points>
        <point x="817" y="321" />
        <point x="820" y="345" />
      </points>
    </arc>
    <arc id="id94" source="id55" target="id56" delay="0" weight="1">
      <points>
        <point x="421" y="352" />
        <point x="428" y="313" />
      </points>
    </arc>
    <arc id="id95" source="id70" target="id69.port1" delay="0" weight="1">
      <points>
        <point x="579" y="288" />
        <point x="579" y="254" />
      </points>
    </arc>
    <arc id="id96" source="id72.port0" target="id59" delay="0" weight="1">
      <points>
        <point x="791" y="261" />
        <point x="796" y="297" />
      </points>
    </arc>
    <arc id="id97" source="id57" target="id72.port1" delay="0" weight="1">
      <points>
        <point x="876" y="295" />
        <point x="876" y="261" />
      </points>
    </arc>
    <arc id="id98" source="id54" target="id57" delay="0" weight="1">
      <points>
        <point x="870" y="345" />
        <point x="874" y="323" />
      </points>
    </arc>
    <arc id="id99" source="id74" target="id77" delay="0" weight="1">
      <points>
        <point x="1022" y="369" />
        <point x="1043" y="378" />
      </points>
    </arc>
    <arc id="id100" source="id78" target="id74" delay="0" weight="1">
      <points>
        <point x="969" y="325" />
        <point x="972" y="349" />
      </points>
    </arc>
    <arc id="id101" source="id76.port0" target="id78" delay="0" weight="1">
      <points>
        <point x="943" y="265" />
        <point x="948" y="301" />
      </points>
    </arc>
    <arc id="id102" source="id75" target="id76.port1" delay="0" weight="1">
      <points>
        <point x="1028" y="299" />
        <point x="1028" y="265" />
      </points>
    </arc>
    <arc id="id103" source="id74" target="id75" delay="0" weight="1">
      <points>
        <point x="1022" y="349" />
        <point x="1026" y="327" />
      </points>
    </arc>
    <arc id="id104" source="id62" target="id67" delay="0" weight="1">
      <points>
        <point x="490" y="346" />
        <point x="523" y="346" />
      </points>
    </arc>
    <arc id="id105" source="id68" target="id73" delay="0" weight="1">
      <points>
        <point x="641" y="349" />
        <point x="671" y="349" />
      </points>
    </arc>
    <arc id="id106" source="id63" target="id54" delay="0" weight="1">
      <points>
        <point x="790" y="355" />
        <point x="820" y="355" />
      </points>
    </arc>
    <arc id="id107" source="id58" target="id74" delay="0" weight="1">
      <points>
        <point x="938" y="356" />
        <point x="972" y="356" />
      </points>
    </arc>
    <arc id="id114" source="id108" target="id55" delay="0" weight="1">
      <points>
        <point x="319" y="374" />
        <point x="371" y="372" />
      </points>
    </arc>
    <arc id="id109" source="id77" target="id4" delay="0" weight="1">
      <points>
        <point x="1042" y="382" />
        <point x="420" y="400" />
      </points>
    </arc>
  </page>
  <page id="page2" name="page2">
    <place id="id7" name="p7" initialmarking="1" portdir="None">
      <location x="650" y="191" />
      <size width="50" height="30" />
    </place>
    <transition id="id8" name="t8" portdir="None">
      <location x="161" y="191" />
      <size width="50" height="20" />
    </transition>
    <subpage id="id0" original="page1" name="page1">
      <location x="201" y="123" />
      <size width="50" height="70" />
      <port id="id0.port0" name="p108" originalid="id108" type="place" initialMarking="0" portdir="None">
        <location x="156" y="123" />
        <size width="30" height="30" />
      </port>
      <port id="id0.port1" name="t4" originalid="id40" type="transition" portdir="None">
        <location x="246" y="123" />
        <size width="30" height="30" />
      </port>
    </subpage>
    <subpage id="id1" original="page1" name="page1">
      <location x="474" y="127" />
      <size width="50" height="70" />
      <port id="id1.port0" name="p108" originalid="id108" type="place" initialMarking="0" portdir="None">
        <location x="429" y="127" />
        <size width="30" height="30" />
      </port>
      <port id="id1.port1" name="t4" originalid="id40" type="transition" portdir="None">
        <location x="519" y="127" />
        <size width="30" height="30" />
      </port>
    </subpage>
    <subpage id="id2" original="page1" name="page1">
      <location x="338" y="126" />
      <size width="50" height="70" />
      <port id="id2.port0" name="p108" originalid="id108" type="place" initialMarking="0" portdir="None">
        <location x="293" y="126" />
        <size width="30" height="30" />
      </port>
      <port id="id2.port1" name="t4" originalid="id40" type="transition" portdir="None">
        <location x="383" y="126" />
        <size width="30" height="30" />
      </port>
    </subpage>
    <subpage id="id3" original="page1" name="page1">
      <location x="608" y="124" />
      <size width="50" height="70" />
      <port id="id3.port0" name="p108" originalid="id108" type="place" initialMarking="0" portdir="None">
        <location x="563" y="124" />
        <size width="30" height="30" />
      </port>
      <port id="id3.port1" name="t4" originalid="id40" type="transition" portdir="None">
        <location x="653" y="124" />
        <size width="30" height="30" />
      </port>
    </subpage>
    <subpage id="id6" original="page1" name="page1">
      <location x="607" y="254" />
      <size width="50" height="70" />
      <port id="id6.port0" name="p108" originalid="id108" type="place" initialMarking="0" portdir="None">
        <location x="562" y="254" />
        <size width="30" height="30" />
      </port>
      <port id="id6.port1" name="t4" originalid="id40" type="transition" portdir="None">
        <location x="652" y="254" />
        <size width="30" height="30" />
      </port>
    </subpage>
    <subpage id="id12" original="page1" name="page1">
      <location x="337" y="256" />
      <size width="50" height="70" />
      <port id="id12.port0" name="p108" originalid="id108" type="place" initialMarking="0" portdir="None">
        <location x="292" y="256" />
        <size width="30" height="30" />
      </port>
      <port id="id12.port1" name="t4" originalid="id40" type="transition" portdir="None">
        <location x="382" y="256" />
        <size width="30" height="30" />
      </port>
    </subpage>
    <subpage id="id13" original="page1" name="page1">
      <location x="473" y="257" />
      <size width="50" height="70" />
      <port id="id13.port0" name="p108" originalid="id108" type="place" initialMarking="0" portdir="None">
        <location x="428" y="257" />
        <size width="30" height="30" />
      </port>
      <port id="id13.port1" name="t4" originalid="id40" type="transition" portdir="None">
        <location x="518" y="257" />
        <size width="30" height="30" />
      </port>
    </subpage>
    <subpage id="id14" original="page1" name="page1">
      <location x="200" y="253" />
      <size width="50" height="70" />
      <port id="id14.port0" name="p108" originalid="id108" type="place" initialMarking="0" portdir="None">
        <location x="155" y="253" />
        <size width="30" height="30" />
      </port>
      <port id="id14.port1" name="t4" originalid="id40" type="transition" portdir="None">
        <location x="245" y="253" />
        <size width="30" height="30" />
      </port>
    </subpage>
    <arc id="id4" source="id0.port1" target="id2.port0" delay="0" weight="1">
      <points>
        <point x="261" y="126" />
        <point x="278" y="126" />
      </points>
    </arc>
    <arc id="id5" source="id2.port1" target="id1.port0" delay="0" weight="1">
      <points>
        <point x="398" y="127" />
        <point x="414" y="127" />
      </points>
    </arc>
    <arc id="id9" source="id7" target="id8" delay="0" weight="1">
      <points>
        <point x="625" y="191" />
        <point x="186" y="191" />
      </points>
    </arc>
    <arc id="id10" source="id8" target="id0.port0" delay="0" weight="1">
      <points>
        <point x="156" y="181" />
        <point x="156" y="138" />
      </points>
    </arc>
    <arc id="id11" source="id1.port1" target="id3.port0" delay="0" weight="1">
      <points>
        <point x="534" y="124" />
        <point x="548" y="124" />
      </points>
    </arc>
    <arc id="id15" source="id12.port1" target="id13.port0" delay="0" weight="1">
      <points>
        <point x="397" y="257" />
        <point x="413" y="257" />
      </points>
    </arc>
    <arc id="id16" source="id14.port1" target="id12.port0" delay="0" weight="1">
      <points>
        <point x="260" y="256" />
        <point x="277" y="256" />
      </points>
    </arc>
    <arc id="id17" source="id13.port1" target="id6.port0" delay="0" weight="1">
      <points>
        <point x="533" y="254" />
        <point x="547" y="254" />
      </points>
    </arc>
    <arc id="id18" source="id6.port1" target="id7" delay="0" weight="1">
      <points>
        <point x="650" y="239" />
        <point x="650" y="206" />
      </points>
    </arc>
    <arc id="id19" source="id3.port1" target="id14.port0" delay="0" weight="1">
      <points>
        <point x="638" y="139" />
        <point x="169" y="250" />
      </points>
    </arc>
  </page>
  <page id="page3" name="page3" />
</petrinet>