﻿<?xml version="1.0" encoding="utf-8"?>
<petrinet name="main">
  <page id="main.page0" name="main.page0">
    <place id="id0" name="瞑想" initialmarking="1" portdir="None">
      <location x="437" y="288" />
      <size width="60" height="30" />
    </place>
    <place id="id12" name="食事" initialmarking="0" portdir="None">
      <location x="435" y="33" />
      <size width="60" height="30" />
    </place>
    <place id="id13" name="p" initialmarking="1" portdir="None">
      <location x="339" y="342" />
      <size width="60" height="30" />
    </place>
    <place id="id17" name="p" initialmarking="1" portdir="None">
      <location x="353" y="277" />
      <size width="60" height="30" />
    </place>
    <place id="id18" name="p" initialmarking="0" portdir="None">
      <location x="49" y="357" />
      <size width="60" height="30" />
    </place>
    <place id="id28" name="p" initialmarking="1" portdir="None">
      <location x="428" y="419" />
      <size width="60" height="30" />
    </place>
    <place id="id30" name="p" initialmarking="1" portdir="None">
      <location x="337" y="420" />
      <size width="60" height="30" />
    </place>
    <place id="id32" name="p" initialmarking="0" portdir="None">
      <location x="425" y="643" />
      <size width="60" height="30" />
    </place>
    <place id="id42" name="p" initialmarking="1" portdir="None">
      <location x="531" y="355" />
      <size width="60" height="30" />
    </place>
    <place id="id44" name="p" initialmarking="1" portdir="None">
      <location x="531" y="292" />
      <size width="60" height="30" />
    </place>
    <place id="id46" name="p" initialmarking="0" portdir="None">
      <location x="808" y="363" />
      <size width="60" height="30" />
    </place>
    <place id="id59" name="p" initialmarking="1" portdir="None">
      <location x="529" y="421" />
      <size width="60" height="30" />
    </place>
    <place id="id4" name="p" initialmarking="0" portdir="None">
      <location x="137" y="449" />
      <size width="60" height="30" />
    </place>
    <place id="id36" name="p" initialmarking="0" portdir="None">
      <location x="554" y="558" />
      <size width="60" height="30" />
    </place>
    <place id="id23" name="p" initialmarking="0" portdir="None">
      <location x="136" y="406" />
      <size width="60" height="30" />
    </place>
    <place id="id70" name="p" initialmarking="0" portdir="None">
      <location x="278" y="114" />
      <size width="60" height="30" />
    </place>
    <place id="id82" name="p" initialmarking="0" portdir="None">
      <location x="344" y="116" />
      <size width="60" height="30" />
    </place>
    <place id="id22" name="p" initialmarking="0" portdir="None">
      <location x="618" y="556" />
      <size width="60" height="30" />
    </place>
    <place id="id93" name="p" initialmarking="0" portdir="None">
      <location x="744" y="272" />
      <size width="60" height="30" />
    </place>
    <place id="id95" name="p" initialmarking="0" portdir="None">
      <location x="745" y="235" />
      <size width="60" height="30" />
    </place>
    <transition id="id14" name="t" portdir="None">
      <location x="353" y="27" />
      <size width="50" height="20" />
    </transition>
    <transition id="id5" name="t" portdir="None">
      <location x="512" y="31" />
      <size width="50" height="20" />
    </transition>
    <transition id="id15" name="t" portdir="None">
      <location x="53" y="311" />
      <size width="50" height="20" />
    </transition>
    <transition id="id19" name="t" portdir="None">
      <location x="50" y="402" />
      <size width="50" height="20" />
    </transition>
    <transition id="id29" name="t" portdir="None">
      <location x="336" y="647" />
      <size width="50" height="20" />
    </transition>
    <transition id="id33" name="t" portdir="None">
      <location x="521" y="643" />
      <size width="50" height="20" />
    </transition>
    <transition id="id43" name="t" portdir="None">
      <location x="805" y="420" />
      <size width="50" height="20" />
    </transition>
    <transition id="id47" name="t" portdir="None">
      <location x="805" y="302" />
      <size width="50" height="20" />
    </transition>
    <transition id="id3" name="t" portdir="None">
      <location x="236" y="454" />
      <size width="50" height="20" />
    </transition>
    <transition id="id10" name="t" portdir="None">
      <location x="552" y="506" />
      <size width="50" height="20" />
    </transition>
    <transition id="id73" name="t" portdir="None">
      <location x="232" y="415" />
      <size width="50" height="20" />
    </transition>
    <transition id="id77" name="t" portdir="None">
      <location x="275" y="163" />
      <size width="50" height="20" />
    </transition>
    <transition id="id81" name="t" portdir="None">
      <location x="342" y="161" />
      <size width="50" height="20" />
    </transition>
    <transition id="id86" name="t" portdir="None">
      <location x="616" y="505" />
      <size width="50" height="20" />
    </transition>
    <transition id="id48" name="t" portdir="None">
      <location x="666" y="273" />
      <size width="50" height="20" />
    </transition>
    <transition id="id96" name="t" portdir="None">
      <location x="665" y="238" />
      <size width="50" height="20" />
    </transition>
    <arc id="id1" source="id0" target="id14" delay="0" weight="1">
      <points>
        <point x="428" y="274" />
        <point x="378" y="37" />
      </points>
    </arc>
    <arc id="id2" source="id14" target="id12" delay="0" weight="1">
      <points>
        <point x="378" y="33" />
        <point x="405" y="33" />
      </points>
    </arc>
    <arc id="id8" source="id12" target="id5" delay="0" weight="1">
      <points>
        <point x="464" y="33" />
        <point x="487" y="33" />
      </points>
    </arc>
    <arc id="id11" source="id5" target="id0" delay="0" weight="1">
      <points>
        <point x="487" y="41" />
        <point x="442" y="274" />
      </points>
    </arc>
    <arc id="id20" source="id15" target="id17" delay="0" weight="1">
      <points>
        <point x="78" y="301" />
        <point x="324" y="278" />
      </points>
    </arc>
    <arc id="id21" source="id18" target="id15" delay="0" weight="1">
      <points>
        <point x="51" y="343" />
        <point x="51" y="321" />
      </points>
    </arc>
    <arc id="id24" source="id19" target="id18" delay="0" weight="1">
      <points>
        <point x="49" y="392" />
        <point x="49" y="372" />
      </points>
    </arc>
    <arc id="id25" source="id13" target="id19" delay="0" weight="1">
      <points>
        <point x="310" y="345" />
        <point x="75" y="392" />
      </points>
    </arc>
    <arc id="id26" source="id15" target="id13" delay="0" weight="1">
      <points>
        <point x="78" y="321" />
        <point x="310" y="341" />
      </points>
    </arc>
    <arc id="id35" source="id32" target="id29" delay="0" weight="1">
      <points>
        <point x="396" y="643" />
        <point x="361" y="643" />
      </points>
    </arc>
    <arc id="id38" source="id33" target="id32" delay="0" weight="1">
      <points>
        <point x="496" y="643" />
        <point x="455" y="643" />
      </points>
    </arc>
    <arc id="id39" source="id28" target="id33" delay="0" weight="1">
      <points>
        <point x="439" y="432" />
        <point x="496" y="633" />
      </points>
    </arc>
    <arc id="id40" source="id29" target="id28" delay="0" weight="1">
      <points>
        <point x="361" y="637" />
        <point x="420" y="433" />
      </points>
    </arc>
    <arc id="id41" source="id29" target="id30" delay="0" weight="1">
      <points>
        <point x="337" y="637" />
        <point x="337" y="435" />
      </points>
    </arc>
    <arc id="id49" source="id46" target="id43" delay="0" weight="1">
      <points>
        <point x="807" y="377" />
        <point x="807" y="410" />
      </points>
    </arc>
    <arc id="id52" source="id47" target="id46" delay="0" weight="1">
      <points>
        <point x="808" y="312" />
        <point x="808" y="348" />
      </points>
    </arc>
    <arc id="id53" source="id42" target="id47" delay="0" weight="1">
      <points>
        <point x="560" y="353" />
        <point x="780" y="312" />
      </points>
    </arc>
    <arc id="id54" source="id43" target="id42" delay="0" weight="1">
      <points>
        <point x="780" y="410" />
        <point x="560" y="358" />
      </points>
    </arc>
    <arc id="id55" source="id43" target="id44" delay="0" weight="1">
      <points>
        <point x="780" y="410" />
        <point x="558" y="298" />
      </points>
    </arc>
    <arc id="id45" source="id43" target="id59" delay="0" weight="1">
      <points>
        <point x="780" y="421" />
        <point x="559" y="421" />
      </points>
    </arc>
    <arc id="id51" source="id15" target="id30" delay="0" weight="1">
      <points>
        <point x="78" y="321" />
        <point x="309" y="415" />
      </points>
    </arc>
    <arc id="id16" source="id5" target="id44" delay="0" weight="1">
      <points>
        <point x="531" y="41" />
        <point x="531" y="277" />
      </points>
    </arc>
    <arc id="id27" source="id5" target="id17" delay="0" weight="1">
      <points>
        <point x="487" y="41" />
        <point x="367" y="264" />
      </points>
    </arc>
    <arc id="id6" source="id4" target="id19" delay="0" weight="1">
      <points>
        <point x="111" y="442" />
        <point x="75" y="412" />
      </points>
    </arc>
    <arc id="id7" source="id30" target="id3" delay="0" weight="1">
      <points>
        <point x="309" y="424" />
        <point x="261" y="444" />
      </points>
    </arc>
    <arc id="id9" source="id3" target="id4" delay="0" weight="1">
      <points>
        <point x="211" y="449" />
        <point x="167" y="449" />
      </points>
    </arc>
    <arc id="id69" source="id30" target="id10" delay="0" weight="1">
      <points>
        <point x="364" y="425" />
        <point x="527" y="496" />
      </points>
    </arc>
    <arc id="id71" source="id10" target="id36" delay="0" weight="1">
      <points>
        <point x="554" y="516" />
        <point x="554" y="543" />
      </points>
    </arc>
    <arc id="id72" source="id36" target="id33" delay="0" weight="1">
      <points>
        <point x="544" y="571" />
        <point x="544" y="633" />
      </points>
    </arc>
    <arc id="id74" source="id17" target="id73" delay="0" weight="1">
      <points>
        <point x="334" y="288" />
        <point x="257" y="405" />
      </points>
    </arc>
    <arc id="id75" source="id73" target="id23" delay="0" weight="1">
      <points>
        <point x="207" y="406" />
        <point x="166" y="406" />
      </points>
    </arc>
    <arc id="id76" source="id23" target="id19" delay="0" weight="1">
      <points>
        <point x="107" y="406" />
        <point x="75" y="406" />
      </points>
    </arc>
    <arc id="id78" source="id17" target="id77" delay="0" weight="1">
      <points>
        <point x="337" y="265" />
        <point x="300" y="173" />
      </points>
    </arc>
    <arc id="id79" source="id77" target="id70" delay="0" weight="1">
      <points>
        <point x="278" y="153" />
        <point x="278" y="129" />
      </points>
    </arc>
    <arc id="id80" source="id70" target="id14" delay="0" weight="1">
      <points>
        <point x="297" y="103" />
        <point x="328" y="37" />
      </points>
    </arc>
    <arc id="id83" source="id44" target="id81" delay="0" weight="1">
      <points>
        <point x="507" y="284" />
        <point x="367" y="171" />
      </points>
    </arc>
    <arc id="id84" source="id81" target="id82" delay="0" weight="1">
      <points>
        <point x="344" y="151" />
        <point x="344" y="131" />
      </points>
    </arc>
    <arc id="id85" source="id82" target="id14" delay="0" weight="1">
      <points>
        <point x="347" y="102" />
        <point x="347" y="37" />
      </points>
    </arc>
    <arc id="id88" source="id86" target="id22" delay="0" weight="1">
      <points>
        <point x="618" y="515" />
        <point x="618" y="541" />
      </points>
    </arc>
    <arc id="id89" source="id22" target="id33" delay="0" weight="1">
      <points>
        <point x="596" y="566" />
        <point x="546" y="633" />
      </points>
    </arc>
    <arc id="id97" source="id44" target="id96" delay="0" weight="1">
      <points>
        <point x="558" y="287" />
        <point x="640" y="248" />
      </points>
    </arc>
    <arc id="id98" source="id96" target="id95" delay="0" weight="1">
      <points>
        <point x="690" y="235" />
        <point x="715" y="235" />
      </points>
    </arc>
    <arc id="id99" source="id95" target="id47" delay="0" weight="1">
      <points>
        <point x="765" y="246" />
        <point x="780" y="292" />
      </points>
    </arc>
    <arc id="id100" source="id59" target="id48" delay="0" weight="1">
      <points>
        <point x="549" y="410" />
        <point x="641" y="283" />
      </points>
    </arc>
    <arc id="id101" source="id48" target="id93" delay="0" weight="1">
      <points>
        <point x="691" y="272" />
        <point x="714" y="272" />
      </points>
    </arc>
    <arc id="id102" source="id93" target="id47" delay="0" weight="1">
      <points>
        <point x="770" y="278" />
        <point x="780" y="292" />
      </points>
    </arc>
    <arc id="id31" source="id29" target="id59" delay="0" weight="1">
      <points>
        <point x="361" y="637" />
        <point x="511" y="432" />
      </points>
    </arc>
    <arc id="id34" source="id59" target="id86" delay="0" weight="1">
      <points>
        <point x="550" y="431" />
        <point x="591" y="495" />
      </points>
    </arc>
  </page>
  <page id="main.page1" name="哲学者の行動">
    <place id="id0" name="瞑想" initialmarking="1" portdir="None">
      <location x="39" y="87" />
      <size width="60" height="40" />
    </place>
    <place id="id1" name="食事" initialmarking="0" portdir="None">
      <location x="433" y="85" />
      <size width="60" height="40" />
    </place>
    <place id="id4" name="右待ち" initialmarking="0" portdir="None">
      <location x="257" y="136" />
      <size width="60" height="30" />
    </place>
    <place id="id5" name="左待ち" initialmarking="0" portdir="None">
      <location x="254" y="43" />
      <size width="60" height="30" />
    </place>
    <transition id="id6" name="食事開始" portdir="None">
      <location x="318" y="83" />
      <size width="60" height="30" />
    </transition>
    <transition id="id7" name="食事終了" portdir="Out">
      <location x="554" y="84" />
      <size width="60" height="30" />
    </transition>
    <transition id="id8" name="左手で食器を持つ" portdir="In">
      <location x="152" y="139" />
      <size width="70" height="30" />
    </transition>
    <transition id="id9" name="右手で食器を持つ" portdir="In">
      <location x="150" y="37" />
      <size width="70" height="30" />
    </transition>
    <arc id="id10" source="id0" target="id6" delay="0" weight="1">
      <points>
        <point x="68" y="87" />
        <point x="288" y="87" />
      </points>
    </arc>
    <arc id="id11" source="id6" target="id1" delay="0" weight="1">
      <points>
        <point x="348" y="85" />
        <point x="403" y="85" />
      </points>
    </arc>
    <arc id="id12" source="id1" target="id7" delay="0" weight="1">
      <points>
        <point x="462" y="85" />
        <point x="524" y="85" />
      </points>
    </arc>
    <arc id="id17" source="id8" target="id4" delay="0" weight="1">
      <points>
        <point x="187" y="136" />
        <point x="227" y="136" />
      </points>
    </arc>
    <arc id="id18" source="id4" target="id6" delay="0" weight="1">
      <points>
        <point x="279" y="127" />
        <point x="288" y="98" />
      </points>
    </arc>
    <arc id="id20" source="id9" target="id5" delay="0" weight="1">
      <points>
        <point x="185" y="43" />
        <point x="224" y="43" />
      </points>
    </arc>
    <arc id="id21" source="id5" target="id6" delay="0" weight="1">
      <points>
        <point x="279" y="50" />
        <point x="288" y="68" />
      </points>
    </arc>
    <arc id="id2" source="id7" target="id0" delay="0" weight="1">
      <points>
        <point x="524" y="87" />
        <point x="69" y="87" />
      </points>
    </arc>
  </page>
  <page id="main.page2" name="食事する哲学者">
    <place id="id4" name="p" initialmarking="1" portdir="None">
      <location x="320" y="298" />
      <size width="60" height="30" />
    </place>
    <place id="id5" name="p" initialmarking="1" portdir="None">
      <location x="318" y="184" />
      <size width="60" height="30" />
    </place>
    <place id="id6" name="p" initialmarking="1" portdir="None">
      <location x="202" y="179" />
      <size width="60" height="30" />
    </place>
    <place id="id7" name="p" initialmarking="1" portdir="None">
      <location x="202" y="295" />
      <size width="60" height="30" />
    </place>
    <subpage id="id0" original="main.page1" name="哲学者の行動">
      <location x="262" y="55" />
      <size width="50" height="70" />
      <port id="id0.port0" name="食事終了" originalid="id7" type="transition" portdir="None">
        <location x="262" y="126" />
        <size width="30" height="30" />
      </port>
      <port id="id0.port1" name="左手で食器を持つ" originalid="id8" type="transition" portdir="None">
        <location x="321" y="128" />
        <size width="70" height="30" />
      </port>
      <port id="id0.port2" name="右手で食器を持つ" originalid="id9" type="transition" portdir="None">
        <location x="203" y="125" />
        <size width="70" height="30" />
      </port>
    </subpage>
    <subpage id="id1" original="main.page1" name="哲学者の行動">
      <location x="507" y="238" />
      <size width="50" height="70" />
      <port id="id1.port0" name="食事終了" originalid="id7" type="transition" portdir="None">
        <location x="402" y="242" />
        <size width="30" height="30" />
      </port>
      <port id="id1.port1" name="左手で食器を持つ" originalid="id8" type="transition" portdir="None">
        <location x="423" y="285" />
        <size width="70" height="30" />
      </port>
      <port id="id1.port2" name="右手で食器を持つ" originalid="id9" type="transition" portdir="None">
        <location x="421" y="200" />
        <size width="70" height="30" />
      </port>
    </subpage>
    <subpage id="id2" original="main.page1" name="哲学者の行動">
      <location x="44" y="238" />
      <size width="50" height="70" />
      <port id="id2.port0" name="食事終了" originalid="id7" type="transition" portdir="None">
        <location x="105" y="240" />
        <size width="30" height="30" />
      </port>
      <port id="id2.port1" name="左手で食器を持つ" originalid="id8" type="transition" portdir="None">
        <location x="108" y="179" />
        <size width="70" height="30" />
      </port>
      <port id="id2.port2" name="右手で食器を持つ" originalid="id9" type="transition" portdir="None">
        <location x="108" y="298" />
        <size width="70" height="30" />
      </port>
    </subpage>
    <subpage id="id3" original="main.page1" name="哲学者の行動">
      <location x="265" y="442" />
      <size width="50" height="70" />
      <port id="id3.port0" name="食事終了" originalid="id7" type="transition" portdir="None">
        <location x="264" y="363" />
        <size width="30" height="30" />
      </port>
      <port id="id3.port1" name="左手で食器を持つ" originalid="id8" type="transition" portdir="None">
        <location x="206" y="363" />
        <size width="70" height="30" />
      </port>
      <port id="id3.port2" name="右手で食器を持つ" originalid="id9" type="transition" portdir="None">
        <location x="325" y="362" />
        <size width="70" height="30" />
      </port>
    </subpage>
    <arc id="id12" source="id2.port0" target="id6" delay="0" weight="1">
      <points>
        <point x="120" y="225" />
        <point x="176" y="186" />
      </points>
    </arc>
    <arc id="id13" source="id2.port0" target="id7" delay="0" weight="1">
      <points>
        <point x="120" y="255" />
        <point x="176" y="289" />
      </points>
    </arc>
    <arc id="id14" source="id3.port0" target="id7" delay="0" weight="1">
      <points>
        <point x="249" y="348" />
        <point x="221" y="306" />
      </points>
    </arc>
    <arc id="id15" source="id3.port0" target="id4" delay="0" weight="1">
      <points>
        <point x="279" y="348" />
        <point x="301" y="309" />
      </points>
    </arc>
    <arc id="id20" source="id6" target="id2.port1" delay="0" weight="1">
      <points>
        <point x="172" y="179" />
        <point x="143" y="179" />
      </points>
    </arc>
    <arc id="id21" source="id7" target="id2.port2" delay="0" weight="1">
      <points>
        <point x="173" y="295" />
        <point x="143" y="295" />
      </points>
    </arc>
    <arc id="id22" source="id7" target="id3.port1" delay="0" weight="1">
      <points>
        <point x="203" y="309" />
        <point x="203" y="348" />
      </points>
    </arc>
    <arc id="id23" source="id4" target="id3.port2" delay="0" weight="1">
      <points>
        <point x="322" y="312" />
        <point x="322" y="347" />
      </points>
    </arc>
    <arc id="id8" source="id5" target="id0.port1" delay="0" weight="1">
      <points>
        <point x="319" y="170" />
        <point x="319" y="143" />
      </points>
    </arc>
    <arc id="id9" source="id6" target="id0.port2" delay="0" weight="1">
      <points>
        <point x="202" y="165" />
        <point x="202" y="140" />
      </points>
    </arc>
    <arc id="id10" source="id4" target="id1.port1" delay="0" weight="1">
      <points>
        <point x="349" y="297" />
        <point x="388" y="297" />
      </points>
    </arc>
    <arc id="id16" source="id1.port0" target="id5" delay="0" weight="1">
      <points>
        <point x="387" y="227" />
        <point x="343" y="191" />
      </points>
    </arc>
    <arc id="id17" source="id1.port0" target="id4" delay="0" weight="1">
      <points>
        <point x="387" y="257" />
        <point x="345" y="291" />
      </points>
    </arc>
    <arc id="id18" source="id0.port0" target="id6" delay="0" weight="1">
      <points>
        <point x="247" y="141" />
        <point x="224" y="170" />
      </points>
    </arc>
    <arc id="id19" source="id0.port0" target="id5" delay="0" weight="1">
      <points>
        <point x="277" y="141" />
        <point x="298" y="174" />
      </points>
    </arc>
    <arc id="id11" source="id5" target="id1.port2" delay="0" weight="1">
      <points>
        <point x="347" y="186" />
        <point x="386" y="186" />
      </points>
    </arc>
  </page>
</petrinet>