﻿<?xml version="1.0" encoding="utf-8"?>
<petrinet name="Untitled">
  <page id="page0" name="page0">
    <place id="id0" name="p0" initialmarking="0" portdir="None">
      <location x="482" y="410" />
      <size width="50" height="30" />
    </place>
    <place id="id1" name="p1" initialmarking="0" portdir="None">
      <location x="167" y="377" />
      <size width="50" height="30" />
    </place>
    <place id="id2" name="p2" initialmarking="0" portdir="None">
      <location x="708" y="429" />
      <size width="50" height="30" />
    </place>
    <place id="id3" name="p3" initialmarking="0" portdir="None">
      <location x="724" y="183" />
      <size width="50" height="30" />
    </place>
    <place id="id4" name="p4" initialmarking="1" portdir="None">
      <location x="297" y="320" />
      <size width="50" height="30" />
    </place>
    <place id="id5" name="p5" initialmarking="0" portdir="None">
      <location x="481" y="313" />
      <size width="50" height="30" />
    </place>
    <place id="id6" name="p6" initialmarking="0" portdir="None">
      <location x="366" y="274" />
      <size width="50" height="30" />
    </place>
    <place id="id7" name="p7" initialmarking="0" portdir="None">
      <location x="422" y="521" />
      <size width="50" height="30" />
    </place>
    <place id="id8" name="p8" initialmarking="0" portdir="None">
      <location x="582" y="592" />
      <size width="50" height="30" />
    </place>
    <place id="id9" name="p9" initialmarking="0" portdir="None">
      <location x="343" y="438" />
      <size width="50" height="30" />
    </place>
    <place id="id10" name="p10" initialmarking="0" portdir="None">
      <location x="683" y="336" />
      <size width="50" height="30" />
    </place>
    <place id="id11" name="p11" initialmarking="0" portdir="None">
      <location x="604" y="292" />
      <size width="50" height="30" />
    </place>
    <place id="id12" name="p12" initialmarking="1" portdir="None">
      <location x="483" y="216" />
      <size width="50" height="30" />
    </place>
    <place id="id13" name="p13" initialmarking="0" portdir="None">
      <location x="59" y="148" />
      <size width="50" height="30" />
    </place>
    <place id="id14" name="p14" initialmarking="1" portdir="None">
      <location x="210" y="334" />
      <size width="50" height="30" />
    </place>
    <place id="id15" name="p15" initialmarking="0" portdir="None">
      <location x="421" y="213" />
      <size width="50" height="30" />
    </place>
    <place id="id16" name="p16" initialmarking="0" portdir="None">
      <location x="219" y="275" />
      <size width="50" height="30" />
    </place>
    <place id="id17" name="p17" initialmarking="0" portdir="None">
      <location x="503" y="583" />
      <size width="50" height="30" />
    </place>
    <place id="id18" name="p18" initialmarking="0" portdir="None">
      <location x="662" y="537" />
      <size width="50" height="30" />
    </place>
    <place id="id19" name="p19" initialmarking="0" portdir="None">
      <location x="616" y="423" />
      <size width="50" height="30" />
    </place>
    <place id="id20" name="p20" initialmarking="0" portdir="None">
      <location x="326" y="80" />
      <size width="50" height="30" />
    </place>
    <place id="id21" name="p21" initialmarking="1" portdir="None">
      <location x="140" y="80" />
      <size width="50" height="30" />
    </place>
    <place id="id22" name="p22" initialmarking="0" portdir="None">
      <location x="49" y="263" />
      <size width="50" height="30" />
    </place>
    <place id="id23" name="p23" initialmarking="1" portdir="None">
      <location x="322" y="141" />
      <size width="50" height="30" />
    </place>
    <transition id="id24" name="t24" portdir="None">
      <location x="411" y="455" />
      <size width="50" height="20" />
    </transition>
    <transition id="id25" name="t25" portdir="None">
      <location x="489" y="161" />
      <size width="50" height="20" />
    </transition>
    <transition id="id26" name="t26" portdir="None">
      <location x="476" y="268" />
      <size width="50" height="20" />
    </transition>
    <transition id="id27" name="t27" portdir="None">
      <location x="262" y="416" />
      <size width="50" height="20" />
    </transition>
    <transition id="id28" name="t28" portdir="None">
      <location x="538" y="516" />
      <size width="50" height="20" />
    </transition>
    <transition id="id29" name="t29" portdir="None">
      <location x="599" y="366" />
      <size width="50" height="20" />
    </transition>
    <transition id="id30" name="t30" portdir="None">
      <location x="56" y="78" />
      <size width="50" height="20" />
    </transition>
    <transition id="id31" name="t31" portdir="None">
      <location x="130" y="275" />
      <size width="50" height="20" />
    </transition>
    <transition id="id32" name="t32" portdir="None">
      <location x="482" y="364" />
      <size width="50" height="20" />
    </transition>
    <transition id="id33" name="t33" portdir="None">
      <location x="704" y="384" />
      <size width="50" height="20" />
    </transition>
    <transition id="id34" name="t34" portdir="None">
      <location x="672" y="269" />
      <size width="50" height="20" />
    </transition>
    <transition id="id35" name="t35" portdir="None">
      <location x="638" y="481" />
      <size width="50" height="20" />
    </transition>
    <transition id="id36" name="t36" portdir="None">
      <location x="652" y="586" />
      <size width="50" height="20" />
    </transition>
    <transition id="id37" name="t37" portdir="None">
      <location x="443" y="571" />
      <size width="50" height="20" />
    </transition>
    <transition id="id38" name="t38" portdir="None">
      <location x="593" y="212" />
      <size width="50" height="20" />
    </transition>
    <transition id="id39" name="t39" portdir="None">
      <location x="648" y="113" />
      <size width="50" height="20" />
    </transition>
    <transition id="id40" name="t40" portdir="None">
      <location x="55" y="203" />
      <size width="50" height="20" />
    </transition>
    <transition id="id41" name="t41" portdir="None">
      <location x="403" y="391" />
      <size width="50" height="20" />
    </transition>
    <transition id="id42" name="t42" portdir="None">
      <location x="301" y="276" />
      <size width="50" height="20" />
    </transition>
    <transition id="id43" name="t43" portdir="None">
      <location x="347" y="202" />
      <size width="50" height="20" />
    </transition>
    <transition id="id90" name="t90" portdir="None">
      <location x="235" y="80" />
      <size width="50" height="20" />
    </transition>
    <arc id="id44" source="id23" target="id43" delay="0" weight="1">
      <points>
        <point x="331" y="154" />
        <point x="331" y="192" />
      </points>
    </arc>
    <arc id="id45" source="id43" target="id6" delay="0" weight="1">
      <points>
        <point x="366" y="212" />
        <point x="366" y="259" />
      </points>
    </arc>
    <arc id="id46" source="id6" target="id42" delay="0" weight="1">
      <points>
        <point x="342" y="274" />
        <point x="326" y="274" />
      </points>
    </arc>
    <arc id="id47" source="id42" target="id16" delay="0" weight="1">
      <points>
        <point x="276" y="275" />
        <point x="244" y="275" />
      </points>
    </arc>
    <arc id="id48" source="id16" target="id31" delay="0" weight="1">
      <points>
        <point x="194" y="275" />
        <point x="155" y="275" />
      </points>
    </arc>
    <arc id="id49" source="id31" target="id1" delay="0" weight="1">
      <points>
        <point x="155" y="285" />
        <point x="164" y="363" />
      </points>
    </arc>
    <arc id="id50" source="id1" target="id27" delay="0" weight="1">
      <points>
        <point x="190" y="382" />
        <point x="237" y="406" />
      </points>
    </arc>
    <arc id="id51" source="id27" target="id9" delay="0" weight="1">
      <points>
        <point x="287" y="426" />
        <point x="319" y="435" />
      </points>
    </arc>
    <arc id="id52" source="id9" target="id24" delay="0" weight="1">
      <points>
        <point x="367" y="441" />
        <point x="386" y="445" />
      </points>
    </arc>
    <arc id="id53" source="id24" target="id7" delay="0" weight="1">
      <points>
        <point x="422" y="465" />
        <point x="422" y="506" />
      </points>
    </arc>
    <arc id="id54" source="id7" target="id37" delay="0" weight="1">
      <points>
        <point x="431" y="534" />
        <point x="431" y="561" />
      </points>
    </arc>
    <arc id="id55" source="id37" target="id17" delay="0" weight="1">
      <points>
        <point x="468" y="581" />
        <point x="479" y="583" />
      </points>
    </arc>
    <arc id="id56" source="id17" target="id28" delay="0" weight="1">
      <points>
        <point x="514" y="570" />
        <point x="514" y="526" />
      </points>
    </arc>
    <arc id="id57" source="id28" target="id8" delay="0" weight="1">
      <points>
        <point x="563" y="526" />
        <point x="576" y="578" />
      </points>
    </arc>
    <arc id="id58" source="id8" target="id36" delay="0" weight="1">
      <points>
        <point x="606" y="591" />
        <point x="627" y="591" />
      </points>
    </arc>
    <arc id="id59" source="id36" target="id18" delay="0" weight="1">
      <points>
        <point x="662" y="576" />
        <point x="662" y="552" />
      </points>
    </arc>
    <arc id="id60" source="id18" target="id35" delay="0" weight="1">
      <points>
        <point x="653" y="524" />
        <point x="653" y="491" />
      </points>
    </arc>
    <arc id="id61" source="id35" target="id19" delay="0" weight="1">
      <points>
        <point x="616" y="471" />
        <point x="616" y="438" />
      </points>
    </arc>
    <arc id="id62" source="id19" target="id29" delay="0" weight="1">
      <points>
        <point x="609" y="409" />
        <point x="609" y="376" />
      </points>
    </arc>
    <arc id="id63" source="id29" target="id2" delay="0" weight="1">
      <points>
        <point x="624" y="376" />
        <point x="687" y="421" />
      </points>
    </arc>
    <arc id="id64" source="id2" target="id33" delay="0" weight="1">
      <points>
        <point x="706" y="415" />
        <point x="706" y="394" />
      </points>
    </arc>
    <arc id="id65" source="id33" target="id10" delay="0" weight="1">
      <points>
        <point x="683" y="374" />
        <point x="683" y="351" />
      </points>
    </arc>
    <arc id="id66" source="id10" target="id34" delay="0" weight="1">
      <points>
        <point x="679" y="322" />
        <point x="679" y="279" />
      </points>
    </arc>
    <arc id="id67" source="id34" target="id11" delay="0" weight="1">
      <points>
        <point x="647" y="279" />
        <point x="627" y="288" />
      </points>
    </arc>
    <arc id="id68" source="id11" target="id38" delay="0" weight="1">
      <points>
        <point x="601" y="278" />
        <point x="601" y="222" />
      </points>
    </arc>
    <arc id="id69" source="id38" target="id3" delay="0" weight="1">
      <points>
        <point x="618" y="202" />
        <point x="700" y="185" />
      </points>
    </arc>
    <arc id="id70" source="id3" target="id39" delay="0" weight="1">
      <points>
        <point x="706" y="173" />
        <point x="673" y="123" />
      </points>
    </arc>
    <arc id="id71" source="id39" target="id20" delay="0" weight="1">
      <points>
        <point x="623" y="103" />
        <point x="350" y="81" />
      </points>
    </arc>
    <arc id="id72" source="id20" target="id25" delay="0" weight="1">
      <points>
        <point x="348" y="86" />
        <point x="464" y="151" />
      </points>
    </arc>
    <arc id="id73" source="id25" target="id12" delay="0" weight="1">
      <points>
        <point x="483" y="171" />
        <point x="483" y="201" />
      </points>
    </arc>
    <arc id="id74" source="id12" target="id26" delay="0" weight="1">
      <points>
        <point x="480" y="230" />
        <point x="480" y="258" />
      </points>
    </arc>
    <arc id="id75" source="id26" target="id5" delay="0" weight="1">
      <points>
        <point x="481" y="278" />
        <point x="481" y="298" />
      </points>
    </arc>
    <arc id="id76" source="id5" target="id32" delay="0" weight="1">
      <points>
        <point x="481" y="327" />
        <point x="481" y="354" />
      </points>
    </arc>
    <arc id="id77" source="id32" target="id0" delay="0" weight="1">
      <points>
        <point x="482" y="374" />
        <point x="482" y="395" />
      </points>
    </arc>
    <arc id="id78" source="id0" target="id41" delay="0" weight="1">
      <points>
        <point x="458" y="407" />
        <point x="428" y="401" />
      </points>
    </arc>
    <arc id="id79" source="id41" target="id4" delay="0" weight="1">
      <points>
        <point x="378" y="381" />
        <point x="316" y="329" />
      </points>
    </arc>
    <arc id="id81" source="id40" target="id13" delay="0" weight="1">
      <points>
        <point x="59" y="193" />
        <point x="59" y="163" />
      </points>
    </arc>
    <arc id="id82" source="id13" target="id30" delay="0" weight="1">
      <points>
        <point x="58" y="134" />
        <point x="58" y="88" />
      </points>
    </arc>
    <arc id="id83" source="id30" target="id21" delay="0" weight="1">
      <points>
        <point x="81" y="80" />
        <point x="115" y="80" />
      </points>
    </arc>
    <arc id="id84" source="id21" target="id31" delay="0" weight="1">
      <points>
        <point x="139" y="94" />
        <point x="139" y="265" />
      </points>
    </arc>
    <arc id="id86" source="id14" target="id41" delay="0" weight="1">
      <points>
        <point x="233" y="338" />
        <point x="378" y="381" />
      </points>
    </arc>
    <arc id="id87" source="id41" target="id15" delay="0" weight="1">
      <points>
        <point x="421" y="381" />
        <point x="421" y="228" />
      </points>
    </arc>
    <arc id="id88" source="id15" target="id43" delay="0" weight="1">
      <points>
        <point x="397" y="211" />
        <point x="372" y="211" />
      </points>
    </arc>
    <arc id="id93" source="id90" target="id16" delay="0" weight="1">
      <points>
        <point x="219" y="90" />
        <point x="219" y="260" />
      </points>
    </arc>
    <arc id="id94" source="id20" target="id90" delay="0" weight="1">
      <points>
        <point x="301" y="80" />
        <point x="260" y="80" />
      </points>
    </arc>
    <arc id="id95" source="id31" target="id22" delay="0" weight="1">
      <points>
        <point x="105" y="265" />
        <point x="73" y="263" />
      </points>
    </arc>
    <arc id="id96" source="id22" target="id40" delay="0" weight="1">
      <points>
        <point x="51" y="249" />
        <point x="51" y="213" />
      </points>
    </arc>
    <arc id="id80" source="id4" target="id41" delay="0" weight="1">
      <points>
        <point x="317" y="328" />
        <point x="378" y="381" />
      </points>
    </arc>
    <arc id="id89" source="id43" target="id23" delay="0" weight="1">
      <points>
        <point x="322" y="192" />
        <point x="322" y="156" />
      </points>
    </arc>
    <arc id="id85" source="id41" target="id14" delay="0" weight="1">
      <points>
        <point x="378" y="381" />
        <point x="234" y="338" />
      </points>
    </arc>
  </page>
</petrinet>