﻿<?xml version="1.0" encoding="utf-8"?>
<petrinet name="main">
  <page id="main.page0" name="main.page0">
    <place id="id0" name="item storage" initialmarking="4" portdir="None">
      <location x="133" y="81" />
      <size width="105" height="35" />
    </place>
    <place id="id1" name="request for refill" initialmarking="0" portdir="None">
      <location x="131" y="222" />
      <size width="105" height="35" />
    </place>
    <place id="id4" name="ready for insertion" initialmarking="1" portdir="None">
      <location x="334" y="76" />
      <size width="105" height="30" />
    </place>
    <place id="id5" name="ready to dispense" initialmarking="0" portdir="None">
      <location x="345" y="241" />
      <size width="105" height="35" />
    </place>
    <place id="id6" name="holding coin" initialmarking="0" portdir="None">
      <location x="633" y="162" />
      <size width="105" height="35" />
    </place>
    <transition id="id2" name="dispense item" portdir="None">
      <location x="230" y="160" />
      <size width="60" height="30" />
    </transition>
    <transition id="id3" name="refill" portdir="None">
      <location x="37" y="146" />
      <size width="60" height="30" />
    </transition>
    <transition id="id7" name="insert coin" portdir="None">
      <location x="508" y="71" />
      <size width="60" height="30" />
    </transition>
    <transition id="id8" name="reject coin" portdir="None">
      <location x="477" y="153" />
      <size width="60" height="30" />
    </transition>
    <transition id="id9" name="accept coin" portdir="None">
      <location x="526" y="244" />
      <size width="60" height="30" />
    </transition>
    <arc id="id10" source="id2" target="id4" delay="0" weight="1">
      <points>
        <point x="260" y="145" />
        <point x="296" y="86" />
      </points>
    </arc>
    <arc id="id11" source="id4" target="id7" delay="0" weight="1">
      <points>
        <point x="386" y="76" />
        <point x="478" y="76" />
      </points>
    </arc>
    <arc id="id12" source="id7" target="id6" delay="0" weight="1">
      <points>
        <point x="538" y="86" />
        <point x="593" y="152" />
      </points>
    </arc>
    <arc id="id13" source="id6" target="id8" delay="0" weight="1">
      <points>
        <point x="581" y="161" />
        <point x="507" y="161" />
      </points>
    </arc>
    <arc id="id14" source="id8" target="id4" delay="0" weight="1">
      <points>
        <point x="447" y="138" />
        <point x="380" y="83" />
      </points>
    </arc>
    <arc id="id15" source="id6" target="id9" delay="0" weight="1">
      <points>
        <point x="592" y="172" />
        <point x="556" y="229" />
      </points>
    </arc>
    <arc id="id16" source="id9" target="id5" delay="0" weight="1">
      <points>
        <point x="496" y="241" />
        <point x="397" y="241" />
      </points>
    </arc>
    <arc id="id17" source="id5" target="id2" delay="0" weight="1">
      <points>
        <point x="303" y="231" />
        <point x="260" y="175" />
      </points>
    </arc>
    <arc id="id18" source="id2" target="id1" delay="0" weight="1">
      <points>
        <point x="200" y="175" />
        <point x="174" y="213" />
      </points>
    </arc>
    <arc id="id19" source="id1" target="id3" delay="0" weight="1">
      <points>
        <point x="91" y="211" />
        <point x="67" y="161" />
      </points>
    </arc>
    <arc id="id20" source="id3" target="id0" delay="0" weight="1">
      <points>
        <point x="67" y="131" />
        <point x="92" y="91" />
      </points>
    </arc>
    <arc id="id21" source="id0" target="id2" delay="0" weight="1">
      <points>
        <point x="173" y="92" />
        <point x="200" y="145" />
      </points>
    </arc>
  </page>
</petrinet>