﻿<?xml version="1.0" encoding="utf-8"?>
<petrinet name="main">
  <page id="main.page0" name="main.page0">
    <place id="id0" name="p" initialmarking="0" portdir="None">
      <location x="312" y="42" />
      <size width="60" height="30" />
    </place>
    <place id="id1" name="p" initialmarking="0" portdir="None">
      <location x="235" y="137" />
      <size width="60" height="30" />
    </place>
    <place id="id2" name="p" initialmarking="0" portdir="None">
      <location x="306" y="137" />
      <size width="60" height="30" />
    </place>
    <place id="id3" name="p" initialmarking="1" portdir="None">
      <location x="374" y="143" />
      <size width="60" height="30" />
    </place>
    <place id="id4" name="p" initialmarking="0" portdir="None">
      <location x="236" y="265" />
      <size width="60" height="30" />
    </place>
    <place id="id5" name="p" initialmarking="0" portdir="None">
      <location x="299" y="261" />
      <size width="60" height="30" />
    </place>
    <place id="id6" name="p" initialmarking="0" portdir="None">
      <location x="384" y="265" />
      <size width="60" height="30" />
    </place>
    <place id="id7" name="p" initialmarking="0" portdir="None">
      <location x="329" y="397" />
      <size width="60" height="30" />
    </place>
    <place id="id8" name="p" initialmarking="0" portdir="None">
      <location x="118" y="362" />
      <size width="60" height="30" />
    </place>
    <place id="id9" name="p" initialmarking="0" portdir="None">
      <location x="120" y="153" />
      <size width="60" height="30" />
    </place>
    <place id="id10" name="p" initialmarking="0" portdir="None">
      <location x="32" y="146" />
      <size width="60" height="30" />
    </place>
    <place id="id11" name="p" initialmarking="1" portdir="None">
      <location x="50" y="368" />
      <size width="60" height="30" />
    </place>
    <place id="id47" name="p" initialmarking="1" portdir="None">
      <location x="507" y="227" />
      <size width="60" height="30" />
    </place>
    <place id="id48" name="p" initialmarking="0" portdir="None">
      <location x="659" y="154" />
      <size width="60" height="30" />
    </place>
    <place id="id49" name="p" initialmarking="0" portdir="None">
      <location x="478" y="126" />
      <size width="60" height="30" />
    </place>
    <place id="id53" name="p" initialmarking="0" portdir="None">
      <location x="453" y="327" />
      <size width="60" height="30" />
    </place>
    <place id="id54" name="p" initialmarking="1" portdir="None">
      <location x="465" y="415" />
      <size width="60" height="30" />
    </place>
    <place id="id55" name="p" initialmarking="0" portdir="None">
      <location x="702" y="344" />
      <size width="60" height="30" />
    </place>
    <place id="id72" name="p" initialmarking="0" portdir="None">
      <location x="432" y="574" />
      <size width="60" height="30" />
    </place>
    <place id="id74" name="p" initialmarking="1" portdir="None">
      <location x="266" y="573" />
      <size width="60" height="30" />
    </place>
    <place id="id79" name="p" initialmarking="0" portdir="None">
      <location x="592" y="779" />
      <size width="60" height="30" />
    </place>
    <place id="id80" name="p" initialmarking="0" portdir="None">
      <location x="440" y="921" />
      <size width="60" height="30" />
    </place>
    <place id="id84" name="p" initialmarking="1" portdir="None">
      <location x="593" y="1056" />
      <size width="60" height="30" />
    </place>
    <place id="id85" name="p" initialmarking="1" portdir="None">
      <location x="203" y="728" />
      <size width="60" height="30" />
    </place>
    <place id="id69" name="p" initialmarking="0" portdir="None">
      <location x="594" y="617" />
      <size width="60" height="30" />
    </place>
    <place id="id102" name="p" initialmarking="0" portdir="None">
      <location x="139" y="578" />
      <size width="60" height="30" />
    </place>
    <transition id="id12" name="t" portdir="None">
      <location x="94" y="71" />
      <size width="50" height="20" />
    </transition>
    <transition id="id13" name="t" portdir="None">
      <location x="89" y="266" />
      <size width="50" height="20" />
    </transition>
    <transition id="id14" name="t" portdir="None">
      <location x="97" y="452" />
      <size width="50" height="20" />
    </transition>
    <transition id="id15" name="t" portdir="None">
      <location x="350" y="335" />
      <size width="50" height="20" />
    </transition>
    <transition id="id16" name="t" portdir="None">
      <location x="272" y="331" />
      <size width="50" height="20" />
    </transition>
    <transition id="id17" name="t" portdir="None">
      <location x="365" y="208" />
      <size width="50" height="20" />
    </transition>
    <transition id="id18" name="t" portdir="None">
      <location x="279" y="202" />
      <size width="50" height="20" />
    </transition>
    <transition id="id19" name="t" portdir="None">
      <location x="358" y="91" />
      <size width="50" height="20" />
    </transition>
    <transition id="id20" name="t" portdir="None">
      <location x="266" y="89" />
      <size width="50" height="20" />
    </transition>
    <transition id="id50" name="t" portdir="None">
      <location x="583" y="94" />
      <size width="50" height="20" />
    </transition>
    <transition id="id51" name="t" portdir="None">
      <location x="590" y="254" />
      <size width="50" height="20" />
    </transition>
    <transition id="id52" name="t" portdir="None">
      <location x="602" y="417" />
      <size width="50" height="20" />
    </transition>
    <transition id="id68" name="t" portdir="None">
      <location x="351" y="523" />
      <size width="50" height="20" />
    </transition>
    <transition id="id76" name="t" portdir="None">
      <location x="348" y="633" />
      <size width="50" height="20" />
    </transition>
    <transition id="id86" name="t" portdir="None">
      <location x="591" y="984" />
      <size width="50" height="20" />
    </transition>
    <transition id="id93" name="t" portdir="None">
      <location x="437" y="822" />
      <size width="50" height="20" />
    </transition>
    <transition id="id70" name="t" portdir="None">
      <location x="594" y="531" />
      <size width="50" height="20" />
    </transition>
    <transition id="id82" name="t" portdir="None">
      <location x="597" y="703" />
      <size width="50" height="20" />
    </transition>
    <transition id="id97" name="t" portdir="None">
      <location x="436" y="720" />
      <size width="50" height="20" />
    </transition>
    <transition id="id100" name="t" portdir="None">
      <location x="200" y="637" />
      <size width="50" height="20" />
    </transition>
    <transition id="id101" name="t" portdir="None">
      <location x="200" y="526" />
      <size width="50" height="20" />
    </transition>
    <transition id="id91" name="t" portdir="None">
      <location x="310" y="758" />
      <size width="50" height="20" />
    </transition>
    <arc id="id21" source="id0" target="id19" delay="0" weight="1">
      <points>
        <point x="332" y="52" />
        <point x="333" y="81" />
      </points>
    </arc>
    <arc id="id22" source="id19" target="id3" delay="0" weight="1">
      <points>
        <point x="374" y="101" />
        <point x="374" y="128" />
      </points>
    </arc>
    <arc id="id23" source="id3" target="id17" delay="0" weight="1">
      <points>
        <point x="370" y="157" />
        <point x="370" y="198" />
      </points>
    </arc>
    <arc id="id24" source="id17" target="id6" delay="0" weight="1">
      <points>
        <point x="384" y="218" />
        <point x="384" y="250" />
      </points>
    </arc>
    <arc id="id25" source="id6" target="id15" delay="0" weight="1">
      <points>
        <point x="371" y="278" />
        <point x="371" y="325" />
      </points>
    </arc>
    <arc id="id26" source="id15" target="id7" delay="0" weight="1">
      <points>
        <point x="329" y="345" />
        <point x="329" y="382" />
      </points>
    </arc>
    <arc id="id27" source="id0" target="id20" delay="0" weight="1">
      <points>
        <point x="292" y="52" />
        <point x="291" y="79" />
      </points>
    </arc>
    <arc id="id28" source="id20" target="id2" delay="0" weight="1">
      <points>
        <point x="291" y="99" />
        <point x="295" y="124" />
      </points>
    </arc>
    <arc id="id29" source="id20" target="id1" delay="0" weight="1">
      <points>
        <point x="241" y="99" />
        <point x="239" y="123" />
      </points>
    </arc>
    <arc id="id30" source="id1" target="id18" delay="0" weight="1">
      <points>
        <point x="251" y="149" />
        <point x="254" y="192" />
      </points>
    </arc>
    <arc id="id31" source="id2" target="id18" delay="0" weight="1">
      <points>
        <point x="295" y="150" />
        <point x="295" y="192" />
      </points>
    </arc>
    <arc id="id32" source="id18" target="id5" delay="0" weight="1">
      <points>
        <point x="299" y="212" />
        <point x="299" y="246" />
      </points>
    </arc>
    <arc id="id33" source="id18" target="id4" delay="0" weight="1">
      <points>
        <point x="254" y="212" />
        <point x="245" y="251" />
      </points>
    </arc>
    <arc id="id34" source="id4" target="id16" delay="0" weight="1">
      <points>
        <point x="250" y="278" />
        <point x="250" y="321" />
      </points>
    </arc>
    <arc id="id35" source="id5" target="id16" delay="0" weight="1">
      <points>
        <point x="289" y="274" />
        <point x="289" y="321" />
      </points>
    </arc>
    <arc id="id36" source="id16" target="id7" delay="0" weight="1">
      <points>
        <point x="297" y="341" />
        <point x="315" y="384" />
      </points>
    </arc>
    <arc id="id37" source="id7" target="id14" delay="0" weight="1">
      <points>
        <point x="300" y="400" />
        <point x="122" y="442" />
      </points>
    </arc>
    <arc id="id38" source="id14" target="id8" delay="0" weight="1">
      <points>
        <point x="118" y="442" />
        <point x="118" y="377" />
      </points>
    </arc>
    <arc id="id39" source="id8" target="id13" delay="0" weight="1">
      <points>
        <point x="110" y="348" />
        <point x="110" y="276" />
      </points>
    </arc>
    <arc id="id40" source="id13" target="id11" delay="0" weight="1">
      <points>
        <point x="64" y="276" />
        <point x="54" y="354" />
      </points>
    </arc>
    <arc id="id41" source="id11" target="id14" delay="0" weight="1">
      <points>
        <point x="64" y="381" />
        <point x="72" y="442" />
      </points>
    </arc>
    <arc id="id42" source="id13" target="id9" delay="0" weight="1">
      <points>
        <point x="114" y="256" />
        <point x="119" y="167" />
      </points>
    </arc>
    <arc id="id43" source="id13" target="id10" delay="0" weight="1">
      <points>
        <point x="64" y="256" />
        <point x="40" y="160" />
      </points>
    </arc>
    <arc id="id44" source="id9" target="id12" delay="0" weight="1">
      <points>
        <point x="111" y="139" />
        <point x="111" y="81" />
      </points>
    </arc>
    <arc id="id45" source="id10" target="id12" delay="0" weight="1">
      <points>
        <point x="51" y="135" />
        <point x="69" y="81" />
      </points>
    </arc>
    <arc id="id46" source="id12" target="id0" delay="0" weight="1">
      <points>
        <point x="119" y="61" />
        <point x="283" y="43" />
      </points>
    </arc>
    <arc id="id56" source="id15" target="id54" delay="0" weight="1">
      <points>
        <point x="375" y="345" />
        <point x="442" y="406" />
      </points>
    </arc>
    <arc id="id57" source="id54" target="id52" delay="0" weight="1">
      <points>
        <point x="494" y="415" />
        <point x="577" y="415" />
      </points>
    </arc>
    <arc id="id58" source="id52" target="id55" delay="0" weight="1">
      <points>
        <point x="627" y="407" />
        <point x="680" y="353" />
      </points>
    </arc>
    <arc id="id59" source="id55" target="id51" delay="0" weight="1">
      <points>
        <point x="679" y="335" />
        <point x="615" y="264" />
      </points>
    </arc>
    <arc id="id60" source="id51" target="id53" delay="0" weight="1">
      <points>
        <point x="565" y="264" />
        <point x="479" y="320" />
      </points>
    </arc>
    <arc id="id61" source="id53" target="id15" delay="0" weight="1">
      <points>
        <point x="424" y="328" />
        <point x="375" y="328" />
      </points>
    </arc>
    <arc id="id62" source="id17" target="id47" delay="0" weight="1">
      <points>
        <point x="390" y="218" />
        <point x="478" y="226" />
      </points>
    </arc>
    <arc id="id63" source="id47" target="id51" delay="0" weight="1">
      <points>
        <point x="535" y="231" />
        <point x="565" y="244" />
      </points>
    </arc>
    <arc id="id64" source="id51" target="id48" delay="0" weight="1">
      <points>
        <point x="615" y="244" />
        <point x="646" y="167" />
      </points>
    </arc>
    <arc id="id65" source="id48" target="id50" delay="0" weight="1">
      <points>
        <point x="636" y="145" />
        <point x="608" y="104" />
      </points>
    </arc>
    <arc id="id66" source="id50" target="id49" delay="0" weight="1">
      <points>
        <point x="558" y="104" />
        <point x="506" y="123" />
      </points>
    </arc>
    <arc id="id67" source="id49" target="id17" delay="0" weight="1">
      <points>
        <point x="454" y="134" />
        <point x="390" y="198" />
      </points>
    </arc>
    <arc id="id73" source="id72" target="id68" delay="0" weight="1">
      <points>
        <point x="407" y="567" />
        <point x="376" y="533" />
      </points>
    </arc>
    <arc id="id75" source="id68" target="id74" delay="0" weight="1">
      <points>
        <point x="326" y="533" />
        <point x="290" y="565" />
      </points>
    </arc>
    <arc id="id77" source="id74" target="id76" delay="0" weight="1">
      <points>
        <point x="290" y="581" />
        <point x="323" y="623" />
      </points>
    </arc>
    <arc id="id78" source="id76" target="id72" delay="0" weight="1">
      <points>
        <point x="373" y="623" />
        <point x="409" y="583" />
      </points>
    </arc>
    <arc id="id88" source="id84" target="id86" delay="0" weight="1">
      <points>
        <point x="593" y="1042" />
        <point x="593" y="994" />
      </points>
    </arc>
    <arc id="id95" source="id93" target="id80" delay="0" weight="1">
      <points>
        <point x="440" y="832" />
        <point x="440" y="906" />
      </points>
    </arc>
    <arc id="id71" source="id79" target="id93" delay="0" weight="1">
      <points>
        <point x="564" y="783" />
        <point x="462" y="812" />
      </points>
    </arc>
    <arc id="id104" source="id86" target="id84" delay="0" weight="1">
      <points>
        <point x="593" y="994" />
        <point x="593" y="1041" />
      </points>
    </arc>
    <arc id="id89" source="id72" target="id70" delay="0" weight="1">
      <points>
        <point x="460" y="571" />
        <point x="569" y="541" />
      </points>
    </arc>
    <arc id="id92" source="id70" target="id69" delay="0" weight="1">
      <points>
        <point x="594" y="541" />
        <point x="594" y="602" />
      </points>
    </arc>
    <arc id="id94" source="id69" target="id82" delay="0" weight="1">
      <points>
        <point x="595" y="631" />
        <point x="595" y="693" />
      </points>
    </arc>
    <arc id="id96" source="id82" target="id79" delay="0" weight="1">
      <points>
        <point x="592" y="713" />
        <point x="592" y="764" />
      </points>
    </arc>
    <arc id="id98" source="id79" target="id97" delay="0" weight="1">
      <points>
        <point x="564" y="774" />
        <point x="461" y="730" />
      </points>
    </arc>
    <arc id="id99" source="id97" target="id72" delay="0" weight="1">
      <points>
        <point x="432" y="710" />
        <point x="432" y="589" />
      </points>
    </arc>
    <arc id="id83" source="id85" target="id100" delay="0" weight="1">
      <points>
        <point x="203" y="714" />
        <point x="203" y="647" />
      </points>
    </arc>
    <arc id="id87" source="id100" target="id85" delay="0" weight="1">
      <points>
        <point x="203" y="647" />
        <point x="203" y="713" />
      </points>
    </arc>
    <arc id="id103" source="id74" target="id101" delay="0" weight="1">
      <points>
        <point x="242" y="565" />
        <point x="225" y="536" />
      </points>
    </arc>
    <arc id="id105" source="id101" target="id102" delay="0" weight="1">
      <points>
        <point x="175" y="536" />
        <point x="158" y="567" />
      </points>
    </arc>
    <arc id="id106" source="id102" target="id100" delay="0" weight="1">
      <points>
        <point x="160" y="588" />
        <point x="175" y="627" />
      </points>
    </arc>
    <arc id="id107" source="id100" target="id74" delay="0" weight="1">
      <points>
        <point x="225" y="627" />
        <point x="248" y="584" />
      </points>
    </arc>
    <arc id="id81" source="id80" target="id86" delay="0" weight="1">
      <points>
        <point x="467" y="926" />
        <point x="566" y="974" />
      </points>
    </arc>
    <arc id="id90" source="id86" target="id79" delay="0" weight="1">
      <points>
        <point x="592" y="974" />
        <point x="592" y="794" />
      </points>
    </arc>
    <arc id="id108" source="id80" target="id91" delay="0" weight="1">
      <points>
        <point x="422" y="910" />
        <point x="335" y="768" />
      </points>
    </arc>
    <arc id="id109" source="id91" target="id74" delay="0" weight="1">
      <points>
        <point x="285" y="748" />
        <point x="269" y="587" />
      </points>
    </arc>
  </page>
</petrinet>