﻿<?xml version="1.0" encoding="utf-8"?>
<petrinet name="main">
  <page id="main.page0" name="main.page0">
    <place id="id3" name="p" initialmarking="1" portdir="None">
      <location x="261" y="123" />
      <size width="60" height="30" />
    </place>
    <place id="id6" name="p" initialmarking="0" portdir="None">
      <location x="311" y="209" />
      <size width="60" height="30" />
    </place>
    <place id="id7" name="p" initialmarking="0" portdir="None">
      <location x="253" y="289" />
      <size width="60" height="30" />
    </place>
    <place id="id9" name="p" initialmarking="0" portdir="None">
      <location x="211" y="199" />
      <size width="60" height="30" />
    </place>
    <place id="id47" name="p" initialmarking="1" portdir="None">
      <location x="385" y="183" />
      <size width="60" height="30" />
    </place>
    <place id="id48" name="p" initialmarking="0" portdir="None">
      <location x="455" y="166" />
      <size width="60" height="30" />
    </place>
    <place id="id49" name="p" initialmarking="0" portdir="None">
      <location x="388" y="138" />
      <size width="60" height="30" />
    </place>
    <place id="id53" name="p" initialmarking="0" portdir="None">
      <location x="382" y="231" />
      <size width="60" height="30" />
    </place>
    <place id="id54" name="p" initialmarking="1" portdir="None">
      <location x="383" y="284" />
      <size width="60" height="30" />
    </place>
    <place id="id55" name="p" initialmarking="0" portdir="None">
      <location x="457" y="259" />
      <size width="60" height="30" />
    </place>
    <transition id="id13" name="t" portdir="None">
      <location x="208" y="242" />
      <size width="50" height="20" />
    </transition>
    <transition id="id15" name="t" portdir="None">
      <location x="310" y="255" />
      <size width="50" height="20" />
    </transition>
    <transition id="id17" name="t" portdir="None">
      <location x="311" y="158" />
      <size width="50" height="20" />
    </transition>
    <transition id="id19" name="t" portdir="None">
      <location x="210" y="161" />
      <size width="50" height="20" />
    </transition>
    <transition id="id50" name="t" portdir="None">
      <location x="458" y="120" />
      <size width="50" height="20" />
    </transition>
    <transition id="id52" name="t" portdir="None">
      <location x="462" y="307" />
      <size width="50" height="20" />
    </transition>
    <transition id="id4" name="t" portdir="None">
      <location x="460" y="212" />
      <size width="50" height="20" />
    </transition>
    <arc id="id22" source="id19" target="id3" delay="0" weight="1">
      <points>
        <point x="235" y="151" />
        <point x="241" y="133" />
      </points>
    </arc>
    <arc id="id23" source="id3" target="id17" delay="0" weight="1">
      <points>
        <point x="285" y="131" />
        <point x="286" y="148" />
      </points>
    </arc>
    <arc id="id24" source="id17" target="id6" delay="0" weight="1">
      <points>
        <point x="311" y="168" />
        <point x="311" y="194" />
      </points>
    </arc>
    <arc id="id25" source="id6" target="id15" delay="0" weight="1">
      <points>
        <point x="311" y="223" />
        <point x="311" y="245" />
      </points>
    </arc>
    <arc id="id26" source="id15" target="id7" delay="0" weight="1">
      <points>
        <point x="285" y="265" />
        <point x="277" y="280" />
      </points>
    </arc>
    <arc id="id42" source="id13" target="id9" delay="0" weight="1">
      <points>
        <point x="211" y="232" />
        <point x="211" y="214" />
      </points>
    </arc>
    <arc id="id57" source="id54" target="id52" delay="0" weight="1">
      <points>
        <point x="411" y="288" />
        <point x="437" y="297" />
      </points>
    </arc>
    <arc id="id58" source="id52" target="id55" delay="0" weight="1">
      <points>
        <point x="457" y="297" />
        <point x="457" y="274" />
      </points>
    </arc>
    <arc id="id65" source="id48" target="id50" delay="0" weight="1">
      <points>
        <point x="456" y="152" />
        <point x="456" y="130" />
      </points>
    </arc>
    <arc id="id66" source="id50" target="id49" delay="0" weight="1">
      <points>
        <point x="433" y="130" />
        <point x="417" y="136" />
      </points>
    </arc>
    <arc id="id8" source="id7" target="id13" delay="0" weight="1">
      <points>
        <point x="233" y="279" />
        <point x="233" y="252" />
      </points>
    </arc>
    <arc id="id2" source="id9" target="id19" delay="0" weight="1">
      <points>
        <point x="211" y="185" />
        <point x="211" y="171" />
      </points>
    </arc>
    <arc id="id12" source="id4" target="id48" delay="0" weight="1">
      <points>
        <point x="455" y="202" />
        <point x="455" y="181" />
      </points>
    </arc>
    <arc id="id11" source="id47" target="id4" delay="0" weight="1">
      <points>
        <point x="412" y="188" />
        <point x="435" y="202" />
      </points>
    </arc>
    <arc id="id0" source="id55" target="id4" delay="0" weight="1">
      <points>
        <point x="458" y="245" />
        <point x="458" y="222" />
      </points>
    </arc>
    <arc id="id1" source="id4" target="id53" delay="0" weight="1">
      <points>
        <point x="435" y="222" />
        <point x="411" y="229" />
      </points>
    </arc>
    <arc id="id5" source="id49" target="id17" delay="0" weight="1">
      <points>
        <point x="359" y="141" />
        <point x="336" y="148" />
      </points>
    </arc>
    <arc id="id10" source="id17" target="id47" delay="0" weight="1">
      <points>
        <point x="336" y="168" />
        <point x="357" y="179" />
      </points>
    </arc>
    <arc id="id14" source="id53" target="id15" delay="0" weight="1">
      <points>
        <point x="354" y="235" />
        <point x="335" y="245" />
      </points>
    </arc>
    <arc id="id16" source="id15" target="id54" delay="0" weight="1">
      <points>
        <point x="335" y="265" />
        <point x="356" y="279" />
      </points>
    </arc>
  </page>
</petrinet>