<?xml version="1.0" encoding="utf-8"?>
<petrinet name="simple_sample03">
  <page id="page0" name="アクティビティ1">
    <place id="id0" initialmarking="1" name="開始状態1" portdir="None">
      <location x="178.0" y="56.0"/>
      <size height="30" width="30"/>
    </place>
    <place id="id1" initialmarking="0" name="終了状態1" portdir="None">
      <location x="173.0" y="308.0"/>
      <size height="30" width="30"/>
    </place>
    <place id="id2" initialmarking="0" name="dummy" portdir="None">
      <location x="10" y="10"/>
      <size height="30" width="30"/>
    </place>
    <transition id="id3" name="アクション2" portdir="None">
      <location x="134.0" y="211.0"/>
      <size height="12" width="40"/>
    </transition>
    <transition id="id4" name="アクション1" portdir="None">
      <location x="124.0" y="146.0"/>
      <size height="12" width="40"/>
    </transition>
    <arc delay="0" id="id5" source="id3" target="id1" weight="1">
      <points>
        <point x="0" y="0"/>
        <point x="0" y="0"/>
      </points>
    </arc>
    <arc delay="0" id="id6" source="id4" target="id2" weight="1">
      <points>
        <point x="0" y="0"/>
        <point x="0" y="0"/>
      </points>
    </arc>
    <arc delay="0" id="id7" source="id2" target="id3" weight="1">
      <points>
        <point x="0" y="0"/>
        <point x="0" y="0"/>
      </points>
    </arc>
    <arc delay="0" id="id8" source="id0" target="id4" weight="1">
      <points>
        <point x="0" y="0"/>
        <point x="0" y="0"/>
      </points>
    </arc>
  </page>
  <page id="page1" name="アクティビティ0">
    <place id="id0" initialmarking="0" name="終了状態0" portdir="None">
      <location x="198.0" y="278.0"/>
      <size height="30" width="30"/>
    </place>
    <place id="id1" initialmarking="1" name="開始状態0" portdir="None">
      <location x="178.0" y="58.0"/>
      <size height="30" width="30"/>
    </place>
    <transition id="id2" name="アクション0" portdir="None">
      <location x="262.0" y="212.0"/>
      <size height="12" width="40"/>
    </transition>
    <arc delay="0" id="id3" source="id2" target="id0" weight="1">
      <points>
        <point x="0" y="0"/>
        <point x="0" y="0"/>
      </points>
    </arc>
    <arc delay="0" id="id4" source="id1" target="id2" weight="1">
      <points>
        <point x="0" y="0"/>
        <point x="0" y="0"/>
      </points>
    </arc>
  </page>
  <page id="page2" name="アクティビティ2">
    <place id="id0" initialmarking="0" name="終了状態2" portdir="None">
      <location x="219.0" y="329.0"/>
      <size height="30" width="30"/>
    </place>
    <place id="id1" initialmarking="1" name="開始状態2" portdir="None">
      <location x="183.0" y="57.0"/>
      <size height="30" width="30"/>
    </place>
    <place id="id2" initialmarking="0" name="dummy" portdir="None">
      <location x="10" y="10"/>
      <size height="30" width="30"/>
    </place>
    <place id="id3" initialmarking="0" name="dummy" portdir="None">
      <location x="10" y="10"/>
      <size height="30" width="30"/>
    </place>
    <place id="id4" initialmarking="0" name="dummy" portdir="None">
      <location x="10" y="10"/>
      <size height="30" width="30"/>
    </place>
    <place id="id5" initialmarking="0" name="dummy" portdir="None">
      <location x="10" y="10"/>
      <size height="30" width="30"/>
    </place>
    <transition id="id6" name="アクション3" portdir="None">
      <location x="126.0" y="196.0"/>
      <size height="12" width="40"/>
    </transition>
    <transition id="id7" name="合流0" portdir="None">
      <location x="237.0" y="272.0"/>
      <size height="12" width="40"/>
    </transition>
    <transition id="id8" name="分岐0" portdir="None">
      <location x="186.0" y="109.0"/>
      <size height="12" width="40"/>
    </transition>
    <transition id="id9" name="アクション4" portdir="None">
      <location x="293.0" y="202.0"/>
      <size height="12" width="40"/>
    </transition>
    <arc delay="0" id="id10" source="id7" target="id0" weight="1">
      <points>
        <point x="0" y="0"/>
        <point x="0" y="0"/>
      </points>
    </arc>
    <arc delay="0" id="id11" source="id1" target="id8" weight="1">
      <points>
        <point x="0" y="0"/>
        <point x="0" y="0"/>
      </points>
    </arc>
    <arc delay="0" id="id12" source="id8" target="id2" weight="1">
      <points>
        <point x="0" y="0"/>
        <point x="0" y="0"/>
      </points>
    </arc>
    <arc delay="0" id="id13" source="id2" target="id9" weight="1">
      <points>
        <point x="0" y="0"/>
        <point x="0" y="0"/>
      </points>
    </arc>
    <arc delay="0" id="id14" source="id9" target="id3" weight="1">
      <points>
        <point x="0" y="0"/>
        <point x="0" y="0"/>
      </points>
    </arc>
    <arc delay="0" id="id15" source="id3" target="id7" weight="1">
      <points>
        <point x="0" y="0"/>
        <point x="0" y="0"/>
      </points>
    </arc>
    <arc delay="0" id="id16" source="id6" target="id4" weight="1">
      <points>
        <point x="0" y="0"/>
        <point x="0" y="0"/>
      </points>
    </arc>
    <arc delay="0" id="id17" source="id4" target="id7" weight="1">
      <points>
        <point x="0" y="0"/>
        <point x="0" y="0"/>
      </points>
    </arc>
    <arc delay="0" id="id18" source="id8" target="id5" weight="1">
      <points>
        <point x="0" y="0"/>
        <point x="0" y="0"/>
      </points>
    </arc>
    <arc delay="0" id="id19" source="id5" target="id6" weight="1">
      <points>
        <point x="0" y="0"/>
        <point x="0" y="0"/>
      </points>
    </arc>
  </page>
</petrinet>
