﻿<?xml version="1.0" encoding="utf-8"?>
<petrinet name="Untitled">
  <page id="page0" name="3">
    <place id="id0" name="p0" initialmarking="15" portdir="None">
      <location x="362" y="85" />
      <size width="50" height="30" />
    </place>
    <place id="id6" name="p6" initialmarking="0" portdir="None">
      <location x="102" y="364" />
      <size width="50" height="30" />
    </place>
    <place id="id7" name="p7" initialmarking="0" portdir="None">
      <location x="273" y="349" />
      <size width="50" height="30" />
    </place>
    <place id="id8" name="p8" initialmarking="0" portdir="None">
      <location x="403" y="342" />
      <size width="50" height="30" />
    </place>
    <place id="id9" name="p9" initialmarking="0" portdir="None">
      <location x="611" y="343" />
      <size width="50" height="30" />
    </place>
    <place id="id10" name="p10" initialmarking="0" portdir="None">
      <location x="806" y="348" />
      <size width="50" height="30" />
    </place>
    <place id="id51" name="p51" initialmarking="0" portdir="None">
      <location x="139" y="783" />
      <size width="50" height="30" />
    </place>
    <place id="id52" name="p52" initialmarking="0" portdir="None">
      <location x="478" y="742" />
      <size width="50" height="30" />
    </place>
    <place id="id53" name="p53" initialmarking="0" portdir="None">
      <location x="680" y="762" />
      <size width="50" height="30" />
    </place>
    <place id="id54" name="p54" initialmarking="0" portdir="None">
      <location x="844" y="760" />
      <size width="50" height="30" />
    </place>
    <place id="id55" name="p55" initialmarking="0" portdir="None">
      <location x="1003" y="736" />
      <size width="50" height="30" />
    </place>
    <place id="id74" name="p74" initialmarking="0" portdir="None">
      <location x="717" y="999" />
      <size width="50" height="30" />
    </place>
    <transition id="id1" name="t1" portdir="None">
      <location x="115" y="234" />
      <size width="50" height="20" />
    </transition>
    <transition id="id2" name="t2" portdir="None">
      <location x="257" y="228" />
      <size width="50" height="20" />
    </transition>
    <transition id="id3" name="t3" portdir="None">
      <location x="358" y="228" />
      <size width="50" height="20" />
    </transition>
    <transition id="id4" name="t4" portdir="None">
      <location x="482" y="239" />
      <size width="50" height="20" />
    </transition>
    <transition id="id5" name="t5" portdir="None">
      <location x="591" y="237" />
      <size width="50" height="20" />
    </transition>
    <transition id="id11" name="t11" portdir="None">
      <location x="28" y="585" />
      <size width="50" height="20" />
    </transition>
    <transition id="id12" name="t12" portdir="None">
      <location x="100" y="584" />
      <size width="50" height="20" />
    </transition>
    <transition id="id13" name="t13" portdir="None">
      <location x="196" y="578" />
      <size width="50" height="20" />
    </transition>
    <transition id="id14" name="t14" portdir="None">
      <location x="301" y="579" />
      <size width="50" height="20" />
    </transition>
    <transition id="id15" name="t15" portdir="None">
      <location x="388" y="582" />
      <size width="50" height="20" />
    </transition>
    <transition id="id16" name="t16" portdir="None">
      <location x="442" y="585" />
      <size width="50" height="20" />
    </transition>
    <transition id="id17" name="t17" portdir="None">
      <location x="581" y="576" />
      <size width="50" height="20" />
    </transition>
    <transition id="id18" name="t18" portdir="None">
      <location x="650" y="584" />
      <size width="50" height="20" />
    </transition>
    <transition id="id19" name="t19" portdir="None">
      <location x="746" y="577" />
      <size width="50" height="20" />
    </transition>
    <transition id="id20" name="t20" portdir="None">
      <location x="849" y="575" />
      <size width="50" height="20" />
    </transition>
    <transition id="id21" name="t21" portdir="None">
      <location x="996" y="579" />
      <size width="50" height="20" />
    </transition>
    <transition id="id22" name="t22" portdir="None">
      <location x="1076" y="581" />
      <size width="50" height="20" />
    </transition>
    <transition id="id23" name="t23" portdir="None">
      <location x="1142" y="581" />
      <size width="50" height="20" />
    </transition>
    <transition id="id24" name="t24" portdir="None">
      <location x="1226" y="581" />
      <size width="50" height="20" />
    </transition>
    <transition id="id25" name="t25" portdir="None">
      <location x="1295" y="574" />
      <size width="50" height="20" />
    </transition>
    <transition id="id58" name="t58" portdir="None">
      <location x="1016" y="1004" />
      <size width="50" height="20" />
    </transition>
    <arc id="id26" source="id0" target="id1" delay="1" weight="1">
      <points>
        <point x="338" y="88" />
        <point x="150" y="129" />
        <point x="140" y="224" />
      </points>
    </arc>
    <arc id="id27" source="id1" target="id6" delay="1" weight="1">
      <points>
        <point x="102" y="244" />
        <point x="102" y="349" />
      </points>
    </arc>
    <arc id="id28" source="id6" target="id11" delay="0" weight="1">
      <points>
        <point x="95" y="378" />
        <point x="53" y="575" />
      </points>
    </arc>
    <arc id="id29" source="id6" target="id12" delay="0" weight="1">
      <points>
        <point x="102" y="378" />
        <point x="102" y="574" />
      </points>
    </arc>
    <arc id="id30" source="id6" target="id13" delay="0" weight="1">
      <points>
        <point x="112" y="377" />
        <point x="171" y="568" />
      </points>
    </arc>
    <arc id="id31" source="id2" target="id7" delay="2" weight="1">
      <points>
        <point x="273" y="238" />
        <point x="273" y="334" />
      </points>
    </arc>
    <arc id="id32" source="id7" target="id14" delay="0" weight="1">
      <points>
        <point x="276" y="363" />
        <point x="276" y="569" />
      </points>
    </arc>
    <arc id="id33" source="id7" target="id15" delay="0" weight="1">
      <points>
        <point x="284" y="362" />
        <point x="363" y="572" />
      </points>
    </arc>
    <arc id="id34" source="id7" target="id16" delay="0" weight="1">
      <points>
        <point x="287" y="361" />
        <point x="417" y="575" />
      </points>
    </arc>
    <arc id="id35" source="id3" target="id8" delay="3" weight="1">
      <points>
        <point x="383" y="238" />
        <point x="399" y="328" />
      </points>
    </arc>
    <arc id="id36" source="id8" target="id17" delay="0" weight="1">
      <points>
        <point x="418" y="353" />
        <point x="556" y="566" />
      </points>
    </arc>
    <arc id="id37" source="id8" target="id18" delay="0" weight="1">
      <points>
        <point x="420" y="352" />
        <point x="625" y="574" />
      </points>
    </arc>
    <arc id="id38" source="id8" target="id19" delay="0" weight="1">
      <points>
        <point x="423" y="350" />
        <point x="721" y="567" />
      </points>
    </arc>
    <arc id="id39" source="id4" target="id9" delay="4" weight="1">
      <points>
        <point x="507" y="249" />
        <point x="593" y="333" />
      </points>
    </arc>
    <arc id="id40" source="id9" target="id20" delay="0" weight="1">
      <points>
        <point x="628" y="353" />
        <point x="824" y="565" />
      </points>
    </arc>
    <arc id="id41" source="id9" target="id21" delay="0" weight="1">
      <points>
        <point x="632" y="350" />
        <point x="971" y="569" />
      </points>
    </arc>
    <arc id="id42" source="id9" target="id22" delay="0" weight="1">
      <points>
        <point x="633" y="349" />
        <point x="1051" y="571" />
      </points>
    </arc>
    <arc id="id43" source="id10" target="id23" delay="0" weight="1">
      <points>
        <point x="826" y="356" />
        <point x="1117" y="571" />
      </points>
    </arc>
    <arc id="id44" source="id10" target="id24" delay="0" weight="1">
      <points>
        <point x="827" y="355" />
        <point x="1201" y="571" />
      </points>
    </arc>
    <arc id="id45" source="id10" target="id25" delay="0" weight="1">
      <points>
        <point x="828" y="354" />
        <point x="1270" y="564" />
      </points>
    </arc>
    <arc id="id46" source="id5" target="id10" delay="5" weight="1">
      <points>
        <point x="616" y="247" />
        <point x="784" y="341" />
      </points>
    </arc>
    <arc id="id47" source="id0" target="id2" delay="1" weight="1">
      <points>
        <point x="344" y="95" />
        <point x="299" y="145" />
        <point x="282" y="218" />
      </points>
    </arc>
    <arc id="id48" source="id0" target="id3" delay="1" weight="1">
      <points>
        <point x="357" y="99" />
        <point x="339" y="185" />
        <point x="357" y="218" />
      </points>
    </arc>
    <arc id="id49" source="id0" target="id4" delay="1" weight="1">
      <points>
        <point x="372" y="98" />
        <point x="405" y="173" />
        <point x="457" y="229" />
      </points>
    </arc>
    <arc id="id50" source="id0" target="id5" delay="1" weight="1">
      <points>
        <point x="383" y="92" />
        <point x="484" y="158" />
        <point x="566" y="227" />
      </points>
    </arc>
    <arc id="id56" source="id11" target="id51" delay="1" weight="1">
      <points>
        <point x="53" y="595" />
        <point x="129" y="770" />
      </points>
    </arc>
    <arc id="id57" source="id12" target="id51" delay="2" weight="1">
      <points>
        <point x="125" y="594" />
        <point x="138" y="769" />
      </points>
    </arc>
    <arc id="id59" source="id14" target="id52" delay="1" weight="1">
      <points>
        <point x="326" y="589" />
        <point x="461" y="732" />
      </points>
    </arc>
    <arc id="id60" source="id15" target="id52" delay="2" weight="1">
      <points>
        <point x="413" y="592" />
        <point x="469" y="729" />
      </points>
    </arc>
    <arc id="id62" source="id17" target="id53" delay="1" weight="1">
      <points>
        <point x="606" y="586" />
        <point x="671" y="749" />
      </points>
    </arc>
    <arc id="id63" source="id18" target="id53" delay="2" weight="1">
      <points>
        <point x="675" y="594" />
        <point x="680" y="748" />
      </points>
    </arc>
    <arc id="id65" source="id20" target="id54" delay="1" weight="1">
      <points>
        <point x="844" y="585" />
        <point x="844" y="745" />
      </points>
    </arc>
    <arc id="id66" source="id21" target="id54" delay="2" weight="1">
      <points>
        <point x="971" y="589" />
        <point x="858" y="748" />
      </points>
    </arc>
    <arc id="id68" source="id23" target="id55" delay="1" weight="1">
      <points>
        <point x="1117" y="591" />
        <point x="1018" y="725" />
      </points>
    </arc>
    <arc id="id69" source="id24" target="id55" delay="2" weight="1">
      <points>
        <point x="1201" y="591" />
        <point x="1023" y="728" />
      </points>
    </arc>
    <arc id="id78" source="id22" target="id74" delay="3" weight="1">
      <points>
        <point x="1051" y="591" />
        <point x="732" y="988" />
      </points>
    </arc>
    <arc id="id79" source="id25" target="id74" delay="3" weight="1">
      <points>
        <point x="1270" y="584" />
        <point x="736" y="990" />
      </points>
    </arc>
    <arc id="id80" source="id19" target="id74" delay="3" weight="1">
      <points>
        <point x="721" y="587" />
        <point x="717" y="985" />
      </points>
    </arc>
    <arc id="id81" source="id16" target="id74" delay="3" weight="1">
      <points>
        <point x="467" y="595" />
        <point x="704" y="987" />
      </points>
    </arc>
    <arc id="id82" source="id13" target="id74" delay="3" weight="1">
      <points>
        <point x="221" y="588" />
        <point x="698" y="990" />
      </points>
    </arc>
    <arc id="id61" source="id74" target="id58" delay="0" weight="1">
      <points>
        <point x="740" y="1003" />
        <point x="904" y="1065" />
        <point x="991" y="1003" />
      </points>
    </arc>
    <arc id="id64" source="id58" target="id0" delay="0" weight="1">
      <points>
        <point x="1041" y="994" />
        <point x="1476" y="510" />
        <point x="376" y="97" />
      </points>
    </arc>
  </page>
</petrinet>