﻿<?xml version="1.0" encoding="utf-8"?>
<petrinet name="Untitled">
  <page id="page0" name="medium">
    <place id="id1" name="buf0" initialmarking="0" portdir="None" capacity="0">
      <location x="291" y="198" />
      <size width="50" height="30" />
    </place>
    <place id="id3" name="empty" initialmarking="1" portdir="None" capacity="0">
      <location x="291" y="130" />
      <size width="50" height="30" />
    </place>
    <place id="id12" name="error" initialmarking="0" portdir="None" capacity="0">
      <location x="481" y="294" />
      <size width="50" height="30" />
    </place>
    <place id="id17" name="buf1" initialmarking="0" portdir="None" capacity="0">
      <location x="291" y="457" />
      <size width="50" height="30" />
    </place>
    <place id="id19" name="empty" initialmarking="1" portdir="None" capacity="0">
      <location x="291" y="389" />
      <size width="50" height="30" />
    </place>
    <transition id="id0" name="in0" portdir="In">
      <location x="189" y="198" />
      <size width="50" height="20" />
    </transition>
    <transition id="id2" name="out0" portdir="Out">
      <location x="394" y="198" />
      <size width="50" height="20" />
    </transition>
    <transition id="id11" name="error0" portdir="None">
      <location x="394" y="266" />
      <size width="50" height="20" />
    </transition>
    <transition id="id16" name="in1" portdir="In">
      <location x="189" y="457" />
      <size width="50" height="20" />
    </transition>
    <transition id="id18" name="out1" portdir="Out">
      <location x="394" y="457" />
      <size width="50" height="20" />
    </transition>
    <transition id="id21" name="error1" portdir="None">
      <location x="394" y="324" />
      <size width="50" height="20" />
    </transition>
    <transition id="id31" name="error" portdir="Out">
      <location x="572" y="295" />
      <size width="50" height="20" />
    </transition>
    <arc id="id4" source="id0" target="id1" delay="0" weight="1">
      <points>
        <point x="214" y="198" />
        <point x="266" y="198" />
      </points>
    </arc>
    <arc id="id5" source="id1" target="id2" delay="0" weight="1">
      <points>
        <point x="316" y="198" />
        <point x="369" y="198" />
      </points>
    </arc>
    <arc id="id6" source="id2" target="id3" delay="0" weight="1">
      <points>
        <point x="369" y="188" />
        <point x="311" y="138" />
      </points>
    </arc>
    <arc id="id7" source="id3" target="id0" delay="0" weight="1">
      <points>
        <point x="271" y="138" />
        <point x="214" y="188" />
      </points>
    </arc>
    <arc id="id13" source="id1" target="id11" delay="0" weight="1">
      <points>
        <point x="311" y="206" />
        <point x="369" y="256" />
      </points>
    </arc>
    <arc id="id14" source="id11" target="id3" delay="0" weight="1">
      <points>
        <point x="369" y="256" />
        <point x="304" y="142" />
      </points>
    </arc>
    <arc id="id15" source="id11" target="id12" delay="0" weight="1">
      <points>
        <point x="419" y="276" />
        <point x="457" y="290" />
      </points>
    </arc>
    <arc id="id23" source="id16" target="id17" delay="0" weight="1">
      <points>
        <point x="214" y="457" />
        <point x="266" y="457" />
      </points>
    </arc>
    <arc id="id24" source="id17" target="id18" delay="0" weight="1">
      <points>
        <point x="316" y="457" />
        <point x="369" y="457" />
      </points>
    </arc>
    <arc id="id25" source="id18" target="id19" delay="0" weight="1">
      <points>
        <point x="369" y="447" />
        <point x="311" y="397" />
      </points>
    </arc>
    <arc id="id26" source="id19" target="id16" delay="0" weight="1">
      <points>
        <point x="271" y="397" />
        <point x="214" y="447" />
      </points>
    </arc>
    <arc id="id29" source="id17" target="id21" delay="0" weight="1">
      <points>
        <point x="306" y="446" />
        <point x="369" y="334" />
      </points>
    </arc>
    <arc id="id30" source="id21" target="id19" delay="0" weight="1">
      <points>
        <point x="369" y="334" />
        <point x="311" y="381" />
      </points>
    </arc>
    <arc id="id22" source="id21" target="id12" delay="0" weight="1">
      <points>
        <point x="419" y="314" />
        <point x="458" y="298" />
      </points>
    </arc>
    <arc id="id32" source="id12" target="id31" delay="0" weight="1">
      <points>
        <point x="505" y="294" />
        <point x="547" y="294" />
      </points>
    </arc>
  </page>
  <page id="page1" name="send">
    <place id="id0" name="indata" initialmarking="0" portdir="In" capacity="0">
      <location x="110" y="280" />
      <size width="50" height="30" />
    </place>
    <place id="id3" name="buf0" initialmarking="0" portdir="None" capacity="0">
      <location x="307" y="111" />
      <size width="50" height="30" />
    </place>
    <place id="id4" name="buf1" initialmarking="0" portdir="None" capacity="0">
      <location x="307" y="439" />
      <size width="50" height="30" />
    </place>
    <place id="id9" name="bit0" initialmarking="1" portdir="None" capacity="0">
      <location x="226" y="201" />
      <size width="50" height="30" />
    </place>
    <place id="id10" name="bit1" initialmarking="0" portdir="None" capacity="0">
      <location x="227" y="363" />
      <size width="50" height="30" />
    </place>
    <place id="id12" name="msg0" initialmarking="0" portdir="Out" capacity="0">
      <location x="470" y="110" />
      <size width="50" height="30" />
    </place>
    <place id="id19" name="ack0" initialmarking="0" portdir="In" capacity="0">
      <location x="469" y="199" />
      <size width="50" height="30" />
    </place>
    <place id="id20" name="error" initialmarking="0" portdir="In" capacity="0">
      <location x="468" y="279" />
      <size width="50" height="30" />
    </place>
    <place id="id21" name="ack1" initialmarking="0" portdir="In" capacity="0">
      <location x="469" y="361" />
      <size width="50" height="30" />
    </place>
    <place id="id22" name="msg1" initialmarking="0" portdir="Out" capacity="0">
      <location x="469" y="436" />
      <size width="50" height="30" />
    </place>
    <place id="id54" name="wait" initialmarking="1" portdir="None" capacity="0">
      <location x="189" y="279" />
      <size width="50" height="30" />
    </place>
    <transition id="id1" name="put0" portdir="None">
      <location x="223" y="111" />
      <size width="50" height="20" />
    </transition>
    <transition id="id2" name="put1" portdir="None">
      <location x="224" y="440" />
      <size width="50" height="20" />
    </transition>
    <transition id="id14" name="send0" portdir="None">
      <location x="388" y="110" />
      <size width="50" height="20" />
    </transition>
    <transition id="id23" name="send1" portdir="None">
      <location x="391" y="437" />
      <size width="50" height="20" />
    </transition>
    <transition id="id26" name="alt0to1" portdir="None">
      <location x="308" y="201" />
      <size width="50" height="20" />
    </transition>
    <transition id="id27" name="alt1to0" portdir="None">
      <location x="308" y="364" />
      <size width="50" height="20" />
    </transition>
    <transition id="id34" name="resend0" portdir="None">
      <location x="389" y="162" />
      <size width="50" height="20" />
    </transition>
    <transition id="id38" name="resend0" portdir="None">
      <location x="388" y="242" />
      <size width="50" height="20" />
    </transition>
    <transition id="id42" name="resend1" portdir="None">
      <location x="390" y="394" />
      <size width="50" height="20" />
    </transition>
    <transition id="id43" name="resend1" portdir="None">
      <location x="388" y="313" />
      <size width="50" height="20" />
    </transition>
    <arc id="id5" source="id0" target="id1" delay="0" weight="1">
      <points>
        <point x="123" y="268" />
        <point x="198" y="121" />
      </points>
    </arc>
    <arc id="id6" source="id1" target="id3" delay="0" weight="1">
      <points>
        <point x="248" y="111" />
        <point x="282" y="111" />
      </points>
    </arc>
    <arc id="id7" source="id0" target="id2" delay="0" weight="1">
      <points>
        <point x="124" y="292" />
        <point x="199" y="430" />
      </points>
    </arc>
    <arc id="id8" source="id2" target="id4" delay="0" weight="1">
      <points>
        <point x="249" y="439" />
        <point x="282" y="439" />
      </points>
    </arc>
    <arc id="id11" source="id9" target="id1" delay="0" weight="1">
      <points>
        <point x="226" y="187" />
        <point x="226" y="121" />
      </points>
    </arc>
    <arc id="id13" source="id10" target="id2" delay="0" weight="1">
      <points>
        <point x="227" y="377" />
        <point x="227" y="430" />
      </points>
    </arc>
    <arc id="id15" source="id1" target="id9" delay="0" weight="1">
      <points>
        <point x="226" y="121" />
        <point x="226" y="186" />
      </points>
    </arc>
    <arc id="id16" source="id2" target="id10" delay="0" weight="1">
      <points>
        <point x="227" y="430" />
        <point x="227" y="378" />
      </points>
    </arc>
    <arc id="id17" source="id3" target="id14" delay="0" weight="1">
      <points>
        <point x="331" y="111" />
        <point x="363" y="111" />
      </points>
    </arc>
    <arc id="id18" source="id14" target="id12" delay="0" weight="1">
      <points>
        <point x="413" y="110" />
        <point x="445" y="110" />
      </points>
    </arc>
    <arc id="id24" source="id4" target="id23" delay="0" weight="1">
      <points>
        <point x="331" y="439" />
        <point x="366" y="439" />
      </points>
    </arc>
    <arc id="id25" source="id23" target="id22" delay="0" weight="1">
      <points>
        <point x="416" y="436" />
        <point x="444" y="436" />
      </points>
    </arc>
    <arc id="id28" source="id19" target="id26" delay="0" weight="1">
      <points>
        <point x="445" y="199" />
        <point x="333" y="199" />
      </points>
    </arc>
    <arc id="id29" source="id9" target="id26" delay="0" weight="1">
      <points>
        <point x="251" y="201" />
        <point x="283" y="201" />
      </points>
    </arc>
    <arc id="id30" source="id26" target="id10" delay="0" weight="1">
      <points>
        <point x="283" y="211" />
        <point x="235" y="349" />
      </points>
    </arc>
    <arc id="id31" source="id21" target="id27" delay="0" weight="1">
      <points>
        <point x="445" y="361" />
        <point x="333" y="361" />
      </points>
    </arc>
    <arc id="id32" source="id10" target="id27" delay="0" weight="1">
      <points>
        <point x="251" y="363" />
        <point x="283" y="363" />
      </points>
    </arc>
    <arc id="id33" source="id27" target="id9" delay="0" weight="1">
      <points>
        <point x="283" y="354" />
        <point x="234" y="215" />
      </points>
    </arc>
    <arc id="id35" source="id9" target="id34" delay="0" weight="1">
      <points>
        <point x="250" y="198" />
        <point x="364" y="172" />
      </points>
    </arc>
    <arc id="id36" source="id21" target="id34" delay="0" weight="1">
      <points>
        <point x="460" y="348" />
        <point x="414" y="172" />
      </points>
    </arc>
    <arc id="id37" source="id34" target="id3" delay="0" weight="1">
      <points>
        <point x="364" y="152" />
        <point x="327" y="119" />
      </points>
    </arc>
    <arc id="id39" source="id20" target="id38" delay="0" weight="1">
      <points>
        <point x="446" y="273" />
        <point x="413" y="252" />
      </points>
    </arc>
    <arc id="id40" source="id9" target="id38" delay="0" weight="1">
      <points>
        <point x="250" y="204" />
        <point x="363" y="232" />
      </points>
    </arc>
    <arc id="id41" source="id38" target="id3" delay="0" weight="1">
      <points>
        <point x="363" y="232" />
        <point x="317" y="124" />
      </points>
    </arc>
    <arc id="id44" source="id19" target="id42" delay="0" weight="1">
      <points>
        <point x="460" y="212" />
        <point x="415" y="384" />
      </points>
    </arc>
    <arc id="id45" source="id10" target="id42" delay="0" weight="1">
      <points>
        <point x="251" y="365" />
        <point x="365" y="384" />
      </points>
    </arc>
    <arc id="id46" source="id42" target="id4" delay="0" weight="1">
      <points>
        <point x="365" y="404" />
        <point x="328" y="432" />
      </points>
    </arc>
    <arc id="id47" source="id20" target="id43" delay="0" weight="1">
      <points>
        <point x="445" y="284" />
        <point x="413" y="303" />
      </points>
    </arc>
    <arc id="id48" source="id10" target="id43" delay="0" weight="1">
      <points>
        <point x="250" y="359" />
        <point x="363" y="323" />
      </points>
    </arc>
    <arc id="id49" source="id43" target="id4" delay="0" weight="1">
      <points>
        <point x="363" y="323" />
        <point x="317" y="426" />
      </points>
    </arc>
    <arc id="id50" source="id34" target="id9" delay="0" weight="1">
      <points>
        <point x="364" y="172" />
        <point x="250" y="198" />
      </points>
    </arc>
    <arc id="id51" source="id38" target="id9" delay="0" weight="1">
      <points>
        <point x="363" y="232" />
        <point x="250" y="204" />
      </points>
    </arc>
    <arc id="id52" source="id43" target="id10" delay="0" weight="1">
      <points>
        <point x="363" y="323" />
        <point x="250" y="359" />
      </points>
    </arc>
    <arc id="id53" source="id42" target="id10" delay="0" weight="1">
      <points>
        <point x="365" y="384" />
        <point x="251" y="365" />
      </points>
    </arc>
    <arc id="id55" source="id54" target="id1" delay="0" weight="1">
      <points>
        <point x="193" y="265" />
        <point x="198" y="121" />
      </points>
    </arc>
    <arc id="id56" source="id54" target="id2" delay="0" weight="1">
      <points>
        <point x="194" y="293" />
        <point x="199" y="430" />
      </points>
    </arc>
    <arc id="id57" source="id26" target="id54" delay="0" weight="1">
      <points>
        <point x="283" y="211" />
        <point x="209" y="271" />
      </points>
    </arc>
    <arc id="id58" source="id27" target="id54" delay="0" weight="1">
      <points>
        <point x="283" y="354" />
        <point x="208" y="288" />
      </points>
    </arc>
  </page>
  <page id="page2" name="receive">
    <place id="id5" name="bit0" initialmarking="1" portdir="None" capacity="0">
      <location x="499" y="212" />
      <size width="50" height="30" />
    </place>
    <place id="id6" name="bit1" initialmarking="0" portdir="None" capacity="0">
      <location x="500" y="389" />
      <size width="50" height="30" />
    </place>
    <place id="id0" name="msg0" initialmarking="0" portdir="In" capacity="0">
      <location x="260" y="137" />
      <size width="50" height="30" />
    </place>
    <place id="id20" name="ack0" initialmarking="0" portdir="Out" capacity="0">
      <location x="262" y="209" />
      <size width="50" height="30" />
    </place>
    <place id="id21" name="error" initialmarking="0" portdir="In" capacity="0">
      <location x="263" y="291" />
      <size width="50" height="30" />
    </place>
    <place id="id23" name="ack1" initialmarking="0" portdir="Out" capacity="0">
      <location x="263" y="390" />
      <size width="50" height="30" />
    </place>
    <place id="id51" name="msg1" initialmarking="0" portdir="In" capacity="0">
      <location x="263" y="466" />
      <size width="50" height="30" />
    </place>
    <place id="id32" name="outdata" initialmarking="0" portdir="Out" capacity="0">
      <location x="602" y="294" />
      <size width="50" height="30" />
    </place>
    <transition id="id14" name="alt0to1" portdir="None">
      <location x="413" y="212" />
      <size width="50" height="20" />
    </transition>
    <transition id="id15" name="alt1to0" portdir="None">
      <location x="414" y="385" />
      <size width="50" height="20" />
    </transition>
    <transition id="id7" name="nack" portdir="None">
      <location x="414" y="336" />
      <size width="50" height="20" />
    </transition>
    <transition id="id12" name="nack" portdir="None">
      <location x="412" y="256" />
      <size width="50" height="20" />
    </transition>
    <transition id="id19" name="error" portdir="None">
      <location x="411" y="151" />
      <size width="50" height="20" />
    </transition>
    <transition id="id22" name="error" portdir="None">
      <location x="414" y="447" />
      <size width="50" height="20" />
    </transition>
    <arc id="id34" source="id5" target="id14" delay="0" weight="1">
      <points>
        <point x="0" y="0" />
        <point x="0" y="0" />
      </points>
    </arc>
    <arc id="id35" source="id14" target="id6" delay="0" weight="1">
      <points>
        <point x="0" y="0" />
        <point x="0" y="0" />
      </points>
    </arc>
    <arc id="id37" source="id6" target="id15" delay="0" weight="1">
      <points>
        <point x="0" y="0" />
        <point x="0" y="0" />
      </points>
    </arc>
    <arc id="id38" source="id15" target="id5" delay="0" weight="1">
      <points>
        <point x="0" y="0" />
        <point x="0" y="0" />
      </points>
    </arc>
    <arc id="id1" source="id0" target="id14" delay="0" weight="1">
      <points>
        <point x="0" y="0" />
        <point x="0" y="0" />
      </points>
    </arc>
    <arc id="id2" source="id14" target="id20" delay="0" weight="1">
      <points>
        <point x="0" y="0" />
        <point x="0" y="0" />
      </points>
    </arc>
    <arc id="id3" source="id51" target="id15" delay="0" weight="1">
      <points>
        <point x="0" y="0" />
        <point x="0" y="0" />
      </points>
    </arc>
    <arc id="id4" source="id15" target="id23" delay="0" weight="1">
      <points>
        <point x="0" y="0" />
        <point x="0" y="0" />
      </points>
    </arc>
    <arc id="id8" source="id5" target="id7" delay="0" weight="1">
      <points>
        <point x="0" y="0" />
        <point x="0" y="0" />
      </points>
    </arc>
    <arc id="id9" source="id7" target="id5" delay="0" weight="1">
      <points>
        <point x="0" y="0" />
        <point x="0" y="0" />
      </points>
    </arc>
    <arc id="id10" source="id51" target="id7" delay="0" weight="1">
      <points>
        <point x="0" y="0" />
        <point x="0" y="0" />
      </points>
    </arc>
    <arc id="id11" source="id7" target="id23" delay="0" weight="1">
      <points>
        <point x="0" y="0" />
        <point x="0" y="0" />
      </points>
    </arc>
    <arc id="id13" source="id6" target="id12" delay="0" weight="1">
      <points>
        <point x="0" y="0" />
        <point x="0" y="0" />
      </points>
    </arc>
    <arc id="id16" source="id12" target="id6" delay="0" weight="1">
      <points>
        <point x="0" y="0" />
        <point x="0" y="0" />
      </points>
    </arc>
    <arc id="id17" source="id0" target="id12" delay="0" weight="1">
      <points>
        <point x="0" y="0" />
        <point x="0" y="0" />
      </points>
    </arc>
    <arc id="id18" source="id12" target="id20" delay="0" weight="1">
      <points>
        <point x="0" y="0" />
        <point x="0" y="0" />
      </points>
    </arc>
    <arc id="id24" source="id5" target="id19" delay="0" weight="1">
      <points>
        <point x="0" y="0" />
        <point x="0" y="0" />
      </points>
    </arc>
    <arc id="id25" source="id19" target="id5" delay="0" weight="1">
      <points>
        <point x="0" y="0" />
        <point x="0" y="0" />
      </points>
    </arc>
    <arc id="id26" source="id21" target="id19" delay="0" weight="1">
      <points>
        <point x="0" y="0" />
        <point x="0" y="0" />
      </points>
    </arc>
    <arc id="id27" source="id19" target="id23" delay="0" weight="1">
      <points>
        <point x="0" y="0" />
        <point x="0" y="0" />
      </points>
    </arc>
    <arc id="id28" source="id6" target="id22" delay="0" weight="1">
      <points>
        <point x="0" y="0" />
        <point x="0" y="0" />
      </points>
    </arc>
    <arc id="id29" source="id22" target="id6" delay="0" weight="1">
      <points>
        <point x="0" y="0" />
        <point x="0" y="0" />
      </points>
    </arc>
    <arc id="id30" source="id21" target="id22" delay="0" weight="1">
      <points>
        <point x="0" y="0" />
        <point x="0" y="0" />
      </points>
    </arc>
    <arc id="id31" source="id22" target="id20" delay="0" weight="1">
      <points>
        <point x="0" y="0" />
        <point x="0" y="0" />
      </points>
    </arc>
    <arc id="id33" source="id14" target="id32" delay="0" weight="1">
      <points>
        <point x="0" y="0" />
        <point x="0" y="0" />
      </points>
    </arc>
    <arc id="id36" source="id15" target="id32" delay="0" weight="1">
      <points>
        <point x="0" y="0" />
        <point x="0" y="0" />
      </points>
    </arc>
  </page>
  <page id="page3" name="ABP">
    <place id="id16" name="start" initialmarking="1" portdir="None" capacity="0">
      <location x="354" y="423" />
      <size width="50" height="30" />
    </place>
    <transition id="id14" name="PUT" portdir="None">
      <location x="89" y="428" />
      <size width="50" height="20" />
    </transition>
    <transition id="id15" name="GET" portdir="None">
      <location x="632" y="422" />
      <size width="50" height="20" />
    </transition>
    <subpage id="id0" original="page1" name="send">
      <location x="150" y="219" />
      <size width="50" height="270" />
      <port id="id0.port0" name="indata" originalid="id0" type="place" initialMarking="0" portdir="None">
        <location x="85" y="212" />
        <size width="60" height="30" />
      </port>
      <port id="id0.port1" name="msg0" originalid="id12" type="place" initialMarking="0" portdir="None">
        <location x="214" y="107" />
        <size width="60" height="30" />
      </port>
      <port id="id0.port2" name="ack0" originalid="id19" type="place" initialMarking="0" portdir="None">
        <location x="215" y="239" />
        <size width="60" height="30" />
      </port>
      <port id="id0.port3" name="error" originalid="id20" type="place" initialMarking="0" portdir="None">
        <location x="217" y="322" />
        <size width="60" height="30" />
      </port>
      <port id="id0.port4" name="ack1" originalid="id21" type="place" initialMarking="0" portdir="None">
        <location x="216" y="279" />
        <size width="60" height="30" />
      </port>
      <port id="id0.port5" name="msg1" originalid="id22" type="place" initialMarking="0" portdir="None">
        <location x="215" y="154" />
        <size width="60" height="30" />
      </port>
    </subpage>
    <subpage id="id1" original="page0" name="medium">
      <location x="353" y="150" />
      <size width="50" height="130" />
      <port id="id1.port0" name="in0" originalid="id0" type="transition" portdir="None">
        <location x="304" y="108" />
        <size width="30" height="30" />
      </port>
      <port id="id1.port1" name="out0" originalid="id2" type="transition" portdir="None">
        <location x="401" y="106" />
        <size width="30" height="30" />
      </port>
      <port id="id1.port2" name="in1" originalid="id16" type="transition" portdir="None">
        <location x="303" y="155" />
        <size width="30" height="30" />
      </port>
      <port id="id1.port3" name="out1" originalid="id18" type="transition" portdir="None">
        <location x="402" y="153" />
        <size width="30" height="30" />
      </port>
      <port id="id1.port4" name="error" originalid="id31" type="transition" portdir="None">
        <location x="402" y="196" />
        <size width="30" height="30" />
      </port>
    </subpage>
    <subpage id="id2" original="page0" name="medium">
      <location x="353" y="289" />
      <size width="50" height="130" />
      <port id="id2.port0" name="in0" originalid="id0" type="transition" portdir="None">
        <location x="403" y="243" />
        <size width="30" height="30" />
      </port>
      <port id="id2.port1" name="out0" originalid="id2" type="transition" portdir="None">
        <location x="307" y="241" />
        <size width="30" height="30" />
      </port>
      <port id="id2.port2" name="in1" originalid="id16" type="transition" portdir="None">
        <location x="403" y="281" />
        <size width="30" height="30" />
      </port>
      <port id="id2.port3" name="out1" originalid="id18" type="transition" portdir="None">
        <location x="307" y="282" />
        <size width="30" height="30" />
      </port>
      <port id="id2.port4" name="error" originalid="id31" type="transition" portdir="None">
        <location x="308" y="322" />
        <size width="30" height="30" />
      </port>
    </subpage>
    <subpage id="id3" original="page2" name="receive">
      <location x="563" y="223" />
      <size width="50" height="270" />
      <port id="id3.port0" name="outdata" originalid="id32" type="place" initialMarking="0" portdir="None">
        <location x="630" y="209" />
        <size width="60" height="30" />
      </port>
      <port id="id3.port1" name="msg0" originalid="id0" type="place" initialMarking="0" portdir="None">
        <location x="499" y="105" />
        <size width="60" height="30" />
      </port>
      <port id="id3.port2" name="error" originalid="id21" type="place" initialMarking="0" portdir="None">
        <location x="501" y="197" />
        <size width="60" height="30" />
      </port>
      <port id="id3.port3" name="msg1" originalid="id51" type="place" initialMarking="0" portdir="None">
        <location x="500" y="150" />
        <size width="60" height="30" />
      </port>
      <port id="id3.port4" name="ack0" originalid="id20" type="place" initialMarking="0" portdir="None">
        <location x="503" y="240" />
        <size width="60" height="30" />
      </port>
      <port id="id3.port5" name="ack1" originalid="id23" type="place" initialMarking="0" portdir="None">
        <location x="502" y="281" />
        <size width="60" height="30" />
      </port>
    </subpage>
    <arc id="id4" source="id0.port1" target="id1.port0" delay="0" weight="1">
      <points>
        <point x="243" y="107" />
        <point x="289" y="107" />
      </points>
    </arc>
    <arc id="id5" source="id0.port5" target="id1.port2" delay="0" weight="1">
      <points>
        <point x="244" y="154" />
        <point x="288" y="154" />
      </points>
    </arc>
    <arc id="id6" source="id1.port1" target="id3.port1" delay="0" weight="1">
      <points>
        <point x="416" y="105" />
        <point x="469" y="105" />
      </points>
    </arc>
    <arc id="id7" source="id1.port3" target="id3.port3" delay="0" weight="1">
      <points>
        <point x="417" y="150" />
        <point x="470" y="150" />
      </points>
    </arc>
    <arc id="id8" source="id1.port4" target="id3.port2" delay="0" weight="1">
      <points>
        <point x="417" y="197" />
        <point x="471" y="197" />
      </points>
    </arc>
    <arc id="id9" source="id3.port4" target="id2.port0" delay="0" weight="1">
      <points>
        <point x="474" y="240" />
        <point x="418" y="240" />
      </points>
    </arc>
    <arc id="id10" source="id3.port5" target="id2.port2" delay="0" weight="1">
      <points>
        <point x="472" y="281" />
        <point x="418" y="281" />
      </points>
    </arc>
    <arc id="id11" source="id2.port1" target="id0.port2" delay="0" weight="1">
      <points>
        <point x="292" y="239" />
        <point x="245" y="239" />
      </points>
    </arc>
    <arc id="id12" source="id2.port3" target="id0.port4" delay="0" weight="1">
      <points>
        <point x="292" y="279" />
        <point x="246" y="279" />
      </points>
    </arc>
    <arc id="id13" source="id2.port4" target="id0.port3" delay="0" weight="1">
      <points>
        <point x="293" y="322" />
        <point x="247" y="322" />
      </points>
    </arc>
    <arc id="id17" source="id14" target="id0.port0" delay="0" weight="1">
      <points>
        <point x="85" y="418" />
        <point x="85" y="227" />
      </points>
    </arc>
    <arc id="id18" source="id16" target="id14" delay="0" weight="1">
      <points>
        <point x="330" y="423" />
        <point x="114" y="423" />
      </points>
    </arc>
    <arc id="id19" source="id15" target="id16" delay="0" weight="1">
      <points>
        <point x="607" y="423" />
        <point x="379" y="423" />
      </points>
    </arc>
    <arc id="id20" source="id3.port0" target="id15" delay="0" weight="1">
      <points>
        <point x="630" y="223" />
        <point x="630" y="412" />
      </points>
    </arc>
  </page>
</petrinet>