﻿<?xml version="1.0" encoding="utf-8"?>
<petrinet name="Untitled">
  <page id="page0" name="page0">
    <place id="id0" name="p1" initialmarking="1" portdir="None" capacity="0">
      <location x="95" y="196" />
      <size width="50" height="30" />
    </place>
    <place id="id1" name="p2" initialmarking="0" portdir="None" capacity="0">
      <location x="301" y="96" />
      <size width="50" height="30" />
    </place>
    <place id="id2" name="p3" initialmarking="0" portdir="None" capacity="0">
      <location x="555" y="196" />
      <size width="50" height="30" />
    </place>
    <place id="id3" name="p4" initialmarking="1" portdir="None" capacity="0">
      <location x="377" y="192" />
      <size width="50" height="30" />
    </place>
    <place id="id4" name="p5" initialmarking="0" portdir="None" capacity="0">
      <location x="380" y="306" />
      <size width="50" height="30" />
    </place>
    <place id="id5" name="p6" initialmarking="0" portdir="None" capacity="0">
      <location x="551" y="306" />
      <size width="50" height="30" />
    </place>
    <transition id="id6" name="t1" portdir="None">
      <location x="207" y="137" />
      <size width="50" height="20" />
    </transition>
    <transition id="id7" name="t2" portdir="None">
      <location x="209" y="249" />
      <size width="50" height="20" />
    </transition>
    <transition id="id8" name="t3" portdir="None">
      <location x="462" y="152" />
      <size width="50" height="20" />
    </transition>
    <transition id="id9" name="t4" portdir="None">
      <location x="470" y="254" />
      <size width="50" height="20" />
    </transition>
    <transition id="id10" name="t5" portdir="None">
      <location x="310" y="406" />
      <size width="50" height="20" />
    </transition>
    <arc id="id11" source="id0" target="id6" delay="0" weight="1">
      <points>
        <point x="117" y="190" />
        <point x="182" y="147" />
      </points>
    </arc>
    <arc id="id12" source="id6" target="id1" delay="0" weight="1">
      <points>
        <point x="232" y="127" />
        <point x="279" y="102" />
      </points>
    </arc>
    <arc id="id13" source="id1" target="id8" delay="0" weight="1">
      <points>
        <point x="324" y="100" />
        <point x="437" y="142" />
      </points>
    </arc>
    <arc id="id14" source="id2" target="id8" delay="0" weight="1">
      <points>
        <point x="533" y="190" />
        <point x="487" y="162" />
      </points>
    </arc>
    <arc id="id15" source="id8" target="id3" delay="0" weight="1">
      <points>
        <point x="437" y="162" />
        <point x="399" y="186" />
      </points>
    </arc>
    <arc id="id16" source="id3" target="id9" delay="0" weight="1">
      <points>
        <point x="397" y="200" />
        <point x="445" y="244" />
      </points>
    </arc>
    <arc id="id17" source="id9" target="id2" delay="0" weight="1">
      <points>
        <point x="495" y="244" />
        <point x="536" y="205" />
      </points>
    </arc>
    <arc id="id18" source="id0" target="id7" delay="0" weight="1">
      <points>
        <point x="117" y="202" />
        <point x="184" y="239" />
      </points>
    </arc>
    <arc id="id19" source="id7" target="id4" delay="0" weight="1">
      <points>
        <point x="234" y="259" />
        <point x="357" y="302" />
      </points>
    </arc>
    <arc id="id20" source="id4" target="id9" delay="0" weight="1">
      <points>
        <point x="401" y="299" />
        <point x="445" y="264" />
      </points>
    </arc>
    <arc id="id21" source="id9" target="id5" delay="0" weight="1">
      <points>
        <point x="495" y="264" />
        <point x="531" y="297" />
      </points>
    </arc>
    <arc id="id22" source="id5" target="id10" delay="0" weight="1">
      <points>
        <point x="528" y="311" />
        <point x="335" y="396" />
      </points>
    </arc>
    <arc id="id23" source="id10" target="id0" delay="0" weight="1">
      <points>
        <point x="285" y="396" />
        <point x="112" y="206" />
      </points>
    </arc>
  </page>
</petrinet>