﻿<?xml version="1.0" encoding="utf-8"?>
<isContainedSiphon isEnd="true">
  <curcuit ref="0" result="true">
    <place ref="F12" />
    <place ref="Section_1" />
    <place ref="Section_12" />
  </curcuit>
  <curcuit ref="1" result="true">
    <place ref="F10" />
    <place ref="Section_10" />
    <place ref="Section_11" />
  </curcuit>
  <curcuit ref="2" result="true">
    <place ref="F9" />
    <place ref="Section_10" />
    <place ref="Section_9" />
  </curcuit>
  <curcuit ref="3" result="true">
    <place ref="F1" />
    <place ref="F10" />
    <place ref="F12" />
    <place ref="F3" />
    <place ref="F5" />
    <place ref="F7" />
    <place ref="F9" />
    <place ref="Section_1" />
    <place ref="Section_10" />
  </curcuit>
  <curcuit ref="4" result="true">
    <place ref="F6" />
    <place ref="Section_6" />
    <place ref="Section_7" />
  </curcuit>
  <curcuit ref="5" result="true">
    <place ref="F1" />
    <place ref="F10" />
    <place ref="F12" />
    <place ref="F3" />
    <place ref="F4" />
    <place ref="F6" />
    <place ref="F7" />
    <place ref="F9" />
    <place ref="Section_1" />
    <place ref="Section_10" />
    <place ref="Section_4" />
    <place ref="Section_7" />
  </curcuit>
  <curcuit ref="6" result="true">
    <place ref="F10" />
    <place ref="F12" />
    <place ref="F2" />
    <place ref="F4" />
    <place ref="F6" />
    <place ref="F7" />
    <place ref="F9" />
    <place ref="Section_10" />
    <place ref="Section_7" />
  </curcuit>
  <curcuit ref="7" result="true">
    <place ref="F7" />
    <place ref="Section_7" />
    <place ref="Section_8" />
  </curcuit>
  <curcuit ref="8" result="true">
    <place ref="F1" />
    <place ref="F10" />
    <place ref="F12" />
    <place ref="F3" />
    <place ref="F5" />
    <place ref="F6" />
    <place ref="F8" />
    <place ref="Section_1" />
    <place ref="Section_6" />
  </curcuit>
  <curcuit ref="9" result="true">
    <place ref="F1" />
    <place ref="F10" />
    <place ref="F12" />
    <place ref="F3" />
    <place ref="F4" />
    <place ref="F6" />
    <place ref="F8" />
    <place ref="Section_1" />
    <place ref="Section_4" />
  </curcuit>
  <curcuit ref="10" result="true">
    <place ref="F10" />
    <place ref="F12" />
    <place ref="F2" />
    <place ref="F4" />
    <place ref="F6" />
    <place ref="F8" />
  </curcuit>
  <curcuit ref="11" result="true">
    <place ref="F8" />
    <place ref="Section_8" />
    <place ref="Section_9" />
  </curcuit>
  <curcuit ref="12" result="true">
    <place ref="F1" />
    <place ref="F10" />
    <place ref="F12" />
    <place ref="F3" />
    <place ref="F5" />
    <place ref="F7" />
    <place ref="F8" />
    <place ref="Section_1" />
    <place ref="Section_8" />
  </curcuit>
  <curcuit ref="13" result="true">
    <place ref="F1" />
    <place ref="Section_1" />
    <place ref="Section_2" />
  </curcuit>
  <curcuit ref="14" result="true">
    <place ref="F11" />
    <place ref="Section_11" />
    <place ref="Section_12" />
  </curcuit>
  <curcuit ref="15" result="true">
    <place ref="F1" />
    <place ref="F10" />
    <place ref="F11" />
    <place ref="F3" />
    <place ref="F5" />
    <place ref="F6" />
    <place ref="F8" />
    <place ref="Section_11" />
    <place ref="Section_6" />
  </curcuit>
  <curcuit ref="16" result="true">
    <place ref="F1" />
    <place ref="F10" />
    <place ref="F11" />
    <place ref="F3" />
    <place ref="F4" />
    <place ref="F6" />
    <place ref="F8" />
    <place ref="Section_11" />
    <place ref="Section_4" />
  </curcuit>
  <curcuit ref="17" result="true">
    <place ref="F1" />
    <place ref="F10" />
    <place ref="F11" />
    <place ref="F2" />
    <place ref="F4" />
    <place ref="F6" />
    <place ref="F8" />
    <place ref="Section_11" />
    <place ref="Section_2" />
  </curcuit>
  <curcuit ref="18" result="true">
    <place ref="F1" />
    <place ref="F10" />
    <place ref="F11" />
    <place ref="F3" />
    <place ref="F5" />
    <place ref="F7" />
    <place ref="F8" />
    <place ref="Section_11" />
    <place ref="Section_8" />
  </curcuit>
  <curcuit ref="19" result="true">
    <place ref="F1" />
    <place ref="F11" />
    <place ref="F3" />
    <place ref="F5" />
    <place ref="F6" />
    <place ref="F8" />
    <place ref="F9" />
    <place ref="Section_6" />
    <place ref="Section_9" />
  </curcuit>
  <curcuit ref="20" result="true">
    <place ref="F1" />
    <place ref="F11" />
    <place ref="F3" />
    <place ref="F4" />
    <place ref="F6" />
    <place ref="F8" />
    <place ref="F9" />
    <place ref="Section_4" />
    <place ref="Section_9" />
  </curcuit>
  <curcuit ref="21" result="true">
    <place ref="F11" />
    <place ref="F12" />
    <place ref="F2" />
    <place ref="F4" />
    <place ref="F6" />
    <place ref="F8" />
    <place ref="F9" />
    <place ref="Section_12" />
    <place ref="Section_9" />
  </curcuit>
  <curcuit ref="22" result="true">
    <place ref="F1" />
    <place ref="F11" />
    <place ref="F2" />
    <place ref="F4" />
    <place ref="F6" />
    <place ref="F8" />
    <place ref="F9" />
    <place ref="Section_2" />
    <place ref="Section_9" />
  </curcuit>
  <curcuit ref="23" result="true">
    <place ref="F1" />
    <place ref="F11" />
    <place ref="F3" />
    <place ref="F5" />
    <place ref="F7" />
    <place ref="F9" />
  </curcuit>
  <curcuit ref="24" result="true">
    <place ref="F1" />
    <place ref="F11" />
    <place ref="F3" />
    <place ref="F4" />
    <place ref="F6" />
    <place ref="F7" />
    <place ref="F9" />
    <place ref="Section_4" />
    <place ref="Section_7" />
  </curcuit>
  <curcuit ref="25" result="true">
    <place ref="F11" />
    <place ref="F12" />
    <place ref="F2" />
    <place ref="F4" />
    <place ref="F6" />
    <place ref="F7" />
    <place ref="F9" />
    <place ref="Section_12" />
    <place ref="Section_7" />
  </curcuit>
  <curcuit ref="26" result="true">
    <place ref="F1" />
    <place ref="F11" />
    <place ref="F2" />
    <place ref="F4" />
    <place ref="F6" />
    <place ref="F7" />
    <place ref="F9" />
    <place ref="Section_2" />
    <place ref="Section_7" />
  </curcuit>
  <curcuit ref="27" result="true">
    <place ref="F3" />
    <place ref="Section_3" />
    <place ref="Section_4" />
  </curcuit>
  <curcuit ref="28" result="true">
    <place ref="F11" />
    <place ref="F12" />
    <place ref="F2" />
    <place ref="F3" />
    <place ref="F5" />
    <place ref="F6" />
    <place ref="F8" />
    <place ref="F9" />
    <place ref="Section_12" />
    <place ref="Section_3" />
    <place ref="Section_6" />
    <place ref="Section_9" />
  </curcuit>
  <curcuit ref="29" result="true">
    <place ref="F11" />
    <place ref="F12" />
    <place ref="F2" />
    <place ref="F3" />
    <place ref="F5" />
    <place ref="F7" />
    <place ref="F9" />
    <place ref="Section_12" />
    <place ref="Section_3" />
  </curcuit>
  <curcuit ref="30" result="true">
    <place ref="F10" />
    <place ref="F12" />
    <place ref="F2" />
    <place ref="F3" />
    <place ref="F5" />
    <place ref="F7" />
    <place ref="F9" />
    <place ref="Section_10" />
    <place ref="Section_3" />
  </curcuit>
  <curcuit ref="31" result="true">
    <place ref="F10" />
    <place ref="F12" />
    <place ref="F2" />
    <place ref="F3" />
    <place ref="F5" />
    <place ref="F6" />
    <place ref="F8" />
    <place ref="Section_3" />
    <place ref="Section_6" />
  </curcuit>
  <curcuit ref="32" result="true">
    <place ref="F10" />
    <place ref="F12" />
    <place ref="F2" />
    <place ref="F3" />
    <place ref="F5" />
    <place ref="F7" />
    <place ref="F8" />
    <place ref="Section_3" />
    <place ref="Section_8" />
  </curcuit>
  <curcuit ref="33" result="true">
    <place ref="F2" />
    <place ref="Section_2" />
    <place ref="Section_3" />
  </curcuit>
  <curcuit ref="34" result="true">
    <place ref="F5" />
    <place ref="Section_5" />
    <place ref="Section_6" />
  </curcuit>
  <curcuit ref="35" result="true">
    <place ref="Section_1" />
    <place ref="Section_10" />
    <place ref="Section_11" />
    <place ref="Section_12" />
    <place ref="Section_2" />
    <place ref="Section_3" />
    <place ref="Section_4" />
    <place ref="Section_5" />
    <place ref="Section_6" />
    <place ref="Section_7" />
    <place ref="Section_8" />
    <place ref="Section_9" />
  </curcuit>
  <curcuit ref="36" result="true">
    <place ref="F4" />
    <place ref="Section_4" />
    <place ref="Section_5" />
  </curcuit>
  <curcuit ref="37" result="true">
    <place ref="F11" />
    <place ref="F12" />
    <place ref="F2" />
    <place ref="F4" />
    <place ref="F5" />
    <place ref="F7" />
    <place ref="F9" />
    <place ref="Section_12" />
    <place ref="Section_5" />
  </curcuit>
  <curcuit ref="38" result="true">
    <place ref="F10" />
    <place ref="F12" />
    <place ref="F2" />
    <place ref="F4" />
    <place ref="F5" />
    <place ref="F7" />
    <place ref="F9" />
    <place ref="Section_10" />
    <place ref="Section_5" />
  </curcuit>
  <curcuit ref="39" result="true">
    <place ref="F10" />
    <place ref="F12" />
    <place ref="F2" />
    <place ref="F4" />
    <place ref="F5" />
    <place ref="F7" />
    <place ref="F8" />
    <place ref="Section_5" />
    <place ref="Section_8" />
  </curcuit>
  <curcuit ref="40" result="true">
    <place ref="F1" />
    <place ref="F10" />
    <place ref="F11" />
    <place ref="F2" />
    <place ref="F4" />
    <place ref="F5" />
    <place ref="F7" />
    <place ref="F8" />
    <place ref="Section_11" />
    <place ref="Section_2" />
    <place ref="Section_5" />
    <place ref="Section_8" />
  </curcuit>
  <curcuit ref="41" result="true">
    <place ref="F1" />
    <place ref="F11" />
    <place ref="F2" />
    <place ref="F4" />
    <place ref="F5" />
    <place ref="F7" />
    <place ref="F9" />
    <place ref="Section_2" />
    <place ref="Section_5" />
  </curcuit>
</isContainedSiphon>