﻿<?xml version="1.0" encoding="utf-8"?>
<curcuitfile isEnd="true">
  <curcuit id="0">
    <place ref="F12" />
    <place ref="Section_1" />
    <place ref="Section_12" />
  </curcuit>
  <curcuit id="1">
    <place ref="F10" />
    <place ref="Section_10" />
    <place ref="Section_11" />
  </curcuit>
  <curcuit id="2">
    <place ref="F9" />
    <place ref="Section_10" />
    <place ref="Section_9" />
  </curcuit>
  <curcuit id="3">
    <place ref="F1" />
    <place ref="F10" />
    <place ref="F12" />
    <place ref="F3" />
    <place ref="F5" />
    <place ref="F7" />
    <place ref="F9" />
    <place ref="Section_1" />
    <place ref="Section_10" />
  </curcuit>
  <curcuit id="4">
    <place ref="F6" />
    <place ref="Section_6" />
    <place ref="Section_7" />
  </curcuit>
  <curcuit id="5">
    <place ref="F1" />
    <place ref="F10" />
    <place ref="F12" />
    <place ref="F3" />
    <place ref="F4" />
    <place ref="F6" />
    <place ref="F7" />
    <place ref="F9" />
    <place ref="Section_1" />
    <place ref="Section_10" />
    <place ref="Section_4" />
    <place ref="Section_7" />
  </curcuit>
  <curcuit id="6">
    <place ref="F10" />
    <place ref="F12" />
    <place ref="F2" />
    <place ref="F4" />
    <place ref="F6" />
    <place ref="F7" />
    <place ref="F9" />
    <place ref="Section_10" />
    <place ref="Section_7" />
  </curcuit>
  <curcuit id="7">
    <place ref="F7" />
    <place ref="Section_7" />
    <place ref="Section_8" />
  </curcuit>
  <curcuit id="8">
    <place ref="F1" />
    <place ref="F10" />
    <place ref="F12" />
    <place ref="F3" />
    <place ref="F5" />
    <place ref="F6" />
    <place ref="F8" />
    <place ref="Section_1" />
    <place ref="Section_6" />
  </curcuit>
  <curcuit id="9">
    <place ref="F1" />
    <place ref="F10" />
    <place ref="F12" />
    <place ref="F3" />
    <place ref="F4" />
    <place ref="F6" />
    <place ref="F8" />
    <place ref="Section_1" />
    <place ref="Section_4" />
  </curcuit>
  <curcuit id="10">
    <place ref="F10" />
    <place ref="F12" />
    <place ref="F2" />
    <place ref="F4" />
    <place ref="F6" />
    <place ref="F8" />
  </curcuit>
  <curcuit id="11">
    <place ref="F8" />
    <place ref="Section_8" />
    <place ref="Section_9" />
  </curcuit>
  <curcuit id="12">
    <place ref="F1" />
    <place ref="F10" />
    <place ref="F12" />
    <place ref="F3" />
    <place ref="F5" />
    <place ref="F7" />
    <place ref="F8" />
    <place ref="Section_1" />
    <place ref="Section_8" />
  </curcuit>
  <curcuit id="13">
    <place ref="F1" />
    <place ref="Section_1" />
    <place ref="Section_2" />
  </curcuit>
  <curcuit id="14">
    <place ref="F11" />
    <place ref="Section_11" />
    <place ref="Section_12" />
  </curcuit>
  <curcuit id="15">
    <place ref="F1" />
    <place ref="F10" />
    <place ref="F11" />
    <place ref="F3" />
    <place ref="F5" />
    <place ref="F6" />
    <place ref="F8" />
    <place ref="Section_11" />
    <place ref="Section_6" />
  </curcuit>
  <curcuit id="16">
    <place ref="F1" />
    <place ref="F10" />
    <place ref="F11" />
    <place ref="F3" />
    <place ref="F4" />
    <place ref="F6" />
    <place ref="F8" />
    <place ref="Section_11" />
    <place ref="Section_4" />
  </curcuit>
  <curcuit id="17">
    <place ref="F1" />
    <place ref="F10" />
    <place ref="F11" />
    <place ref="F2" />
    <place ref="F4" />
    <place ref="F6" />
    <place ref="F8" />
    <place ref="Section_11" />
    <place ref="Section_2" />
  </curcuit>
  <curcuit id="18">
    <place ref="F1" />
    <place ref="F10" />
    <place ref="F11" />
    <place ref="F3" />
    <place ref="F5" />
    <place ref="F7" />
    <place ref="F8" />
    <place ref="Section_11" />
    <place ref="Section_8" />
  </curcuit>
  <curcuit id="19">
    <place ref="F1" />
    <place ref="F11" />
    <place ref="F3" />
    <place ref="F5" />
    <place ref="F6" />
    <place ref="F8" />
    <place ref="F9" />
    <place ref="Section_6" />
    <place ref="Section_9" />
  </curcuit>
  <curcuit id="20">
    <place ref="F1" />
    <place ref="F11" />
    <place ref="F3" />
    <place ref="F4" />
    <place ref="F6" />
    <place ref="F8" />
    <place ref="F9" />
    <place ref="Section_4" />
    <place ref="Section_9" />
  </curcuit>
  <curcuit id="21">
    <place ref="F11" />
    <place ref="F12" />
    <place ref="F2" />
    <place ref="F4" />
    <place ref="F6" />
    <place ref="F8" />
    <place ref="F9" />
    <place ref="Section_12" />
    <place ref="Section_9" />
  </curcuit>
  <curcuit id="22">
    <place ref="F1" />
    <place ref="F11" />
    <place ref="F2" />
    <place ref="F4" />
    <place ref="F6" />
    <place ref="F8" />
    <place ref="F9" />
    <place ref="Section_2" />
    <place ref="Section_9" />
  </curcuit>
  <curcuit id="23">
    <place ref="F1" />
    <place ref="F11" />
    <place ref="F3" />
    <place ref="F5" />
    <place ref="F7" />
    <place ref="F9" />
  </curcuit>
  <curcuit id="24">
    <place ref="F1" />
    <place ref="F11" />
    <place ref="F3" />
    <place ref="F4" />
    <place ref="F6" />
    <place ref="F7" />
    <place ref="F9" />
    <place ref="Section_4" />
    <place ref="Section_7" />
  </curcuit>
  <curcuit id="25">
    <place ref="F11" />
    <place ref="F12" />
    <place ref="F2" />
    <place ref="F4" />
    <place ref="F6" />
    <place ref="F7" />
    <place ref="F9" />
    <place ref="Section_12" />
    <place ref="Section_7" />
  </curcuit>
  <curcuit id="26">
    <place ref="F1" />
    <place ref="F11" />
    <place ref="F2" />
    <place ref="F4" />
    <place ref="F6" />
    <place ref="F7" />
    <place ref="F9" />
    <place ref="Section_2" />
    <place ref="Section_7" />
  </curcuit>
  <curcuit id="27">
    <place ref="F3" />
    <place ref="Section_3" />
    <place ref="Section_4" />
  </curcuit>
  <curcuit id="28">
    <place ref="F11" />
    <place ref="F12" />
    <place ref="F2" />
    <place ref="F3" />
    <place ref="F5" />
    <place ref="F6" />
    <place ref="F8" />
    <place ref="F9" />
    <place ref="Section_12" />
    <place ref="Section_3" />
    <place ref="Section_6" />
    <place ref="Section_9" />
  </curcuit>
  <curcuit id="29">
    <place ref="F11" />
    <place ref="F12" />
    <place ref="F2" />
    <place ref="F3" />
    <place ref="F5" />
    <place ref="F7" />
    <place ref="F9" />
    <place ref="Section_12" />
    <place ref="Section_3" />
  </curcuit>
  <curcuit id="30">
    <place ref="F10" />
    <place ref="F12" />
    <place ref="F2" />
    <place ref="F3" />
    <place ref="F5" />
    <place ref="F7" />
    <place ref="F9" />
    <place ref="Section_10" />
    <place ref="Section_3" />
  </curcuit>
  <curcuit id="31">
    <place ref="F10" />
    <place ref="F12" />
    <place ref="F2" />
    <place ref="F3" />
    <place ref="F5" />
    <place ref="F6" />
    <place ref="F8" />
    <place ref="Section_3" />
    <place ref="Section_6" />
  </curcuit>
  <curcuit id="32">
    <place ref="F10" />
    <place ref="F12" />
    <place ref="F2" />
    <place ref="F3" />
    <place ref="F5" />
    <place ref="F7" />
    <place ref="F8" />
    <place ref="Section_3" />
    <place ref="Section_8" />
  </curcuit>
  <curcuit id="33">
    <place ref="F2" />
    <place ref="Section_2" />
    <place ref="Section_3" />
  </curcuit>
  <curcuit id="34">
    <place ref="F5" />
    <place ref="Section_5" />
    <place ref="Section_6" />
  </curcuit>
  <curcuit id="35">
    <place ref="Section_1" />
    <place ref="Section_10" />
    <place ref="Section_11" />
    <place ref="Section_12" />
    <place ref="Section_2" />
    <place ref="Section_3" />
    <place ref="Section_4" />
    <place ref="Section_5" />
    <place ref="Section_6" />
    <place ref="Section_7" />
    <place ref="Section_8" />
    <place ref="Section_9" />
  </curcuit>
  <curcuit id="36">
    <place ref="F4" />
    <place ref="Section_4" />
    <place ref="Section_5" />
  </curcuit>
  <curcuit id="37">
    <place ref="F11" />
    <place ref="F12" />
    <place ref="F2" />
    <place ref="F4" />
    <place ref="F5" />
    <place ref="F7" />
    <place ref="F9" />
    <place ref="Section_12" />
    <place ref="Section_5" />
  </curcuit>
  <curcuit id="38">
    <place ref="F10" />
    <place ref="F12" />
    <place ref="F2" />
    <place ref="F4" />
    <place ref="F5" />
    <place ref="F7" />
    <place ref="F9" />
    <place ref="Section_10" />
    <place ref="Section_5" />
  </curcuit>
  <curcuit id="39">
    <place ref="F10" />
    <place ref="F12" />
    <place ref="F2" />
    <place ref="F4" />
    <place ref="F5" />
    <place ref="F7" />
    <place ref="F8" />
    <place ref="Section_5" />
    <place ref="Section_8" />
  </curcuit>
  <curcuit id="40">
    <place ref="F1" />
    <place ref="F10" />
    <place ref="F11" />
    <place ref="F2" />
    <place ref="F4" />
    <place ref="F5" />
    <place ref="F7" />
    <place ref="F8" />
    <place ref="Section_11" />
    <place ref="Section_2" />
    <place ref="Section_5" />
    <place ref="Section_8" />
  </curcuit>
  <curcuit id="41">
    <place ref="F1" />
    <place ref="F11" />
    <place ref="F2" />
    <place ref="F4" />
    <place ref="F5" />
    <place ref="F7" />
    <place ref="F9" />
    <place ref="Section_2" />
    <place ref="Section_5" />
  </curcuit>
</curcuitfile>