﻿<?xml version="1.0" encoding="utf-8"?>
<isContainedSiphon isEnd="true">
  <curcuit ref="0" result="true">
    <place ref="A2" />
  </curcuit>
  <curcuit ref="1" result="true">
    <place ref="A2" />
  </curcuit>
  <curcuit ref="2" result="true">
    <place ref="A3" />
  </curcuit>
  <curcuit ref="3" result="true">
    <place ref="A3" />
  </curcuit>
  <curcuit ref="4" result="true">
    <place ref="A3" />
  </curcuit>
  <curcuit ref="5" result="true">
    <place ref="A4" />
  </curcuit>
  <curcuit ref="6" result="true">
    <place ref="A4" />
  </curcuit>
  <curcuit ref="7" result="true">
    <place ref="A4" />
  </curcuit>
  <curcuit ref="8" result="true">
    <place ref="A4" />
  </curcuit>
  <curcuit ref="9" result="false" />
  <curcuit ref="10" result="true">
    <place ref="A4" />
  </curcuit>
  <curcuit ref="11" result="true">
    <place ref="A4" />
  </curcuit>
  <curcuit ref="12" result="true">
    <place ref="A4" />
  </curcuit>
  <curcuit ref="13" result="true">
    <place ref="A4" />
  </curcuit>
  <curcuit ref="14" result="false" />
  <curcuit ref="15" result="true">
    <place ref="A4" />
  </curcuit>
  <curcuit ref="16" result="true">
    <place ref="A4" />
  </curcuit>
  <curcuit ref="17" result="true">
    <place ref="A4" />
  </curcuit>
  <curcuit ref="18" result="false" />
  <curcuit ref="19" result="true">
    <place ref="A7" />
  </curcuit>
  <curcuit ref="20" result="true">
    <place ref="A7" />
  </curcuit>
  <curcuit ref="21" result="true">
    <place ref="A7" />
  </curcuit>
  <curcuit ref="22" result="true">
    <place ref="A7" />
  </curcuit>
  <curcuit ref="23" result="true">
    <place ref="A7" />
  </curcuit>
  <curcuit ref="24" result="true">
    <place ref="A8" />
  </curcuit>
  <curcuit ref="25" result="true">
    <place ref="A9" />
  </curcuit>
  <curcuit ref="26" result="true">
    <place ref="A9" />
  </curcuit>
  <curcuit ref="27" result="true">
    <place ref="A9" />
  </curcuit>
  <curcuit ref="28" result="true">
    <place ref="A9" />
  </curcuit>
  <curcuit ref="29" result="true">
    <place ref="A9" />
  </curcuit>
  <curcuit ref="30" result="true">
    <place ref="A9" />
  </curcuit>
  <curcuit ref="31" result="true">
    <place ref="A9" />
  </curcuit>
  <curcuit ref="32" result="true">
    <place ref="A9" />
  </curcuit>
  <curcuit ref="33" result="true">
    <place ref="A10" />
  </curcuit>
  <curcuit ref="34" result="true">
    <place ref="A9" />
  </curcuit>
  <curcuit ref="35" result="true">
    <place ref="A9" />
  </curcuit>
  <curcuit ref="36" result="true">
    <place ref="A9" />
  </curcuit>
  <curcuit ref="37" result="true">
    <place ref="A9" />
  </curcuit>
  <curcuit ref="38" result="true">
    <place ref="A9" />
  </curcuit>
  <curcuit ref="39" result="true">
    <place ref="A9" />
  </curcuit>
  <curcuit ref="40" result="true">
    <place ref="A11" />
  </curcuit>
  <curcuit ref="41" result="true">
    <place ref="A9" />
  </curcuit>
  <curcuit ref="42" result="true">
    <place ref="A9" />
  </curcuit>
  <curcuit ref="43" result="true">
    <place ref="A9" />
  </curcuit>
  <curcuit ref="44" result="true">
    <place ref="A9" />
  </curcuit>
  <curcuit ref="45" result="true">
    <place ref="A11" />
  </curcuit>
  <curcuit ref="46" result="true">
    <place ref="A12" />
  </curcuit>
  <curcuit ref="47" result="true">
    <place ref="A9" />
  </curcuit>
  <curcuit ref="48" result="true">
    <place ref="A9" />
  </curcuit>
  <curcuit ref="49" result="true">
    <place ref="A9" />
  </curcuit>
  <curcuit ref="50" result="true">
    <place ref="A9" />
  </curcuit>
  <curcuit ref="51" result="true">
    <place ref="A9" />
  </curcuit>
  <curcuit ref="52" result="true">
    <place ref="A9" />
  </curcuit>
  <curcuit ref="53" result="true">
    <place ref="A9" />
  </curcuit>
  <curcuit ref="54" result="true">
    <place ref="A9" />
  </curcuit>
  <curcuit ref="55" result="true">
    <place ref="A9" />
  </curcuit>
  <curcuit ref="56" result="true">
    <place ref="A9" />
  </curcuit>
  <curcuit ref="57" result="true">
    <place ref="A9" />
  </curcuit>
  <curcuit ref="58" result="true">
    <place ref="A9" />
  </curcuit>
  <curcuit ref="59" result="true">
    <place ref="A9" />
  </curcuit>
  <curcuit ref="60" result="true">
    <place ref="A9" />
  </curcuit>
  <curcuit ref="61" result="true">
    <place ref="A9" />
  </curcuit>
  <curcuit ref="62" result="true">
    <place ref="A9" />
  </curcuit>
  <curcuit ref="63" result="true">
    <place ref="A9" />
  </curcuit>
  <curcuit ref="64" result="true">
    <place ref="A9" />
  </curcuit>
  <curcuit ref="65" result="true">
    <place ref="A9" />
  </curcuit>
  <curcuit ref="66" result="true">
    <place ref="A9" />
  </curcuit>
  <curcuit ref="67" result="true">
    <place ref="A9" />
  </curcuit>
  <curcuit ref="68" result="true">
    <place ref="A9" />
  </curcuit>
  <curcuit ref="69" result="true">
    <place ref="A9" />
  </curcuit>
  <curcuit ref="70" result="true">
    <place ref="A9" />
  </curcuit>
  <curcuit ref="71" result="true">
    <place ref="A9" />
  </curcuit>
  <curcuit ref="72" result="true">
    <place ref="A4" />
  </curcuit>
  <curcuit ref="73" result="true">
    <place ref="A4" />
  </curcuit>
  <curcuit ref="74" result="true">
    <place ref="A4" />
  </curcuit>
  <curcuit ref="75" result="true">
    <place ref="A10" />
  </curcuit>
  <curcuit ref="76" result="true">
    <place ref="A10" />
  </curcuit>
  <curcuit ref="77" result="true">
    <place ref="A9" />
  </curcuit>
  <curcuit ref="78" result="true">
    <place ref="A4" />
  </curcuit>
  <curcuit ref="79" result="true">
    <place ref="A4" />
  </curcuit>
  <curcuit ref="80" result="true">
    <place ref="A11" />
  </curcuit>
  <curcuit ref="81" result="true">
    <place ref="A9" />
  </curcuit>
  <curcuit ref="82" result="true">
    <place ref="A7" />
  </curcuit>
  <curcuit ref="83" result="true">
    <place ref="A7" />
  </curcuit>
  <curcuit ref="84" result="true">
    <place ref="A7" />
  </curcuit>
  <curcuit ref="85" result="true">
    <place ref="A7" />
  </curcuit>
  <curcuit ref="86" result="true">
    <place ref="A7" />
  </curcuit>
  <curcuit ref="87" result="true">
    <place ref="A7" />
  </curcuit>
  <curcuit ref="88" result="true">
    <place ref="A7" />
  </curcuit>
  <curcuit ref="89" result="true">
    <place ref="A7" />
  </curcuit>
  <curcuit ref="90" result="true">
    <place ref="A9" />
  </curcuit>
  <curcuit ref="91" result="true">
    <place ref="A7" />
  </curcuit>
  <curcuit ref="92" result="true">
    <place ref="A7" />
  </curcuit>
  <curcuit ref="93" result="true">
    <place ref="A7" />
  </curcuit>
  <curcuit ref="94" result="true">
    <place ref="A9" />
  </curcuit>
  <curcuit ref="95" result="true">
    <place ref="A9" />
  </curcuit>
  <curcuit ref="96" result="true">
    <place ref="A9" />
  </curcuit>
  <curcuit ref="97" result="true">
    <place ref="A9" />
  </curcuit>
  <curcuit ref="98" result="true">
    <place ref="A9" />
  </curcuit>
  <curcuit ref="99" result="true">
    <place ref="A9" />
  </curcuit>
  <curcuit ref="100" result="true">
    <place ref="A9" />
  </curcuit>
  <curcuit ref="101" result="true">
    <place ref="A9" />
  </curcuit>
  <curcuit ref="102" result="true">
    <place ref="A9" />
  </curcuit>
  <curcuit ref="103" result="true">
    <place ref="A9" />
  </curcuit>
  <curcuit ref="104" result="true">
    <place ref="A9" />
  </curcuit>
  <curcuit ref="105" result="true">
    <place ref="A9" />
  </curcuit>
  <curcuit ref="106" result="true">
    <place ref="A9" />
  </curcuit>
  <curcuit ref="107" result="true">
    <place ref="A9" />
  </curcuit>
  <curcuit ref="108" result="true">
    <place ref="A9" />
  </curcuit>
  <curcuit ref="109" result="true">
    <place ref="A9" />
  </curcuit>
  <curcuit ref="110" result="true">
    <place ref="A9" />
  </curcuit>
  <curcuit ref="111" result="true">
    <place ref="A9" />
  </curcuit>
  <curcuit ref="112" result="true">
    <place ref="A9" />
  </curcuit>
  <curcuit ref="113" result="true">
    <place ref="A9" />
  </curcuit>
  <curcuit ref="114" result="true">
    <place ref="A9" />
  </curcuit>
  <curcuit ref="115" result="true">
    <place ref="A9" />
  </curcuit>
  <curcuit ref="116" result="true">
    <place ref="A9" />
  </curcuit>
  <curcuit ref="117" result="true">
    <place ref="A9" />
  </curcuit>
  <curcuit ref="118" result="true">
    <place ref="A9" />
  </curcuit>
  <curcuit ref="119" result="true">
    <place ref="A9" />
  </curcuit>
  <curcuit ref="120" result="true">
    <place ref="A9" />
  </curcuit>
  <curcuit ref="121" result="true">
    <place ref="A9" />
  </curcuit>
  <curcuit ref="122" result="true">
    <place ref="A9" />
  </curcuit>
  <curcuit ref="123" result="true">
    <place ref="A9" />
  </curcuit>
  <curcuit ref="124" result="true">
    <place ref="A9" />
  </curcuit>
  <curcuit ref="125" result="true">
    <place ref="A9" />
  </curcuit>
  <curcuit ref="126" result="true">
    <place ref="A9" />
  </curcuit>
  <curcuit ref="127" result="true">
    <place ref="A4" />
  </curcuit>
  <curcuit ref="128" result="true">
    <place ref="A4" />
  </curcuit>
  <curcuit ref="129" result="true">
    <place ref="A4" />
  </curcuit>
  <curcuit ref="130" result="true">
    <place ref="A10" />
  </curcuit>
  <curcuit ref="131" result="true">
    <place ref="A9" />
  </curcuit>
  <curcuit ref="132" result="true">
    <place ref="A4" />
  </curcuit>
  <curcuit ref="133" result="true">
    <place ref="A4" />
  </curcuit>
  <curcuit ref="134" result="true">
    <place ref="A11" />
  </curcuit>
  <curcuit ref="135" result="true">
    <place ref="A9" />
  </curcuit>
  <curcuit ref="136" result="true">
    <place ref="A4" />
  </curcuit>
  <curcuit ref="137" result="true">
    <place ref="A4" />
  </curcuit>
  <curcuit ref="138" result="true">
    <place ref="A11" />
  </curcuit>
  <curcuit ref="139" result="true">
    <place ref="A9" />
  </curcuit>
  <curcuit ref="140" result="true">
    <place ref="A9" />
  </curcuit>
  <curcuit ref="141" result="true">
    <place ref="A9" />
  </curcuit>
  <curcuit ref="142" result="true">
    <place ref="A9" />
  </curcuit>
  <curcuit ref="143" result="true">
    <place ref="A4" />
  </curcuit>
  <curcuit ref="144" result="true">
    <place ref="A4" />
  </curcuit>
  <curcuit ref="145" result="true">
    <place ref="A4" />
  </curcuit>
  <curcuit ref="146" result="true">
    <place ref="A4" />
  </curcuit>
  <curcuit ref="147" result="true">
    <place ref="A4" />
  </curcuit>
  <curcuit ref="148" result="true">
    <place ref="A4" />
  </curcuit>
  <curcuit ref="149" result="true">
    <place ref="A4" />
  </curcuit>
  <curcuit ref="150" result="true">
    <place ref="A4" />
  </curcuit>
  <curcuit ref="151" result="true">
    <place ref="A9" />
  </curcuit>
  <curcuit ref="152" result="true">
    <place ref="A7" />
  </curcuit>
  <curcuit ref="153" result="true">
    <place ref="A7" />
  </curcuit>
  <curcuit ref="154" result="true">
    <place ref="A7" />
  </curcuit>
  <curcuit ref="155" result="true">
    <place ref="A7" />
  </curcuit>
  <curcuit ref="156" result="true">
    <place ref="A7" />
  </curcuit>
  <curcuit ref="157" result="true">
    <place ref="A9" />
  </curcuit>
  <curcuit ref="158" result="true">
    <place ref="A7" />
  </curcuit>
  <curcuit ref="159" result="true">
    <place ref="A9" />
  </curcuit>
  <curcuit ref="160" result="true">
    <place ref="A9" />
  </curcuit>
  <curcuit ref="161" result="true">
    <place ref="A9" />
  </curcuit>
  <curcuit ref="162" result="true">
    <place ref="A9" />
  </curcuit>
  <curcuit ref="163" result="true">
    <place ref="A9" />
  </curcuit>
  <curcuit ref="164" result="true">
    <place ref="A9" />
  </curcuit>
  <curcuit ref="165" result="true">
    <place ref="A9" />
  </curcuit>
  <curcuit ref="166" result="true">
    <place ref="A9" />
  </curcuit>
  <curcuit ref="167" result="true">
    <place ref="A9" />
  </curcuit>
  <curcuit ref="168" result="true">
    <place ref="A9" />
  </curcuit>
  <curcuit ref="169" result="true">
    <place ref="A9" />
  </curcuit>
  <curcuit ref="170" result="true">
    <place ref="A9" />
  </curcuit>
  <curcuit ref="171" result="true">
    <place ref="A9" />
  </curcuit>
  <curcuit ref="172" result="true">
    <place ref="A9" />
  </curcuit>
  <curcuit ref="173" result="true">
    <place ref="A9" />
  </curcuit>
  <curcuit ref="174" result="true">
    <place ref="A9" />
  </curcuit>
  <curcuit ref="175" result="true">
    <place ref="A9" />
  </curcuit>
  <curcuit ref="176" result="true">
    <place ref="A9" />
  </curcuit>
  <curcuit ref="177" result="true">
    <place ref="A9" />
  </curcuit>
  <curcuit ref="178" result="true">
    <place ref="A9" />
  </curcuit>
  <curcuit ref="179" result="true">
    <place ref="A9" />
  </curcuit>
  <curcuit ref="180" result="true">
    <place ref="A9" />
  </curcuit>
  <curcuit ref="181" result="true">
    <place ref="A9" />
  </curcuit>
  <curcuit ref="182" result="true">
    <place ref="A9" />
  </curcuit>
  <curcuit ref="183" result="true">
    <place ref="A4" />
  </curcuit>
  <curcuit ref="184" result="true">
    <place ref="A4" />
  </curcuit>
  <curcuit ref="185" result="true">
    <place ref="A4" />
  </curcuit>
  <curcuit ref="186" result="true">
    <place ref="A4" />
  </curcuit>
  <curcuit ref="187" result="true">
    <place ref="A9" />
  </curcuit>
  <curcuit ref="188" result="true">
    <place ref="A4" />
  </curcuit>
  <curcuit ref="189" result="true">
    <place ref="A4" />
  </curcuit>
  <curcuit ref="190" result="true">
    <place ref="A4" />
  </curcuit>
  <curcuit ref="191" result="true">
    <place ref="A9" />
  </curcuit>
  <curcuit ref="192" result="true">
    <place ref="A7" />
  </curcuit>
  <curcuit ref="193" result="true">
    <place ref="A7" />
  </curcuit>
  <curcuit ref="194" result="true">
    <place ref="A7" />
  </curcuit>
  <curcuit ref="195" result="true">
    <place ref="A7" />
  </curcuit>
  <curcuit ref="196" result="true">
    <place ref="A7" />
  </curcuit>
  <curcuit ref="197" result="true">
    <place ref="A7" />
  </curcuit>
  <curcuit ref="198" result="true">
    <place ref="A7" />
  </curcuit>
  <curcuit ref="199" result="true">
    <place ref="A9" />
  </curcuit>
  <curcuit ref="200" result="true">
    <place ref="A7" />
  </curcuit>
  <curcuit ref="201" result="true">
    <place ref="A7" />
  </curcuit>
  <curcuit ref="202" result="true">
    <place ref="A9" />
  </curcuit>
  <curcuit ref="203" result="true">
    <place ref="A7" />
  </curcuit>
  <curcuit ref="204" result="true">
    <place ref="A7" />
  </curcuit>
  <curcuit ref="205" result="true">
    <place ref="A9" />
  </curcuit>
  <curcuit ref="206" result="true">
    <place ref="A9" />
  </curcuit>
  <curcuit ref="207" result="true">
    <place ref="A7" />
  </curcuit>
  <curcuit ref="208" result="true">
    <place ref="A7" />
  </curcuit>
  <curcuit ref="209" result="true">
    <place ref="A7" />
  </curcuit>
  <curcuit ref="210" result="true">
    <place ref="A7" />
  </curcuit>
  <curcuit ref="211" result="true">
    <place ref="A7" />
  </curcuit>
  <curcuit ref="212" result="true">
    <place ref="A7" />
  </curcuit>
  <curcuit ref="213" result="true">
    <place ref="A9" />
  </curcuit>
  <curcuit ref="214" result="true">
    <place ref="A7" />
  </curcuit>
  <curcuit ref="215" result="true">
    <place ref="A7" />
  </curcuit>
  <curcuit ref="216" result="true">
    <place ref="A7" />
  </curcuit>
  <curcuit ref="217" result="true">
    <place ref="A9" />
  </curcuit>
  <curcuit ref="218" result="true">
    <place ref="A9" />
  </curcuit>
  <curcuit ref="219" result="true">
    <place ref="A9" />
  </curcuit>
  <curcuit ref="220" result="true">
    <place ref="A9" />
  </curcuit>
  <curcuit ref="221" result="true">
    <place ref="A9" />
  </curcuit>
  <curcuit ref="222" result="true">
    <place ref="A9" />
  </curcuit>
  <curcuit ref="223" result="true">
    <place ref="A9" />
  </curcuit>
  <curcuit ref="224" result="true">
    <place ref="A9" />
  </curcuit>
  <curcuit ref="225" result="true">
    <place ref="A9" />
  </curcuit>
  <curcuit ref="226" result="true">
    <place ref="A9" />
  </curcuit>
  <curcuit ref="227" result="true">
    <place ref="A9" />
  </curcuit>
  <curcuit ref="228" result="true">
    <place ref="A9" />
  </curcuit>
  <curcuit ref="229" result="true">
    <place ref="A9" />
  </curcuit>
  <curcuit ref="230" result="true">
    <place ref="A9" />
  </curcuit>
  <curcuit ref="231" result="true">
    <place ref="A9" />
  </curcuit>
  <curcuit ref="232" result="true">
    <place ref="A9" />
  </curcuit>
  <curcuit ref="233" result="true">
    <place ref="A9" />
  </curcuit>
  <curcuit ref="234" result="true">
    <place ref="A9" />
  </curcuit>
  <curcuit ref="235" result="true">
    <place ref="A9" />
  </curcuit>
  <curcuit ref="236" result="true">
    <place ref="A9" />
  </curcuit>
  <curcuit ref="237" result="true">
    <place ref="A9" />
  </curcuit>
  <curcuit ref="238" result="true">
    <place ref="A9" />
  </curcuit>
  <curcuit ref="239" result="true">
    <place ref="A9" />
  </curcuit>
  <curcuit ref="240" result="true">
    <place ref="A9" />
  </curcuit>
  <curcuit ref="241" result="true">
    <place ref="A9" />
  </curcuit>
  <curcuit ref="242" result="true">
    <place ref="A4" />
  </curcuit>
  <curcuit ref="243" result="true">
    <place ref="A4" />
  </curcuit>
  <curcuit ref="244" result="true">
    <place ref="A4" />
  </curcuit>
  <curcuit ref="245" result="true">
    <place ref="A4" />
  </curcuit>
  <curcuit ref="246" result="true">
    <place ref="A9" />
  </curcuit>
  <curcuit ref="247" result="true">
    <place ref="A4" />
  </curcuit>
  <curcuit ref="248" result="true">
    <place ref="A4" />
  </curcuit>
  <curcuit ref="249" result="true">
    <place ref="A4" />
  </curcuit>
  <curcuit ref="250" result="true">
    <place ref="A9" />
  </curcuit>
  <curcuit ref="251" result="true">
    <place ref="A4" />
  </curcuit>
  <curcuit ref="252" result="true">
    <place ref="A4" />
  </curcuit>
  <curcuit ref="253" result="true">
    <place ref="A4" />
  </curcuit>
  <curcuit ref="254" result="true">
    <place ref="A4" />
  </curcuit>
  <curcuit ref="255" result="true">
    <place ref="A4" />
  </curcuit>
  <curcuit ref="256" result="true">
    <place ref="A7" />
  </curcuit>
  <curcuit ref="257" result="true">
    <place ref="A9" />
  </curcuit>
  <curcuit ref="258" result="true">
    <place ref="A9" />
  </curcuit>
  <curcuit ref="259" result="true">
    <place ref="A9" />
  </curcuit>
  <curcuit ref="260" result="true">
    <place ref="A9" />
  </curcuit>
  <curcuit ref="261" result="true">
    <place ref="A4" />
  </curcuit>
  <curcuit ref="262" result="true">
    <place ref="A4" />
  </curcuit>
  <curcuit ref="263" result="true">
    <place ref="A3" />
  </curcuit>
  <curcuit ref="264" result="true">
    <place ref="A3" />
  </curcuit>
  <curcuit ref="265" result="true">
    <place ref="A3" />
  </curcuit>
  <curcuit ref="266" result="true">
    <place ref="A3" />
  </curcuit>
  <curcuit ref="267" result="true">
    <place ref="A3" />
  </curcuit>
  <curcuit ref="268" result="true">
    <place ref="A7" />
  </curcuit>
  <curcuit ref="269" result="true">
    <place ref="A9" />
  </curcuit>
  <curcuit ref="270" result="true">
    <place ref="A9" />
  </curcuit>
  <curcuit ref="271" result="true">
    <place ref="A9" />
  </curcuit>
  <curcuit ref="272" result="true">
    <place ref="A9" />
  </curcuit>
  <curcuit ref="273" result="true">
    <place ref="A9" />
  </curcuit>
  <curcuit ref="274" result="true">
    <place ref="A9" />
  </curcuit>
  <curcuit ref="275" result="true">
    <place ref="A9" />
  </curcuit>
  <curcuit ref="276" result="true">
    <place ref="A9" />
  </curcuit>
  <curcuit ref="277" result="true">
    <place ref="A9" />
  </curcuit>
  <curcuit ref="278" result="true">
    <place ref="A9" />
  </curcuit>
  <curcuit ref="279" result="true">
    <place ref="A9" />
  </curcuit>
  <curcuit ref="280" result="true">
    <place ref="A9" />
  </curcuit>
  <curcuit ref="281" result="true">
    <place ref="A9" />
  </curcuit>
  <curcuit ref="282" result="true">
    <place ref="A9" />
  </curcuit>
  <curcuit ref="283" result="true">
    <place ref="A9" />
  </curcuit>
  <curcuit ref="284" result="true">
    <place ref="A9" />
  </curcuit>
  <curcuit ref="285" result="true">
    <place ref="A3" />
  </curcuit>
  <curcuit ref="286" result="true">
    <place ref="A3" />
  </curcuit>
  <curcuit ref="287" result="true">
    <place ref="A9" />
  </curcuit>
  <curcuit ref="288" result="true">
    <place ref="A3" />
  </curcuit>
  <curcuit ref="289" result="true">
    <place ref="A9" />
  </curcuit>
  <curcuit ref="290" result="true">
    <place ref="A7" />
  </curcuit>
  <curcuit ref="291" result="true">
    <place ref="A7" />
  </curcuit>
  <curcuit ref="292" result="true">
    <place ref="A7" />
  </curcuit>
  <curcuit ref="293" result="true">
    <place ref="A7" />
  </curcuit>
  <curcuit ref="294" result="true">
    <place ref="A9" />
  </curcuit>
  <curcuit ref="295" result="true">
    <place ref="A7" />
  </curcuit>
  <curcuit ref="296" result="true">
    <place ref="A9" />
  </curcuit>
  <curcuit ref="297" result="true">
    <place ref="A9" />
  </curcuit>
  <curcuit ref="298" result="true">
    <place ref="A9" />
  </curcuit>
  <curcuit ref="299" result="true">
    <place ref="A9" />
  </curcuit>
  <curcuit ref="300" result="true">
    <place ref="A9" />
  </curcuit>
  <curcuit ref="301" result="true">
    <place ref="A9" />
  </curcuit>
  <curcuit ref="302" result="true">
    <place ref="A9" />
  </curcuit>
  <curcuit ref="303" result="true">
    <place ref="A9" />
  </curcuit>
  <curcuit ref="304" result="true">
    <place ref="A9" />
  </curcuit>
  <curcuit ref="305" result="true">
    <place ref="A9" />
  </curcuit>
  <curcuit ref="306" result="true">
    <place ref="A9" />
  </curcuit>
  <curcuit ref="307" result="true">
    <place ref="A9" />
  </curcuit>
  <curcuit ref="308" result="true">
    <place ref="A9" />
  </curcuit>
  <curcuit ref="309" result="true">
    <place ref="A9" />
  </curcuit>
  <curcuit ref="310" result="true">
    <place ref="A9" />
  </curcuit>
  <curcuit ref="311" result="true">
    <place ref="A9" />
  </curcuit>
  <curcuit ref="312" result="true">
    <place ref="A9" />
  </curcuit>
  <curcuit ref="313" result="true">
    <place ref="A3" />
  </curcuit>
  <curcuit ref="314" result="true">
    <place ref="A3" />
  </curcuit>
  <curcuit ref="315" result="true">
    <place ref="A9" />
  </curcuit>
  <curcuit ref="316" result="true">
    <place ref="A3" />
  </curcuit>
  <curcuit ref="317" result="true">
    <place ref="A9" />
  </curcuit>
  <curcuit ref="318" result="true">
    <place ref="A3" />
  </curcuit>
  <curcuit ref="319" result="true">
    <place ref="A9" />
  </curcuit>
  <curcuit ref="320" result="true">
    <place ref="A9" />
  </curcuit>
  <curcuit ref="321" result="true">
    <place ref="A9" />
  </curcuit>
  <curcuit ref="322" result="true">
    <place ref="A9" />
  </curcuit>
  <curcuit ref="323" result="true">
    <place ref="A3" />
  </curcuit>
  <curcuit ref="324" result="true">
    <place ref="A3" />
  </curcuit>
  <curcuit ref="325" result="true">
    <place ref="A3" />
  </curcuit>
  <curcuit ref="326" result="true">
    <place ref="A3" />
  </curcuit>
  <curcuit ref="327" result="true">
    <place ref="A4" />
  </curcuit>
  <curcuit ref="328" result="true">
    <place ref="A4" />
  </curcuit>
  <curcuit ref="329" result="true">
    <place ref="A4" />
  </curcuit>
  <curcuit ref="330" result="true">
    <place ref="A9" />
  </curcuit>
  <curcuit ref="331" result="true">
    <place ref="A3" />
  </curcuit>
  <curcuit ref="332" result="true">
    <place ref="A3" />
  </curcuit>
  <curcuit ref="333" result="true">
    <place ref="A9" />
  </curcuit>
  <curcuit ref="334" result="true">
    <place ref="A7" />
  </curcuit>
  <curcuit ref="335" result="true">
    <place ref="A7" />
  </curcuit>
  <curcuit ref="336" result="true">
    <place ref="A7" />
  </curcuit>
  <curcuit ref="337" result="true">
    <place ref="A7" />
  </curcuit>
  <curcuit ref="338" result="true">
    <place ref="A9" />
  </curcuit>
  <curcuit ref="339" result="true">
    <place ref="A7" />
  </curcuit>
  <curcuit ref="340" result="true">
    <place ref="A7" />
  </curcuit>
  <curcuit ref="341" result="true">
    <place ref="A7" />
  </curcuit>
  <curcuit ref="342" result="true">
    <place ref="A9" />
  </curcuit>
  <curcuit ref="343" result="true">
    <place ref="A7" />
  </curcuit>
  <curcuit ref="344" result="true">
    <place ref="A9" />
  </curcuit>
  <curcuit ref="345" result="true">
    <place ref="A9" />
  </curcuit>
  <curcuit ref="346" result="true">
    <place ref="A9" />
  </curcuit>
  <curcuit ref="347" result="true">
    <place ref="A9" />
  </curcuit>
  <curcuit ref="348" result="true">
    <place ref="A9" />
  </curcuit>
  <curcuit ref="349" result="true">
    <place ref="A9" />
  </curcuit>
  <curcuit ref="350" result="true">
    <place ref="A9" />
  </curcuit>
  <curcuit ref="351" result="true">
    <place ref="A9" />
  </curcuit>
  <curcuit ref="352" result="true">
    <place ref="A9" />
  </curcuit>
  <curcuit ref="353" result="true">
    <place ref="A9" />
  </curcuit>
  <curcuit ref="354" result="true">
    <place ref="A9" />
  </curcuit>
  <curcuit ref="355" result="true">
    <place ref="A9" />
  </curcuit>
  <curcuit ref="356" result="true">
    <place ref="A9" />
  </curcuit>
  <curcuit ref="357" result="true">
    <place ref="A9" />
  </curcuit>
  <curcuit ref="358" result="true">
    <place ref="A9" />
  </curcuit>
  <curcuit ref="359" result="true">
    <place ref="A9" />
  </curcuit>
  <curcuit ref="360" result="true">
    <place ref="A3" />
  </curcuit>
  <curcuit ref="361" result="true">
    <place ref="A3" />
  </curcuit>
  <curcuit ref="362" result="true">
    <place ref="A4" />
  </curcuit>
  <curcuit ref="363" result="true">
    <place ref="A3" />
  </curcuit>
  <curcuit ref="364" result="true">
    <place ref="A9" />
  </curcuit>
  <curcuit ref="365" result="true">
    <place ref="A3" />
  </curcuit>
  <curcuit ref="366" result="true">
    <place ref="A4" />
  </curcuit>
  <curcuit ref="367" result="true">
    <place ref="A3" />
  </curcuit>
  <curcuit ref="368" result="true">
    <place ref="A9" />
  </curcuit>
  <curcuit ref="369" result="true">
    <place ref="A7" />
  </curcuit>
  <curcuit ref="370" result="true">
    <place ref="A7" />
  </curcuit>
  <curcuit ref="371" result="true">
    <place ref="A7" />
  </curcuit>
  <curcuit ref="372" result="true">
    <place ref="A7" />
  </curcuit>
  <curcuit ref="373" result="true">
    <place ref="A7" />
  </curcuit>
  <curcuit ref="374" result="true">
    <place ref="A7" />
  </curcuit>
  <curcuit ref="375" result="true">
    <place ref="A9" />
  </curcuit>
  <curcuit ref="376" result="true">
    <place ref="A7" />
  </curcuit>
  <curcuit ref="377" result="true">
    <place ref="A7" />
  </curcuit>
  <curcuit ref="378" result="true">
    <place ref="A9" />
  </curcuit>
  <curcuit ref="379" result="true">
    <place ref="A7" />
  </curcuit>
  <curcuit ref="380" result="true">
    <place ref="A7" />
  </curcuit>
  <curcuit ref="381" result="true">
    <place ref="A7" />
  </curcuit>
  <curcuit ref="382" result="true">
    <place ref="A9" />
  </curcuit>
  <curcuit ref="383" result="true">
    <place ref="A9" />
  </curcuit>
  <curcuit ref="384" result="true">
    <place ref="A7" />
  </curcuit>
  <curcuit ref="385" result="true">
    <place ref="A7" />
  </curcuit>
  <curcuit ref="386" result="true">
    <place ref="A7" />
  </curcuit>
  <curcuit ref="387" result="true">
    <place ref="A7" />
  </curcuit>
  <curcuit ref="388" result="true">
    <place ref="A7" />
  </curcuit>
  <curcuit ref="389" result="true">
    <place ref="A9" />
  </curcuit>
  <curcuit ref="390" result="true">
    <place ref="A7" />
  </curcuit>
  <curcuit ref="391" result="true">
    <place ref="A9" />
  </curcuit>
  <curcuit ref="392" result="true">
    <place ref="A7" />
  </curcuit>
  <curcuit ref="393" result="true">
    <place ref="A9" />
  </curcuit>
  <curcuit ref="394" result="true">
    <place ref="A9" />
  </curcuit>
  <curcuit ref="395" result="true">
    <place ref="A7" />
  </curcuit>
  <curcuit ref="396" result="true">
    <place ref="A7" />
  </curcuit>
  <curcuit ref="397" result="true">
    <place ref="A7" />
  </curcuit>
  <curcuit ref="398" result="true">
    <place ref="A7" />
  </curcuit>
  <curcuit ref="399" result="true">
    <place ref="A7" />
  </curcuit>
  <curcuit ref="400" result="true">
    <place ref="A7" />
  </curcuit>
  <curcuit ref="401" result="true">
    <place ref="A9" />
  </curcuit>
  <curcuit ref="402" result="true">
    <place ref="A7" />
  </curcuit>
  <curcuit ref="403" result="true">
    <place ref="A7" />
  </curcuit>
  <curcuit ref="404" result="true">
    <place ref="A7" />
  </curcuit>
  <curcuit ref="405" result="true">
    <place ref="A9" />
  </curcuit>
  <curcuit ref="406" result="true">
    <place ref="A9" />
  </curcuit>
  <curcuit ref="407" result="true">
    <place ref="A9" />
  </curcuit>
  <curcuit ref="408" result="true">
    <place ref="A9" />
  </curcuit>
  <curcuit ref="409" result="true">
    <place ref="A9" />
  </curcuit>
  <curcuit ref="410" result="true">
    <place ref="A9" />
  </curcuit>
  <curcuit ref="411" result="true">
    <place ref="A9" />
  </curcuit>
  <curcuit ref="412" result="true">
    <place ref="A9" />
  </curcuit>
  <curcuit ref="413" result="true">
    <place ref="A9" />
  </curcuit>
  <curcuit ref="414" result="true">
    <place ref="A9" />
  </curcuit>
  <curcuit ref="415" result="true">
    <place ref="A9" />
  </curcuit>
  <curcuit ref="416" result="true">
    <place ref="A9" />
  </curcuit>
  <curcuit ref="417" result="true">
    <place ref="A9" />
  </curcuit>
  <curcuit ref="418" result="true">
    <place ref="A9" />
  </curcuit>
  <curcuit ref="419" result="true">
    <place ref="A9" />
  </curcuit>
  <curcuit ref="420" result="true">
    <place ref="A9" />
  </curcuit>
  <curcuit ref="421" result="true">
    <place ref="A9" />
  </curcuit>
  <curcuit ref="422" result="true">
    <place ref="A3" />
  </curcuit>
  <curcuit ref="423" result="true">
    <place ref="A3" />
  </curcuit>
  <curcuit ref="424" result="true">
    <place ref="A4" />
  </curcuit>
  <curcuit ref="425" result="true">
    <place ref="A3" />
  </curcuit>
  <curcuit ref="426" result="true">
    <place ref="A9" />
  </curcuit>
  <curcuit ref="427" result="true">
    <place ref="A3" />
  </curcuit>
  <curcuit ref="428" result="true">
    <place ref="A4" />
  </curcuit>
  <curcuit ref="429" result="true">
    <place ref="A3" />
  </curcuit>
  <curcuit ref="430" result="true">
    <place ref="A9" />
  </curcuit>
  <curcuit ref="431" result="true">
    <place ref="A3" />
  </curcuit>
  <curcuit ref="432" result="true">
    <place ref="A4" />
  </curcuit>
  <curcuit ref="433" result="true">
    <place ref="A4" />
  </curcuit>
  <curcuit ref="434" result="true">
    <place ref="A4" />
  </curcuit>
  <curcuit ref="435" result="true">
    <place ref="A7" />
  </curcuit>
  <curcuit ref="436" result="true">
    <place ref="A3" />
  </curcuit>
  <curcuit ref="437" result="true">
    <place ref="A3" />
  </curcuit>
  <curcuit ref="438" result="true">
    <place ref="A3" />
  </curcuit>
  <curcuit ref="439" result="true">
    <place ref="A7" />
  </curcuit>
  <curcuit ref="440" result="true">
    <place ref="A9" />
  </curcuit>
  <curcuit ref="441" result="true">
    <place ref="A9" />
  </curcuit>
  <curcuit ref="442" result="true">
    <place ref="A9" />
  </curcuit>
  <curcuit ref="443" result="true">
    <place ref="A9" />
  </curcuit>
  <curcuit ref="444" result="true">
    <place ref="A3" />
  </curcuit>
  <curcuit ref="445" result="true">
    <place ref="A3" />
  </curcuit>
  <curcuit ref="446" result="true">
    <place ref="A4" />
  </curcuit>
  <curcuit ref="447" result="true">
    <place ref="A4" />
  </curcuit>
  <curcuit ref="448" result="true">
    <place ref="A4" />
  </curcuit>
  <curcuit ref="449" result="true">
    <place ref="A4" />
  </curcuit>
  <curcuit ref="450" result="true">
    <place ref="A4" />
  </curcuit>
  <curcuit ref="451" result="true">
    <place ref="A9" />
  </curcuit>
  <curcuit ref="452" result="true">
    <place ref="A9" />
  </curcuit>
  <curcuit ref="453" result="true">
    <place ref="A9" />
  </curcuit>
  <curcuit ref="454" result="true">
    <place ref="A9" />
  </curcuit>
  <curcuit ref="455" result="true">
    <place ref="A9" />
  </curcuit>
  <curcuit ref="456" result="true">
    <place ref="A9" />
  </curcuit>
  <curcuit ref="457" result="true">
    <place ref="A9" />
  </curcuit>
  <curcuit ref="458" result="true">
    <place ref="A9" />
  </curcuit>
  <curcuit ref="459" result="true">
    <place ref="A4" />
  </curcuit>
  <curcuit ref="460" result="true">
    <place ref="A9" />
  </curcuit>
  <curcuit ref="461" result="true">
    <place ref="A9" />
  </curcuit>
  <curcuit ref="462" result="true">
    <place ref="A7" />
  </curcuit>
  <curcuit ref="463" result="true">
    <place ref="A7" />
  </curcuit>
  <curcuit ref="464" result="true">
    <place ref="A9" />
  </curcuit>
  <curcuit ref="465" result="true">
    <place ref="A9" />
  </curcuit>
  <curcuit ref="466" result="true">
    <place ref="A9" />
  </curcuit>
  <curcuit ref="467" result="true">
    <place ref="A9" />
  </curcuit>
  <curcuit ref="468" result="true">
    <place ref="A9" />
  </curcuit>
  <curcuit ref="469" result="true">
    <place ref="A9" />
  </curcuit>
  <curcuit ref="470" result="true">
    <place ref="A9" />
  </curcuit>
  <curcuit ref="471" result="true">
    <place ref="A9" />
  </curcuit>
  <curcuit ref="472" result="true">
    <place ref="A9" />
  </curcuit>
  <curcuit ref="473" result="true">
    <place ref="A9" />
  </curcuit>
  <curcuit ref="474" result="true">
    <place ref="A4" />
  </curcuit>
  <curcuit ref="475" result="true">
    <place ref="A9" />
  </curcuit>
  <curcuit ref="476" result="true">
    <place ref="A9" />
  </curcuit>
  <curcuit ref="477" result="true">
    <place ref="A9" />
  </curcuit>
  <curcuit ref="478" result="true">
    <place ref="A9" />
  </curcuit>
  <curcuit ref="479" result="true">
    <place ref="A9" />
  </curcuit>
  <curcuit ref="480" result="true">
    <place ref="A9" />
  </curcuit>
  <curcuit ref="481" result="true">
    <place ref="A4" />
  </curcuit>
  <curcuit ref="482" result="true">
    <place ref="A4" />
  </curcuit>
  <curcuit ref="483" result="true">
    <place ref="A4" />
  </curcuit>
  <curcuit ref="484" result="true">
    <place ref="A4" />
  </curcuit>
  <curcuit ref="485" result="true">
    <place ref="A9" />
  </curcuit>
  <curcuit ref="486" result="true">
    <place ref="A7" />
  </curcuit>
  <curcuit ref="487" result="true">
    <place ref="A9" />
  </curcuit>
  <curcuit ref="488" result="true">
    <place ref="A7" />
  </curcuit>
  <curcuit ref="489" result="true">
    <place ref="A9" />
  </curcuit>
  <curcuit ref="490" result="true">
    <place ref="A9" />
  </curcuit>
  <curcuit ref="491" result="true">
    <place ref="A9" />
  </curcuit>
  <curcuit ref="492" result="true">
    <place ref="A9" />
  </curcuit>
  <curcuit ref="493" result="true">
    <place ref="A9" />
  </curcuit>
  <curcuit ref="494" result="true">
    <place ref="A9" />
  </curcuit>
  <curcuit ref="495" result="true">
    <place ref="A9" />
  </curcuit>
  <curcuit ref="496" result="true">
    <place ref="A9" />
  </curcuit>
  <curcuit ref="497" result="true">
    <place ref="A4" />
  </curcuit>
  <curcuit ref="498" result="true">
    <place ref="A4" />
  </curcuit>
  <curcuit ref="499" result="true">
    <place ref="A9" />
  </curcuit>
  <curcuit ref="500" result="true">
    <place ref="A4" />
  </curcuit>
  <curcuit ref="501" result="true">
    <place ref="A9" />
  </curcuit>
  <curcuit ref="502" result="true">
    <place ref="A7" />
  </curcuit>
  <curcuit ref="503" result="true">
    <place ref="A7" />
  </curcuit>
  <curcuit ref="504" result="true">
    <place ref="A7" />
  </curcuit>
  <curcuit ref="505" result="true">
    <place ref="A9" />
  </curcuit>
  <curcuit ref="506" result="true">
    <place ref="A9" />
  </curcuit>
  <curcuit ref="507" result="true">
    <place ref="A9" />
  </curcuit>
  <curcuit ref="508" result="true">
    <place ref="A9" />
  </curcuit>
  <curcuit ref="509" result="true">
    <place ref="A7" />
  </curcuit>
  <curcuit ref="510" result="true">
    <place ref="A7" />
  </curcuit>
  <curcuit ref="511" result="true">
    <place ref="A7" />
  </curcuit>
  <curcuit ref="512" result="true">
    <place ref="A7" />
  </curcuit>
  <curcuit ref="513" result="true">
    <place ref="A9" />
  </curcuit>
  <curcuit ref="514" result="true">
    <place ref="A7" />
  </curcuit>
  <curcuit ref="515" result="true">
    <place ref="A9" />
  </curcuit>
  <curcuit ref="516" result="true">
    <place ref="A9" />
  </curcuit>
  <curcuit ref="517" result="true">
    <place ref="A9" />
  </curcuit>
  <curcuit ref="518" result="true">
    <place ref="A9" />
  </curcuit>
  <curcuit ref="519" result="true">
    <place ref="A9" />
  </curcuit>
  <curcuit ref="520" result="true">
    <place ref="A9" />
  </curcuit>
  <curcuit ref="521" result="true">
    <place ref="A9" />
  </curcuit>
  <curcuit ref="522" result="true">
    <place ref="A9" />
  </curcuit>
  <curcuit ref="523" result="true">
    <place ref="A9" />
  </curcuit>
  <curcuit ref="524" result="true">
    <place ref="A4" />
  </curcuit>
  <curcuit ref="525" result="true">
    <place ref="A4" />
  </curcuit>
  <curcuit ref="526" result="true">
    <place ref="A9" />
  </curcuit>
  <curcuit ref="527" result="true">
    <place ref="A4" />
  </curcuit>
  <curcuit ref="528" result="true">
    <place ref="A9" />
  </curcuit>
  <curcuit ref="529" result="true">
    <place ref="A4" />
  </curcuit>
  <curcuit ref="530" result="true">
    <place ref="A4" />
  </curcuit>
  <curcuit ref="531" result="true">
    <place ref="A4" />
  </curcuit>
  <curcuit ref="532" result="true">
    <place ref="A7" />
  </curcuit>
  <curcuit ref="533" result="true">
    <place ref="A9" />
  </curcuit>
  <curcuit ref="534" result="true">
    <place ref="A9" />
  </curcuit>
  <curcuit ref="535" result="true">
    <place ref="A9" />
  </curcuit>
  <curcuit ref="536" result="true">
    <place ref="A9" />
  </curcuit>
  <curcuit ref="537" result="true">
    <place ref="A4" />
  </curcuit>
  <curcuit ref="538" result="true">
    <place ref="A4" />
  </curcuit>
  <curcuit ref="539" result="true">
    <place ref="A2" />
  </curcuit>
  <curcuit ref="540" result="true">
    <place ref="A2" />
  </curcuit>
  <curcuit ref="541" result="true">
    <place ref="A2" />
  </curcuit>
  <curcuit ref="542" result="true">
    <place ref="A9" />
  </curcuit>
  <curcuit ref="543" result="true">
    <place ref="A9" />
  </curcuit>
  <curcuit ref="544" result="true">
    <place ref="A9" />
  </curcuit>
  <curcuit ref="545" result="true">
    <place ref="A9" />
  </curcuit>
  <curcuit ref="546" result="true">
    <place ref="A9" />
  </curcuit>
  <curcuit ref="547" result="true">
    <place ref="A9" />
  </curcuit>
  <curcuit ref="548" result="true">
    <place ref="A9" />
  </curcuit>
  <curcuit ref="549" result="true">
    <place ref="A9" />
  </curcuit>
  <curcuit ref="550" result="true">
    <place ref="A2" />
  </curcuit>
  <curcuit ref="551" result="true">
    <place ref="A9" />
  </curcuit>
  <curcuit ref="552" result="true">
    <place ref="A9" />
  </curcuit>
  <curcuit ref="553" result="true">
    <place ref="A7" />
  </curcuit>
  <curcuit ref="554" result="true">
    <place ref="A7" />
  </curcuit>
  <curcuit ref="555" result="true">
    <place ref="A9" />
  </curcuit>
  <curcuit ref="556" result="true">
    <place ref="A9" />
  </curcuit>
  <curcuit ref="557" result="true">
    <place ref="A9" />
  </curcuit>
  <curcuit ref="558" result="true">
    <place ref="A9" />
  </curcuit>
  <curcuit ref="559" result="true">
    <place ref="A9" />
  </curcuit>
  <curcuit ref="560" result="true">
    <place ref="A9" />
  </curcuit>
  <curcuit ref="561" result="true">
    <place ref="A9" />
  </curcuit>
  <curcuit ref="562" result="true">
    <place ref="A9" />
  </curcuit>
  <curcuit ref="563" result="true">
    <place ref="A9" />
  </curcuit>
  <curcuit ref="564" result="true">
    <place ref="A9" />
  </curcuit>
  <curcuit ref="565" result="true">
    <place ref="A2" />
  </curcuit>
  <curcuit ref="566" result="true">
    <place ref="A9" />
  </curcuit>
  <curcuit ref="567" result="true">
    <place ref="A9" />
  </curcuit>
  <curcuit ref="568" result="true">
    <place ref="A9" />
  </curcuit>
  <curcuit ref="569" result="true">
    <place ref="A9" />
  </curcuit>
  <curcuit ref="570" result="true">
    <place ref="A9" />
  </curcuit>
  <curcuit ref="571" result="true">
    <place ref="A9" />
  </curcuit>
  <curcuit ref="572" result="true">
    <place ref="A2" />
  </curcuit>
  <curcuit ref="573" result="true">
    <place ref="A2" />
  </curcuit>
  <curcuit ref="574" result="true">
    <place ref="A2" />
  </curcuit>
  <curcuit ref="575" result="true">
    <place ref="A3" />
  </curcuit>
  <curcuit ref="576" result="true">
    <place ref="A4" />
  </curcuit>
  <curcuit ref="577" result="true">
    <place ref="A3" />
  </curcuit>
  <curcuit ref="578" result="true">
    <place ref="A9" />
  </curcuit>
  <curcuit ref="579" result="true">
    <place ref="A4" />
  </curcuit>
  <curcuit ref="580" result="true">
    <place ref="A4" />
  </curcuit>
  <curcuit ref="581" result="true">
    <place ref="A9" />
  </curcuit>
  <curcuit ref="582" result="true">
    <place ref="A2" />
  </curcuit>
  <curcuit ref="583" result="true">
    <place ref="A9" />
  </curcuit>
  <curcuit ref="584" result="true">
    <place ref="A7" />
  </curcuit>
  <curcuit ref="585" result="true">
    <place ref="A7" />
  </curcuit>
  <curcuit ref="586" result="true">
    <place ref="A7" />
  </curcuit>
  <curcuit ref="587" result="true">
    <place ref="A9" />
  </curcuit>
  <curcuit ref="588" result="true">
    <place ref="A7" />
  </curcuit>
  <curcuit ref="589" result="true">
    <place ref="A7" />
  </curcuit>
  <curcuit ref="590" result="true">
    <place ref="A7" />
  </curcuit>
  <curcuit ref="591" result="true">
    <place ref="A9" />
  </curcuit>
  <curcuit ref="592" result="true">
    <place ref="A7" />
  </curcuit>
  <curcuit ref="593" result="true">
    <place ref="A7" />
  </curcuit>
  <curcuit ref="594" result="true">
    <place ref="A9" />
  </curcuit>
  <curcuit ref="595" result="true">
    <place ref="A7" />
  </curcuit>
  <curcuit ref="596" result="true">
    <place ref="A9" />
  </curcuit>
  <curcuit ref="597" result="true">
    <place ref="A9" />
  </curcuit>
  <curcuit ref="598" result="true">
    <place ref="A9" />
  </curcuit>
  <curcuit ref="599" result="true">
    <place ref="A9" />
  </curcuit>
  <curcuit ref="600" result="true">
    <place ref="A9" />
  </curcuit>
  <curcuit ref="601" result="true">
    <place ref="A9" />
  </curcuit>
  <curcuit ref="602" result="true">
    <place ref="A9" />
  </curcuit>
  <curcuit ref="603" result="true">
    <place ref="A9" />
  </curcuit>
  <curcuit ref="604" result="true">
    <place ref="A2" />
  </curcuit>
  <curcuit ref="605" result="true">
    <place ref="A3" />
  </curcuit>
  <curcuit ref="606" result="true">
    <place ref="A4" />
  </curcuit>
  <curcuit ref="607" result="true">
    <place ref="A2" />
  </curcuit>
  <curcuit ref="608" result="true">
    <place ref="A9" />
  </curcuit>
  <curcuit ref="609" result="true">
    <place ref="A3" />
  </curcuit>
  <curcuit ref="610" result="true">
    <place ref="A4" />
  </curcuit>
  <curcuit ref="611" result="true">
    <place ref="A2" />
  </curcuit>
  <curcuit ref="612" result="true">
    <place ref="A9" />
  </curcuit>
  <curcuit ref="613" result="true">
    <place ref="A9" />
  </curcuit>
  <curcuit ref="614" result="true">
    <place ref="A9" />
  </curcuit>
  <curcuit ref="615" result="true">
    <place ref="A9" />
  </curcuit>
  <curcuit ref="616" result="true">
    <place ref="A9" />
  </curcuit>
  <curcuit ref="617" result="true">
    <place ref="A2" />
  </curcuit>
  <curcuit ref="618" result="true">
    <place ref="A3" />
  </curcuit>
  <curcuit ref="619" result="true">
    <place ref="A7" />
  </curcuit>
  <curcuit ref="620" result="true">
    <place ref="A7" />
  </curcuit>
  <curcuit ref="621" result="true">
    <place ref="A9" />
  </curcuit>
  <curcuit ref="622" result="true">
    <place ref="A4" />
  </curcuit>
  <curcuit ref="623" result="true">
    <place ref="A7" />
  </curcuit>
  <curcuit ref="624" result="true">
    <place ref="A9" />
  </curcuit>
  <curcuit ref="625" result="true">
    <place ref="A2" />
  </curcuit>
  <curcuit ref="626" result="true">
    <place ref="A9" />
  </curcuit>
  <curcuit ref="627" result="true">
    <place ref="A7" />
  </curcuit>
  <curcuit ref="628" result="true">
    <place ref="A7" />
  </curcuit>
  <curcuit ref="629" result="true">
    <place ref="A7" />
  </curcuit>
  <curcuit ref="630" result="true">
    <place ref="A9" />
  </curcuit>
  <curcuit ref="631" result="true">
    <place ref="A9" />
  </curcuit>
  <curcuit ref="632" result="true">
    <place ref="A3" />
  </curcuit>
  <curcuit ref="633" result="true">
    <place ref="A7" />
  </curcuit>
  <curcuit ref="634" result="true">
    <place ref="A7" />
  </curcuit>
  <curcuit ref="635" result="true">
    <place ref="A9" />
  </curcuit>
  <curcuit ref="636" result="true">
    <place ref="A4" />
  </curcuit>
  <curcuit ref="637" result="true">
    <place ref="A7" />
  </curcuit>
  <curcuit ref="638" result="true">
    <place ref="A9" />
  </curcuit>
  <curcuit ref="639" result="true">
    <place ref="A2" />
  </curcuit>
  <curcuit ref="640" result="true">
    <place ref="A9" />
  </curcuit>
  <curcuit ref="641" result="true">
    <place ref="A9" />
  </curcuit>
  <curcuit ref="642" result="true">
    <place ref="A3" />
  </curcuit>
  <curcuit ref="643" result="true">
    <place ref="A4" />
  </curcuit>
  <curcuit ref="644" result="true">
    <place ref="A4" />
  </curcuit>
  <curcuit ref="645" result="true">
    <place ref="A9" />
  </curcuit>
  <curcuit ref="646" result="true">
    <place ref="A9" />
  </curcuit>
  <curcuit ref="647" result="true">
    <place ref="A9" />
  </curcuit>
  <curcuit ref="648" result="true">
    <place ref="A9" />
  </curcuit>
  <curcuit ref="649" result="true">
    <place ref="A9" />
  </curcuit>
  <curcuit ref="650" result="true">
    <place ref="A9" />
  </curcuit>
  <curcuit ref="651" result="true">
    <place ref="A9" />
  </curcuit>
  <curcuit ref="652" result="true">
    <place ref="A9" />
  </curcuit>
  <curcuit ref="653" result="true">
    <place ref="A9" />
  </curcuit>
  <curcuit ref="654" result="true">
    <place ref="A9" />
  </curcuit>
  <curcuit ref="655" result="true">
    <place ref="A9" />
  </curcuit>
  <curcuit ref="656" result="true">
    <place ref="A4" />
  </curcuit>
  <curcuit ref="657" result="true">
    <place ref="A9" />
  </curcuit>
  <curcuit ref="658" result="true">
    <place ref="A7" />
  </curcuit>
  <curcuit ref="659" result="true">
    <place ref="A9" />
  </curcuit>
  <curcuit ref="660" result="true">
    <place ref="A9" />
  </curcuit>
  <curcuit ref="661" result="true">
    <place ref="A9" />
  </curcuit>
  <curcuit ref="662" result="true">
    <place ref="A4" />
  </curcuit>
  <curcuit ref="663" result="true">
    <place ref="A9" />
  </curcuit>
  <curcuit ref="664" result="true">
    <place ref="A4" />
  </curcuit>
  <curcuit ref="665" result="true">
    <place ref="A9" />
  </curcuit>
  <curcuit ref="666" result="true">
    <place ref="A7" />
  </curcuit>
  <curcuit ref="667" result="true">
    <place ref="A9" />
  </curcuit>
  <curcuit ref="668" result="true">
    <place ref="A9" />
  </curcuit>
  <curcuit ref="669" result="true">
    <place ref="A9" />
  </curcuit>
  <curcuit ref="670" result="true">
    <place ref="A7" />
  </curcuit>
  <curcuit ref="671" result="true">
    <place ref="A9" />
  </curcuit>
  <curcuit ref="672" result="true">
    <place ref="A7" />
  </curcuit>
  <curcuit ref="673" result="true">
    <place ref="A9" />
  </curcuit>
  <curcuit ref="674" result="true">
    <place ref="A9" />
  </curcuit>
  <curcuit ref="675" result="true">
    <place ref="A9" />
  </curcuit>
  <curcuit ref="676" result="true">
    <place ref="A4" />
  </curcuit>
  <curcuit ref="677" result="true">
    <place ref="A9" />
  </curcuit>
  <curcuit ref="678" result="true">
    <place ref="A4" />
  </curcuit>
  <curcuit ref="679" result="true">
    <place ref="A9" />
  </curcuit>
  <curcuit ref="680" result="true">
    <place ref="A4" />
  </curcuit>
  <curcuit ref="681" result="true">
    <place ref="A9" />
  </curcuit>
  <curcuit ref="682" result="true">
    <place ref="A3" />
  </curcuit>
  <curcuit ref="683" result="true">
    <place ref="A9" />
  </curcuit>
  <curcuit ref="684" result="true">
    <place ref="A9" />
  </curcuit>
  <curcuit ref="685" result="true">
    <place ref="A9" />
  </curcuit>
  <curcuit ref="686" result="true">
    <place ref="A9" />
  </curcuit>
  <curcuit ref="687" result="true">
    <place ref="A9" />
  </curcuit>
  <curcuit ref="688" result="true">
    <place ref="A9" />
  </curcuit>
  <curcuit ref="689" result="true">
    <place ref="A9" />
  </curcuit>
  <curcuit ref="690" result="true">
    <place ref="A9" />
  </curcuit>
  <curcuit ref="691" result="true">
    <place ref="A9" />
  </curcuit>
  <curcuit ref="692" result="true">
    <place ref="A9" />
  </curcuit>
  <curcuit ref="693" result="true">
    <place ref="A9" />
  </curcuit>
  <curcuit ref="694" result="true">
    <place ref="A4" />
  </curcuit>
  <curcuit ref="695" result="true">
    <place ref="A4" />
  </curcuit>
  <curcuit ref="696" result="true">
    <place ref="A9" />
  </curcuit>
  <curcuit ref="697" result="true">
    <place ref="A3" />
  </curcuit>
  <curcuit ref="698" result="true">
    <place ref="A9" />
  </curcuit>
  <curcuit ref="699" result="true">
    <place ref="A7" />
  </curcuit>
  <curcuit ref="700" result="true">
    <place ref="A7" />
  </curcuit>
  <curcuit ref="701" result="true">
    <place ref="A9" />
  </curcuit>
  <curcuit ref="702" result="true">
    <place ref="A7" />
  </curcuit>
  <curcuit ref="703" result="true">
    <place ref="A9" />
  </curcuit>
  <curcuit ref="704" result="true">
    <place ref="A9" />
  </curcuit>
  <curcuit ref="705" result="true">
    <place ref="A9" />
  </curcuit>
  <curcuit ref="706" result="true">
    <place ref="A4" />
  </curcuit>
  <curcuit ref="707" result="true">
    <place ref="A3" />
  </curcuit>
  <curcuit ref="708" result="true">
    <place ref="A9" />
  </curcuit>
  <curcuit ref="709" result="true">
    <place ref="A4" />
  </curcuit>
  <curcuit ref="710" result="true">
    <place ref="A3" />
  </curcuit>
  <curcuit ref="711" result="true">
    <place ref="A9" />
  </curcuit>
  <curcuit ref="712" result="true">
    <place ref="A7" />
  </curcuit>
  <curcuit ref="713" result="true">
    <place ref="A7" />
  </curcuit>
  <curcuit ref="714" result="true">
    <place ref="A9" />
  </curcuit>
  <curcuit ref="715" result="true">
    <place ref="A7" />
  </curcuit>
  <curcuit ref="716" result="true">
    <place ref="A9" />
  </curcuit>
  <curcuit ref="717" result="true">
    <place ref="A7" />
  </curcuit>
  <curcuit ref="718" result="true">
    <place ref="A9" />
  </curcuit>
  <curcuit ref="719" result="true">
    <place ref="A7" />
  </curcuit>
  <curcuit ref="720" result="true">
    <place ref="A9" />
  </curcuit>
  <curcuit ref="721" result="true">
    <place ref="A9" />
  </curcuit>
  <curcuit ref="722" result="true">
    <place ref="A9" />
  </curcuit>
  <curcuit ref="723" result="true">
    <place ref="A7" />
  </curcuit>
  <curcuit ref="724" result="true">
    <place ref="A7" />
  </curcuit>
  <curcuit ref="725" result="true">
    <place ref="A9" />
  </curcuit>
  <curcuit ref="726" result="true">
    <place ref="A7" />
  </curcuit>
  <curcuit ref="727" result="true">
    <place ref="A7" />
  </curcuit>
  <curcuit ref="728" result="true">
    <place ref="A9" />
  </curcuit>
  <curcuit ref="729" result="true">
    <place ref="A9" />
  </curcuit>
  <curcuit ref="730" result="true">
    <place ref="A9" />
  </curcuit>
  <curcuit ref="731" result="true">
    <place ref="A4" />
  </curcuit>
  <curcuit ref="732" result="true">
    <place ref="A3" />
  </curcuit>
  <curcuit ref="733" result="true">
    <place ref="A9" />
  </curcuit>
  <curcuit ref="734" result="true">
    <place ref="A4" />
  </curcuit>
  <curcuit ref="735" result="true">
    <place ref="A3" />
  </curcuit>
  <curcuit ref="736" result="true">
    <place ref="A9" />
  </curcuit>
  <curcuit ref="737" result="true">
    <place ref="A4" />
  </curcuit>
  <curcuit ref="738" result="true">
    <place ref="A3" />
  </curcuit>
  <curcuit ref="739" result="true">
    <place ref="A9" />
  </curcuit>
  <curcuit ref="740" result="true">
    <place ref="A4" />
  </curcuit>
  <curcuit ref="741" result="true">
    <place ref="A4" />
  </curcuit>
  <curcuit ref="742" result="true">
    <place ref="A9" />
  </curcuit>
  <curcuit ref="743" result="true">
    <place ref="A9" />
  </curcuit>
  <curcuit ref="744" result="true">
    <place ref="A9" />
  </curcuit>
  <curcuit ref="745" result="true">
    <place ref="A9" />
  </curcuit>
  <curcuit ref="746" result="true">
    <place ref="A9" />
  </curcuit>
  <curcuit ref="747" result="true">
    <place ref="A9" />
  </curcuit>
  <curcuit ref="748" result="true">
    <place ref="A9" />
  </curcuit>
  <curcuit ref="749" result="true">
    <place ref="A9" />
  </curcuit>
  <curcuit ref="750" result="true">
    <place ref="A9" />
  </curcuit>
  <curcuit ref="751" result="true">
    <place ref="A9" />
  </curcuit>
  <curcuit ref="752" result="true">
    <place ref="A9" />
  </curcuit>
  <curcuit ref="753" result="true">
    <place ref="A4" />
  </curcuit>
  <curcuit ref="754" result="true">
    <place ref="A9" />
  </curcuit>
  <curcuit ref="755" result="true">
    <place ref="A7" />
  </curcuit>
  <curcuit ref="756" result="true">
    <place ref="A9" />
  </curcuit>
  <curcuit ref="757" result="true">
    <place ref="A9" />
  </curcuit>
  <curcuit ref="758" result="true">
    <place ref="A9" />
  </curcuit>
  <curcuit ref="759" result="true">
    <place ref="A4" />
  </curcuit>
  <curcuit ref="760" result="true">
    <place ref="A9" />
  </curcuit>
  <curcuit ref="761" result="true">
    <place ref="A4" />
  </curcuit>
  <curcuit ref="762" result="true">
    <place ref="A9" />
  </curcuit>
  <curcuit ref="763" result="true">
    <place ref="A7" />
  </curcuit>
  <curcuit ref="764" result="true">
    <place ref="A9" />
  </curcuit>
  <curcuit ref="765" result="true">
    <place ref="A9" />
  </curcuit>
  <curcuit ref="766" result="true">
    <place ref="A9" />
  </curcuit>
  <curcuit ref="767" result="true">
    <place ref="A7" />
  </curcuit>
  <curcuit ref="768" result="true">
    <place ref="A9" />
  </curcuit>
  <curcuit ref="769" result="true">
    <place ref="A7" />
  </curcuit>
  <curcuit ref="770" result="true">
    <place ref="A9" />
  </curcuit>
  <curcuit ref="771" result="true">
    <place ref="A9" />
  </curcuit>
  <curcuit ref="772" result="true">
    <place ref="A9" />
  </curcuit>
  <curcuit ref="773" result="true">
    <place ref="A4" />
  </curcuit>
  <curcuit ref="774" result="true">
    <place ref="A9" />
  </curcuit>
  <curcuit ref="775" result="true">
    <place ref="A4" />
  </curcuit>
  <curcuit ref="776" result="true">
    <place ref="A9" />
  </curcuit>
  <curcuit ref="777" result="true">
    <place ref="A4" />
  </curcuit>
  <curcuit ref="778" result="true">
    <place ref="A9" />
  </curcuit>
  <curcuit ref="779" result="true">
    <place ref="A1" />
  </curcuit>
  <curcuit ref="780" result="true">
    <place ref="A9" />
  </curcuit>
  <curcuit ref="781" result="true">
    <place ref="A9" />
  </curcuit>
  <curcuit ref="782" result="true">
    <place ref="A9" />
  </curcuit>
  <curcuit ref="783" result="true">
    <place ref="A9" />
  </curcuit>
  <curcuit ref="784" result="true">
    <place ref="A9" />
  </curcuit>
  <curcuit ref="785" result="true">
    <place ref="A9" />
  </curcuit>
  <curcuit ref="786" result="true">
    <place ref="A9" />
  </curcuit>
  <curcuit ref="787" result="true">
    <place ref="A9" />
  </curcuit>
  <curcuit ref="788" result="true">
    <place ref="A9" />
  </curcuit>
  <curcuit ref="789" result="true">
    <place ref="A9" />
  </curcuit>
  <curcuit ref="790" result="true">
    <place ref="A9" />
  </curcuit>
  <curcuit ref="791" result="true">
    <place ref="A9" />
  </curcuit>
  <curcuit ref="792" result="true">
    <place ref="A1" />
  </curcuit>
</isContainedSiphon>