﻿<?xml version="1.0" encoding="utf-8"?>
<isContainedTrap isEnd="true">
  <curcuit ref="0" result="false" />
  <curcuit ref="1" result="false" />
  <curcuit ref="2" result="false" />
  <curcuit ref="3" result="false" />
  <curcuit ref="4" result="false" />
  <curcuit ref="5" result="false" />
  <curcuit ref="6" result="false" />
  <curcuit ref="7" result="false" />
  <curcuit ref="8" result="false" />
  <curcuit ref="9" result="false" />
  <curcuit ref="10" result="false" />
  <curcuit ref="11" result="false" />
  <curcuit ref="12" result="false" />
  <curcuit ref="13" result="false" />
  <curcuit ref="14" result="false" />
  <curcuit ref="15" result="false" />
  <curcuit ref="16" result="false" />
  <curcuit ref="17" result="false" />
  <curcuit ref="18" result="false" />
  <curcuit ref="19" result="false" />
  <curcuit ref="20" result="false" />
  <curcuit ref="21" result="false" />
  <curcuit ref="22" result="false" />
  <curcuit ref="23" result="false" />
  <curcuit ref="24" result="true">
    <place ref="A8" />
  </curcuit>
  <curcuit ref="25" result="false" />
  <curcuit ref="26" result="false" />
  <curcuit ref="27" result="false" />
  <curcuit ref="28" result="false" />
  <curcuit ref="29" result="false" />
  <curcuit ref="30" result="false" />
  <curcuit ref="31" result="false" />
  <curcuit ref="32" result="false" />
  <curcuit ref="33" result="false" />
  <curcuit ref="34" result="false" />
  <curcuit ref="35" result="false" />
  <curcuit ref="36" result="false" />
  <curcuit ref="37" result="false" />
  <curcuit ref="38" result="false" />
  <curcuit ref="39" result="false" />
  <curcuit ref="40" result="false" />
  <curcuit ref="41" result="false" />
  <curcuit ref="42" result="false" />
  <curcuit ref="43" result="false" />
  <curcuit ref="44" result="false" />
  <curcuit ref="45" result="false" />
  <curcuit ref="46" result="true">
    <place ref="A12" />
  </curcuit>
  <curcuit ref="47" result="false" />
  <curcuit ref="48" result="false" />
  <curcuit ref="49" result="false" />
  <curcuit ref="50" result="false" />
  <curcuit ref="51" result="false" />
  <curcuit ref="52" result="false" />
  <curcuit ref="53" result="false" />
  <curcuit ref="54" result="false" />
  <curcuit ref="55" result="false" />
  <curcuit ref="56" result="false" />
  <curcuit ref="57" result="false" />
  <curcuit ref="58" result="false" />
  <curcuit ref="59" result="false" />
  <curcuit ref="60" result="false" />
  <curcuit ref="61" result="false" />
  <curcuit ref="62" result="false" />
  <curcuit ref="63" result="false" />
  <curcuit ref="64" result="false" />
  <curcuit ref="65" result="false" />
  <curcuit ref="66" result="false" />
  <curcuit ref="67" result="false" />
  <curcuit ref="68" result="false" />
  <curcuit ref="69" result="false" />
  <curcuit ref="70" result="false" />
  <curcuit ref="71" result="false" />
  <curcuit ref="72" result="false" />
  <curcuit ref="73" result="false" />
  <curcuit ref="74" result="false" />
  <curcuit ref="75" result="false" />
  <curcuit ref="76" result="false" />
  <curcuit ref="77" result="false" />
  <curcuit ref="78" result="false" />
  <curcuit ref="79" result="false" />
  <curcuit ref="80" result="false" />
  <curcuit ref="81" result="false" />
  <curcuit ref="82" result="false" />
  <curcuit ref="83" result="false" />
  <curcuit ref="84" result="false" />
  <curcuit ref="85" result="false" />
  <curcuit ref="86" result="false" />
  <curcuit ref="87" result="false" />
  <curcuit ref="88" result="false" />
  <curcuit ref="89" result="false" />
  <curcuit ref="90" result="false" />
  <curcuit ref="91" result="false" />
  <curcuit ref="92" result="false" />
  <curcuit ref="93" result="false" />
  <curcuit ref="94" result="false" />
  <curcuit ref="95" result="false" />
  <curcuit ref="96" result="false" />
  <curcuit ref="97" result="false" />
  <curcuit ref="98" result="false" />
  <curcuit ref="99" result="false" />
  <curcuit ref="100" result="false" />
  <curcuit ref="101" result="false" />
  <curcuit ref="102" result="false" />
  <curcuit ref="103" result="false" />
  <curcuit ref="104" result="false" />
  <curcuit ref="105" result="false" />
  <curcuit ref="106" result="false" />
  <curcuit ref="107" result="false" />
  <curcuit ref="108" result="false" />
  <curcuit ref="109" result="false" />
  <curcuit ref="110" result="false" />
  <curcuit ref="111" result="false" />
  <curcuit ref="112" result="false" />
  <curcuit ref="113" result="false" />
  <curcuit ref="114" result="false" />
  <curcuit ref="115" result="false" />
  <curcuit ref="116" result="false" />
  <curcuit ref="117" result="false" />
  <curcuit ref="118" result="false" />
  <curcuit ref="119" result="false" />
  <curcuit ref="120" result="false" />
  <curcuit ref="121" result="false" />
  <curcuit ref="122" result="false" />
  <curcuit ref="123" result="false" />
  <curcuit ref="124" result="false" />
  <curcuit ref="125" result="false" />
  <curcuit ref="126" result="false" />
  <curcuit ref="127" result="false" />
  <curcuit ref="128" result="false" />
  <curcuit ref="129" result="false" />
  <curcuit ref="130" result="false" />
  <curcuit ref="131" result="false" />
  <curcuit ref="132" result="false" />
  <curcuit ref="133" result="false" />
  <curcuit ref="134" result="false" />
  <curcuit ref="135" result="false" />
  <curcuit ref="136" result="false" />
  <curcuit ref="137" result="false" />
  <curcuit ref="138" result="false" />
  <curcuit ref="139" result="false" />
  <curcuit ref="140" result="false" />
  <curcuit ref="141" result="false" />
  <curcuit ref="142" result="false" />
  <curcuit ref="143" result="false" />
  <curcuit ref="144" result="false" />
  <curcuit ref="145" result="false" />
  <curcuit ref="146" result="false" />
  <curcuit ref="147" result="false" />
  <curcuit ref="148" result="false" />
  <curcuit ref="149" result="false" />
  <curcuit ref="150" result="false" />
  <curcuit ref="151" result="false" />
  <curcuit ref="152" result="false" />
  <curcuit ref="153" result="false" />
  <curcuit ref="154" result="false" />
  <curcuit ref="155" result="false" />
  <curcuit ref="156" result="false" />
  <curcuit ref="157" result="false" />
  <curcuit ref="158" result="false" />
  <curcuit ref="159" result="false" />
  <curcuit ref="160" result="false" />
  <curcuit ref="161" result="false" />
  <curcuit ref="162" result="false" />
  <curcuit ref="163" result="false" />
  <curcuit ref="164" result="false" />
  <curcuit ref="165" result="false" />
  <curcuit ref="166" result="false" />
  <curcuit ref="167" result="false" />
  <curcuit ref="168" result="false" />
  <curcuit ref="169" result="false" />
  <curcuit ref="170" result="false" />
  <curcuit ref="171" result="false" />
  <curcuit ref="172" result="false" />
  <curcuit ref="173" result="false" />
  <curcuit ref="174" result="false" />
  <curcuit ref="175" result="false" />
  <curcuit ref="176" result="false" />
  <curcuit ref="177" result="false" />
  <curcuit ref="178" result="false" />
  <curcuit ref="179" result="false" />
  <curcuit ref="180" result="false" />
  <curcuit ref="181" result="false" />
  <curcuit ref="182" result="false" />
  <curcuit ref="183" result="false" />
  <curcuit ref="184" result="false" />
  <curcuit ref="185" result="false" />
  <curcuit ref="186" result="false" />
  <curcuit ref="187" result="false" />
  <curcuit ref="188" result="false" />
  <curcuit ref="189" result="false" />
  <curcuit ref="190" result="false" />
  <curcuit ref="191" result="false" />
  <curcuit ref="192" result="false" />
  <curcuit ref="193" result="false" />
  <curcuit ref="194" result="false" />
  <curcuit ref="195" result="false" />
  <curcuit ref="196" result="false" />
  <curcuit ref="197" result="false" />
  <curcuit ref="198" result="false" />
  <curcuit ref="199" result="false" />
  <curcuit ref="200" result="false" />
  <curcuit ref="201" result="false" />
  <curcuit ref="202" result="false" />
  <curcuit ref="203" result="false" />
  <curcuit ref="204" result="false" />
  <curcuit ref="205" result="false" />
  <curcuit ref="206" result="false" />
  <curcuit ref="207" result="false" />
  <curcuit ref="208" result="false" />
  <curcuit ref="209" result="false" />
  <curcuit ref="210" result="false" />
  <curcuit ref="211" result="false" />
  <curcuit ref="212" result="false" />
  <curcuit ref="213" result="false" />
  <curcuit ref="214" result="false" />
  <curcuit ref="215" result="false" />
  <curcuit ref="216" result="false" />
  <curcuit ref="217" result="false" />
  <curcuit ref="218" result="false" />
  <curcuit ref="219" result="false" />
  <curcuit ref="220" result="false" />
  <curcuit ref="221" result="false" />
  <curcuit ref="222" result="false" />
  <curcuit ref="223" result="false" />
  <curcuit ref="224" result="false" />
  <curcuit ref="225" result="false" />
  <curcuit ref="226" result="false" />
  <curcuit ref="227" result="false" />
  <curcuit ref="228" result="false" />
  <curcuit ref="229" result="false" />
  <curcuit ref="230" result="false" />
  <curcuit ref="231" result="false" />
  <curcuit ref="232" result="false" />
  <curcuit ref="233" result="false" />
  <curcuit ref="234" result="false" />
  <curcuit ref="235" result="false" />
  <curcuit ref="236" result="false" />
  <curcuit ref="237" result="false" />
  <curcuit ref="238" result="false" />
  <curcuit ref="239" result="false" />
  <curcuit ref="240" result="false" />
  <curcuit ref="241" result="false" />
  <curcuit ref="242" result="false" />
  <curcuit ref="243" result="false" />
  <curcuit ref="244" result="false" />
  <curcuit ref="245" result="false" />
  <curcuit ref="246" result="false" />
  <curcuit ref="247" result="false" />
  <curcuit ref="248" result="false" />
  <curcuit ref="249" result="false" />
  <curcuit ref="250" result="false" />
  <curcuit ref="251" result="false" />
  <curcuit ref="252" result="false" />
  <curcuit ref="253" result="false" />
  <curcuit ref="254" result="false" />
  <curcuit ref="255" result="false" />
  <curcuit ref="256" result="false" />
  <curcuit ref="257" result="false" />
  <curcuit ref="258" result="false" />
  <curcuit ref="259" result="false" />
  <curcuit ref="260" result="false" />
  <curcuit ref="261" result="false" />
  <curcuit ref="262" result="false" />
  <curcuit ref="263" result="false" />
  <curcuit ref="264" result="false" />
  <curcuit ref="265" result="false" />
  <curcuit ref="266" result="false" />
  <curcuit ref="267" result="false" />
  <curcuit ref="268" result="false" />
  <curcuit ref="269" result="false" />
  <curcuit ref="270" result="false" />
  <curcuit ref="271" result="false" />
  <curcuit ref="272" result="false" />
  <curcuit ref="273" result="false" />
  <curcuit ref="274" result="false" />
  <curcuit ref="275" result="false" />
  <curcuit ref="276" result="false" />
  <curcuit ref="277" result="false" />
  <curcuit ref="278" result="false" />
  <curcuit ref="279" result="false" />
  <curcuit ref="280" result="false" />
  <curcuit ref="281" result="false" />
  <curcuit ref="282" result="false" />
  <curcuit ref="283" result="false" />
  <curcuit ref="284" result="false" />
  <curcuit ref="285" result="false" />
  <curcuit ref="286" result="false" />
  <curcuit ref="287" result="false" />
  <curcuit ref="288" result="false" />
  <curcuit ref="289" result="false" />
  <curcuit ref="290" result="false" />
  <curcuit ref="291" result="false" />
  <curcuit ref="292" result="false" />
  <curcuit ref="293" result="false" />
  <curcuit ref="294" result="false" />
  <curcuit ref="295" result="false" />
  <curcuit ref="296" result="false" />
  <curcuit ref="297" result="false" />
  <curcuit ref="298" result="false" />
  <curcuit ref="299" result="false" />
  <curcuit ref="300" result="false" />
  <curcuit ref="301" result="false" />
  <curcuit ref="302" result="false" />
  <curcuit ref="303" result="false" />
  <curcuit ref="304" result="false" />
  <curcuit ref="305" result="false" />
  <curcuit ref="306" result="false" />
  <curcuit ref="307" result="false" />
  <curcuit ref="308" result="false" />
  <curcuit ref="309" result="false" />
  <curcuit ref="310" result="false" />
  <curcuit ref="311" result="false" />
  <curcuit ref="312" result="false" />
  <curcuit ref="313" result="false" />
  <curcuit ref="314" result="false" />
  <curcuit ref="315" result="false" />
  <curcuit ref="316" result="false" />
  <curcuit ref="317" result="false" />
  <curcuit ref="318" result="false" />
  <curcuit ref="319" result="false" />
  <curcuit ref="320" result="false" />
  <curcuit ref="321" result="false" />
  <curcuit ref="322" result="false" />
  <curcuit ref="323" result="false" />
  <curcuit ref="324" result="false" />
  <curcuit ref="325" result="false" />
  <curcuit ref="326" result="false" />
  <curcuit ref="327" result="false" />
  <curcuit ref="328" result="false" />
  <curcuit ref="329" result="false" />
  <curcuit ref="330" result="false" />
  <curcuit ref="331" result="false" />
  <curcuit ref="332" result="false" />
  <curcuit ref="333" result="false" />
  <curcuit ref="334" result="false" />
  <curcuit ref="335" result="false" />
  <curcuit ref="336" result="false" />
  <curcuit ref="337" result="false" />
  <curcuit ref="338" result="false" />
  <curcuit ref="339" result="false" />
  <curcuit ref="340" result="false" />
  <curcuit ref="341" result="false" />
  <curcuit ref="342" result="false" />
  <curcuit ref="343" result="false" />
  <curcuit ref="344" result="false" />
  <curcuit ref="345" result="false" />
  <curcuit ref="346" result="false" />
  <curcuit ref="347" result="false" />
  <curcuit ref="348" result="false" />
  <curcuit ref="349" result="false" />
  <curcuit ref="350" result="false" />
  <curcuit ref="351" result="false" />
  <curcuit ref="352" result="false" />
  <curcuit ref="353" result="false" />
  <curcuit ref="354" result="false" />
  <curcuit ref="355" result="false" />
  <curcuit ref="356" result="false" />
  <curcuit ref="357" result="false" />
  <curcuit ref="358" result="false" />
  <curcuit ref="359" result="false" />
  <curcuit ref="360" result="false" />
  <curcuit ref="361" result="false" />
  <curcuit ref="362" result="false" />
  <curcuit ref="363" result="false" />
  <curcuit ref="364" result="false" />
  <curcuit ref="365" result="false" />
  <curcuit ref="366" result="false" />
  <curcuit ref="367" result="false" />
  <curcuit ref="368" result="false" />
  <curcuit ref="369" result="false" />
  <curcuit ref="370" result="false" />
  <curcuit ref="371" result="false" />
  <curcuit ref="372" result="false" />
  <curcuit ref="373" result="false" />
  <curcuit ref="374" result="false" />
  <curcuit ref="375" result="false" />
  <curcuit ref="376" result="false" />
  <curcuit ref="377" result="false" />
  <curcuit ref="378" result="false" />
  <curcuit ref="379" result="false" />
  <curcuit ref="380" result="false" />
  <curcuit ref="381" result="false" />
  <curcuit ref="382" result="false" />
  <curcuit ref="383" result="false" />
  <curcuit ref="384" result="false" />
  <curcuit ref="385" result="false" />
  <curcuit ref="386" result="false" />
  <curcuit ref="387" result="false" />
  <curcuit ref="388" result="false" />
  <curcuit ref="389" result="false" />
  <curcuit ref="390" result="false" />
  <curcuit ref="391" result="false" />
  <curcuit ref="392" result="false" />
  <curcuit ref="393" result="false" />
  <curcuit ref="394" result="false" />
  <curcuit ref="395" result="false" />
  <curcuit ref="396" result="false" />
  <curcuit ref="397" result="false" />
  <curcuit ref="398" result="false" />
  <curcuit ref="399" result="false" />
  <curcuit ref="400" result="false" />
  <curcuit ref="401" result="false" />
  <curcuit ref="402" result="false" />
  <curcuit ref="403" result="false" />
  <curcuit ref="404" result="false" />
  <curcuit ref="405" result="false" />
  <curcuit ref="406" result="false" />
  <curcuit ref="407" result="false" />
  <curcuit ref="408" result="false" />
  <curcuit ref="409" result="false" />
  <curcuit ref="410" result="false" />
  <curcuit ref="411" result="false" />
  <curcuit ref="412" result="false" />
  <curcuit ref="413" result="false" />
  <curcuit ref="414" result="false" />
  <curcuit ref="415" result="false" />
  <curcuit ref="416" result="false" />
  <curcuit ref="417" result="false" />
  <curcuit ref="418" result="false" />
  <curcuit ref="419" result="false" />
  <curcuit ref="420" result="false" />
  <curcuit ref="421" result="false" />
  <curcuit ref="422" result="false" />
  <curcuit ref="423" result="false" />
  <curcuit ref="424" result="false" />
  <curcuit ref="425" result="false" />
  <curcuit ref="426" result="false" />
  <curcuit ref="427" result="false" />
  <curcuit ref="428" result="false" />
  <curcuit ref="429" result="false" />
  <curcuit ref="430" result="false" />
  <curcuit ref="431" result="false" />
  <curcuit ref="432" result="false" />
  <curcuit ref="433" result="false" />
  <curcuit ref="434" result="false" />
  <curcuit ref="435" result="false" />
  <curcuit ref="436" result="false" />
  <curcuit ref="437" result="false" />
  <curcuit ref="438" result="false" />
  <curcuit ref="439" result="false" />
  <curcuit ref="440" result="false" />
  <curcuit ref="441" result="false" />
  <curcuit ref="442" result="false" />
  <curcuit ref="443" result="false" />
  <curcuit ref="444" result="false" />
  <curcuit ref="445" result="false" />
  <curcuit ref="446" result="false" />
  <curcuit ref="447" result="false" />
  <curcuit ref="448" result="false" />
  <curcuit ref="449" result="false" />
  <curcuit ref="450" result="false" />
  <curcuit ref="451" result="false" />
  <curcuit ref="452" result="false" />
  <curcuit ref="453" result="false" />
  <curcuit ref="454" result="false" />
  <curcuit ref="455" result="false" />
  <curcuit ref="456" result="false" />
  <curcuit ref="457" result="false" />
  <curcuit ref="458" result="false" />
  <curcuit ref="459" result="false" />
  <curcuit ref="460" result="false" />
  <curcuit ref="461" result="false" />
  <curcuit ref="462" result="false" />
  <curcuit ref="463" result="false" />
  <curcuit ref="464" result="false" />
  <curcuit ref="465" result="false" />
  <curcuit ref="466" result="false" />
  <curcuit ref="467" result="false" />
  <curcuit ref="468" result="false" />
  <curcuit ref="469" result="false" />
  <curcuit ref="470" result="false" />
  <curcuit ref="471" result="false" />
  <curcuit ref="472" result="false" />
  <curcuit ref="473" result="false" />
  <curcuit ref="474" result="false" />
  <curcuit ref="475" result="false" />
  <curcuit ref="476" result="false" />
  <curcuit ref="477" result="false" />
  <curcuit ref="478" result="false" />
  <curcuit ref="479" result="false" />
  <curcuit ref="480" result="false" />
  <curcuit ref="481" result="false" />
  <curcuit ref="482" result="false" />
  <curcuit ref="483" result="false" />
  <curcuit ref="484" result="false" />
  <curcuit ref="485" result="false" />
  <curcuit ref="486" result="false" />
  <curcuit ref="487" result="false" />
  <curcuit ref="488" result="false" />
  <curcuit ref="489" result="false" />
  <curcuit ref="490" result="false" />
  <curcuit ref="491" result="false" />
  <curcuit ref="492" result="false" />
  <curcuit ref="493" result="false" />
  <curcuit ref="494" result="false" />
  <curcuit ref="495" result="false" />
  <curcuit ref="496" result="false" />
  <curcuit ref="497" result="false" />
  <curcuit ref="498" result="false" />
  <curcuit ref="499" result="false" />
  <curcuit ref="500" result="false" />
  <curcuit ref="501" result="false" />
  <curcuit ref="502" result="false" />
  <curcuit ref="503" result="false" />
  <curcuit ref="504" result="false" />
  <curcuit ref="505" result="false" />
  <curcuit ref="506" result="false" />
  <curcuit ref="507" result="false" />
  <curcuit ref="508" result="false" />
  <curcuit ref="509" result="false" />
  <curcuit ref="510" result="false" />
  <curcuit ref="511" result="false" />
  <curcuit ref="512" result="false" />
  <curcuit ref="513" result="false" />
  <curcuit ref="514" result="false" />
  <curcuit ref="515" result="false" />
  <curcuit ref="516" result="false" />
  <curcuit ref="517" result="false" />
  <curcuit ref="518" result="false" />
  <curcuit ref="519" result="false" />
  <curcuit ref="520" result="false" />
  <curcuit ref="521" result="false" />
  <curcuit ref="522" result="false" />
  <curcuit ref="523" result="false" />
  <curcuit ref="524" result="false" />
  <curcuit ref="525" result="false" />
  <curcuit ref="526" result="false" />
  <curcuit ref="527" result="false" />
  <curcuit ref="528" result="false" />
  <curcuit ref="529" result="false" />
  <curcuit ref="530" result="false" />
  <curcuit ref="531" result="false" />
  <curcuit ref="532" result="false" />
  <curcuit ref="533" result="false" />
  <curcuit ref="534" result="false" />
  <curcuit ref="535" result="false" />
  <curcuit ref="536" result="false" />
  <curcuit ref="537" result="false" />
  <curcuit ref="538" result="false" />
  <curcuit ref="539" result="false" />
  <curcuit ref="540" result="false" />
  <curcuit ref="541" result="false" />
  <curcuit ref="542" result="false" />
  <curcuit ref="543" result="false" />
  <curcuit ref="544" result="false" />
  <curcuit ref="545" result="false" />
  <curcuit ref="546" result="false" />
  <curcuit ref="547" result="false" />
  <curcuit ref="548" result="false" />
  <curcuit ref="549" result="false" />
  <curcuit ref="550" result="false" />
  <curcuit ref="551" result="false" />
  <curcuit ref="552" result="false" />
  <curcuit ref="553" result="false" />
  <curcuit ref="554" result="false" />
  <curcuit ref="555" result="false" />
  <curcuit ref="556" result="false" />
  <curcuit ref="557" result="false" />
  <curcuit ref="558" result="false" />
  <curcuit ref="559" result="false" />
  <curcuit ref="560" result="false" />
  <curcuit ref="561" result="false" />
  <curcuit ref="562" result="false" />
  <curcuit ref="563" result="false" />
  <curcuit ref="564" result="false" />
  <curcuit ref="565" result="false" />
  <curcuit ref="566" result="false" />
  <curcuit ref="567" result="false" />
  <curcuit ref="568" result="false" />
  <curcuit ref="569" result="false" />
  <curcuit ref="570" result="false" />
  <curcuit ref="571" result="false" />
  <curcuit ref="572" result="false" />
  <curcuit ref="573" result="false" />
  <curcuit ref="574" result="false" />
  <curcuit ref="575" result="false" />
  <curcuit ref="576" result="false" />
  <curcuit ref="577" result="false" />
  <curcuit ref="578" result="false" />
  <curcuit ref="579" result="false" />
  <curcuit ref="580" result="false" />
  <curcuit ref="581" result="false" />
  <curcuit ref="582" result="false" />
  <curcuit ref="583" result="false" />
  <curcuit ref="584" result="false" />
  <curcuit ref="585" result="false" />
  <curcuit ref="586" result="false" />
  <curcuit ref="587" result="false" />
  <curcuit ref="588" result="false" />
  <curcuit ref="589" result="false" />
  <curcuit ref="590" result="false" />
  <curcuit ref="591" result="false" />
  <curcuit ref="592" result="false" />
  <curcuit ref="593" result="false" />
  <curcuit ref="594" result="false" />
  <curcuit ref="595" result="false" />
  <curcuit ref="596" result="false" />
  <curcuit ref="597" result="false" />
  <curcuit ref="598" result="false" />
  <curcuit ref="599" result="false" />
  <curcuit ref="600" result="false" />
  <curcuit ref="601" result="false" />
  <curcuit ref="602" result="false" />
  <curcuit ref="603" result="false" />
  <curcuit ref="604" result="false" />
  <curcuit ref="605" result="false" />
  <curcuit ref="606" result="false" />
  <curcuit ref="607" result="false" />
  <curcuit ref="608" result="false" />
  <curcuit ref="609" result="false" />
  <curcuit ref="610" result="false" />
  <curcuit ref="611" result="false" />
  <curcuit ref="612" result="false" />
  <curcuit ref="613" result="false" />
  <curcuit ref="614" result="false" />
  <curcuit ref="615" result="false" />
  <curcuit ref="616" result="false" />
  <curcuit ref="617" result="false" />
  <curcuit ref="618" result="false" />
  <curcuit ref="619" result="false" />
  <curcuit ref="620" result="false" />
  <curcuit ref="621" result="false" />
  <curcuit ref="622" result="false" />
  <curcuit ref="623" result="false" />
  <curcuit ref="624" result="false" />
  <curcuit ref="625" result="false" />
  <curcuit ref="626" result="false" />
  <curcuit ref="627" result="false" />
  <curcuit ref="628" result="false" />
  <curcuit ref="629" result="false" />
  <curcuit ref="630" result="false" />
  <curcuit ref="631" result="false" />
  <curcuit ref="632" result="false" />
  <curcuit ref="633" result="false" />
  <curcuit ref="634" result="false" />
  <curcuit ref="635" result="false" />
  <curcuit ref="636" result="false" />
  <curcuit ref="637" result="false" />
  <curcuit ref="638" result="false" />
  <curcuit ref="639" result="false" />
  <curcuit ref="640" result="false" />
  <curcuit ref="641" result="false" />
  <curcuit ref="642" result="false" />
  <curcuit ref="643" result="false" />
  <curcuit ref="644" result="false" />
  <curcuit ref="645" result="false" />
  <curcuit ref="646" result="false" />
  <curcuit ref="647" result="false" />
  <curcuit ref="648" result="false" />
  <curcuit ref="649" result="false" />
  <curcuit ref="650" result="false" />
  <curcuit ref="651" result="false" />
  <curcuit ref="652" result="false" />
  <curcuit ref="653" result="false" />
  <curcuit ref="654" result="false" />
  <curcuit ref="655" result="false" />
  <curcuit ref="656" result="false" />
  <curcuit ref="657" result="false" />
  <curcuit ref="658" result="false" />
  <curcuit ref="659" result="false" />
  <curcuit ref="660" result="false" />
  <curcuit ref="661" result="false" />
  <curcuit ref="662" result="false" />
  <curcuit ref="663" result="false" />
  <curcuit ref="664" result="false" />
  <curcuit ref="665" result="false" />
  <curcuit ref="666" result="false" />
  <curcuit ref="667" result="false" />
  <curcuit ref="668" result="false" />
  <curcuit ref="669" result="false" />
  <curcuit ref="670" result="false" />
  <curcuit ref="671" result="false" />
  <curcuit ref="672" result="false" />
  <curcuit ref="673" result="false" />
  <curcuit ref="674" result="false" />
  <curcuit ref="675" result="false" />
  <curcuit ref="676" result="false" />
  <curcuit ref="677" result="false" />
  <curcuit ref="678" result="false" />
  <curcuit ref="679" result="false" />
  <curcuit ref="680" result="false" />
  <curcuit ref="681" result="false" />
  <curcuit ref="682" result="false" />
  <curcuit ref="683" result="false" />
  <curcuit ref="684" result="false" />
  <curcuit ref="685" result="false" />
  <curcuit ref="686" result="false" />
  <curcuit ref="687" result="false" />
  <curcuit ref="688" result="false" />
  <curcuit ref="689" result="false" />
  <curcuit ref="690" result="false" />
  <curcuit ref="691" result="false" />
  <curcuit ref="692" result="false" />
  <curcuit ref="693" result="false" />
  <curcuit ref="694" result="false" />
  <curcuit ref="695" result="false" />
  <curcuit ref="696" result="false" />
  <curcuit ref="697" result="false" />
  <curcuit ref="698" result="false" />
  <curcuit ref="699" result="false" />
  <curcuit ref="700" result="false" />
  <curcuit ref="701" result="false" />
  <curcuit ref="702" result="false" />
  <curcuit ref="703" result="false" />
  <curcuit ref="704" result="false" />
  <curcuit ref="705" result="false" />
  <curcuit ref="706" result="false" />
  <curcuit ref="707" result="false" />
  <curcuit ref="708" result="false" />
  <curcuit ref="709" result="false" />
  <curcuit ref="710" result="false" />
  <curcuit ref="711" result="false" />
  <curcuit ref="712" result="false" />
  <curcuit ref="713" result="false" />
  <curcuit ref="714" result="false" />
  <curcuit ref="715" result="false" />
  <curcuit ref="716" result="false" />
  <curcuit ref="717" result="false" />
  <curcuit ref="718" result="false" />
  <curcuit ref="719" result="false" />
  <curcuit ref="720" result="false" />
  <curcuit ref="721" result="false" />
  <curcuit ref="722" result="false" />
  <curcuit ref="723" result="false" />
  <curcuit ref="724" result="false" />
  <curcuit ref="725" result="false" />
  <curcuit ref="726" result="false" />
  <curcuit ref="727" result="false" />
  <curcuit ref="728" result="false" />
  <curcuit ref="729" result="false" />
  <curcuit ref="730" result="false" />
  <curcuit ref="731" result="false" />
  <curcuit ref="732" result="false" />
  <curcuit ref="733" result="false" />
  <curcuit ref="734" result="false" />
  <curcuit ref="735" result="false" />
  <curcuit ref="736" result="false" />
  <curcuit ref="737" result="false" />
  <curcuit ref="738" result="false" />
  <curcuit ref="739" result="false" />
  <curcuit ref="740" result="false" />
  <curcuit ref="741" result="false" />
  <curcuit ref="742" result="false" />
  <curcuit ref="743" result="false" />
  <curcuit ref="744" result="false" />
  <curcuit ref="745" result="false" />
  <curcuit ref="746" result="false" />
  <curcuit ref="747" result="false" />
  <curcuit ref="748" result="false" />
  <curcuit ref="749" result="false" />
  <curcuit ref="750" result="false" />
  <curcuit ref="751" result="false" />
  <curcuit ref="752" result="false" />
  <curcuit ref="753" result="false" />
  <curcuit ref="754" result="false" />
  <curcuit ref="755" result="false" />
  <curcuit ref="756" result="false" />
  <curcuit ref="757" result="false" />
  <curcuit ref="758" result="false" />
  <curcuit ref="759" result="false" />
  <curcuit ref="760" result="false" />
  <curcuit ref="761" result="false" />
  <curcuit ref="762" result="false" />
  <curcuit ref="763" result="false" />
  <curcuit ref="764" result="false" />
  <curcuit ref="765" result="false" />
  <curcuit ref="766" result="false" />
  <curcuit ref="767" result="false" />
  <curcuit ref="768" result="false" />
  <curcuit ref="769" result="false" />
  <curcuit ref="770" result="false" />
  <curcuit ref="771" result="false" />
  <curcuit ref="772" result="false" />
  <curcuit ref="773" result="false" />
  <curcuit ref="774" result="false" />
  <curcuit ref="775" result="false" />
  <curcuit ref="776" result="false" />
  <curcuit ref="777" result="false" />
  <curcuit ref="778" result="false" />
  <curcuit ref="779" result="false" />
  <curcuit ref="780" result="false" />
  <curcuit ref="781" result="false" />
  <curcuit ref="782" result="false" />
  <curcuit ref="783" result="false" />
  <curcuit ref="784" result="false" />
  <curcuit ref="785" result="false" />
  <curcuit ref="786" result="false" />
  <curcuit ref="787" result="false" />
  <curcuit ref="788" result="false" />
  <curcuit ref="789" result="false" />
  <curcuit ref="790" result="false" />
  <curcuit ref="791" result="false" />
  <curcuit ref="792" result="false" />
</isContainedTrap>