﻿<?xml version="1.0" encoding="utf-8"?>
<isContainedSiphon isEnd="true">
  <curcuit ref="0" result="true">
    <place ref="po_d1_n1_1_1" />
    <place ref="pol_d1_n1_1_1" />
  </curcuit>
  <curcuit ref="1" result="false" />
  <curcuit ref="2" result="true">
    <place ref="po_d2_n1_1_1" />
    <place ref="pol_d2_n1_1_1" />
  </curcuit>
  <curcuit ref="3" result="false" />
  <curcuit ref="4" result="true">
    <place ref="pi_d1_n1_1_1" />
    <place ref="pil_d1_n1_1_1" />
  </curcuit>
  <curcuit ref="5" result="false" />
  <curcuit ref="6" result="false" />
  <curcuit ref="7" result="true">
    <place ref="pi_d2_n1_1_1" />
    <place ref="pil_d2_n1_1_1" />
  </curcuit>
  <curcuit ref="8" result="true">
    <place ref="pb_d1_n1_1_1" />
    <place ref="pb_d1_n2_1_1" />
    <place ref="pb_d2_n1_1_1" />
    <place ref="pb_d2_n2_1_1" />
    <place ref="pi_d1_n1_1_1" />
    <place ref="pi_d2_n1_1_1" />
    <place ref="po_d1_n1_1_1" />
    <place ref="po_d2_n1_1_1" />
  </curcuit>
  <curcuit ref="9" result="false" />
  <curcuit ref="10" result="false" />
  <curcuit ref="11" result="false" />
  <curcuit ref="12" result="true">
    <place ref="po_d1_n1_1_1" />
    <place ref="pol_d1_n1_1_1" />
  </curcuit>
  <curcuit ref="13" result="true">
    <place ref="pb_d1_n1_1_1" />
    <place ref="pb_d1_n2_1_1" />
    <place ref="pb_d2_n1_1_1" />
    <place ref="pb_d2_n2_1_1" />
    <place ref="pbl_1_1" />
  </curcuit>
  <curcuit ref="14" result="false" />
  <curcuit ref="15" result="true">
    <place ref="pi_d1_n1_1_1" />
    <place ref="pil_d1_n1_1_1" />
  </curcuit>
  <curcuit ref="16" result="false" />
  <curcuit ref="17" result="false" />
  <curcuit ref="18" result="true">
    <place ref="po_d2_n1_1_1" />
    <place ref="pol_d2_n1_1_1" />
  </curcuit>
  <curcuit ref="19" result="false" />
  <curcuit ref="20" result="true">
    <place ref="pb_d1_n1_1_1" />
    <place ref="pb_d1_n2_1_1" />
    <place ref="pb_d2_n1_1_1" />
    <place ref="pb_d2_n2_1_1" />
    <place ref="pbl_1_1" />
  </curcuit>
  <curcuit ref="21" result="false" />
  <curcuit ref="22" result="true">
    <place ref="po_d1_n1_1_1" />
    <place ref="pol_d1_n1_1_1" />
  </curcuit>
  <curcuit ref="23" result="false" />
  <curcuit ref="24" result="false" />
  <curcuit ref="25" result="false" />
  <curcuit ref="26" result="true">
    <place ref="pi_d2_n1_1_1" />
    <place ref="pil_d2_n1_1_1" />
  </curcuit>
  <curcuit ref="27" result="true">
    <place ref="pi_d2_n1_1_1" />
    <place ref="pil_d2_n1_1_1" />
  </curcuit>
  <curcuit ref="28" result="true">
    <place ref="po_d2_n1_1_1" />
    <place ref="pol_d2_n1_1_1" />
  </curcuit>
  <curcuit ref="29" result="false" />
  <curcuit ref="30" result="true">
    <place ref="pi_d1_n1_1_1" />
    <place ref="pil_d1_n1_1_1" />
  </curcuit>
  <curcuit ref="31" result="false" />
  <curcuit ref="32" result="false" />
  <curcuit ref="33" result="true">
    <place ref="po_d1_n1_1_1" />
    <place ref="pol_d1_n1_1_1" />
  </curcuit>
  <curcuit ref="34" result="false" />
  <curcuit ref="35" result="false" />
  <curcuit ref="36" result="true">
    <place ref="pi_d1_n1_1_1" />
    <place ref="pil_d1_n1_1_1" />
  </curcuit>
  <curcuit ref="37" result="false" />
  <curcuit ref="38" result="true">
    <place ref="pb_d1_n1_1_1" />
    <place ref="pb_d1_n2_1_1" />
    <place ref="pb_d2_n1_1_1" />
    <place ref="pb_d2_n2_1_1" />
    <place ref="pbl_1_1" />
  </curcuit>
  <curcuit ref="39" result="true">
    <place ref="pi_d2_n1_1_1" />
    <place ref="pil_d2_n1_1_1" />
  </curcuit>
  <curcuit ref="40" result="true">
    <place ref="pi_d2_n1_1_1" />
    <place ref="pil_d2_n1_1_1" />
  </curcuit>
  <curcuit ref="41" result="false" />
  <curcuit ref="42" result="false" />
  <curcuit ref="43" result="true">
    <place ref="po_d1_n1_1_1" />
    <place ref="pol_d1_n1_1_1" />
  </curcuit>
  <curcuit ref="44" result="true">
    <place ref="po_d1_n1_1_1" />
    <place ref="pol_d1_n1_1_1" />
  </curcuit>
  <curcuit ref="45" result="false" />
  <curcuit ref="46" result="true">
    <place ref="po_d2_n1_1_1" />
    <place ref="pol_d2_n1_1_1" />
  </curcuit>
  <curcuit ref="47" result="true">
    <place ref="pi_d1_n1_1_1" />
    <place ref="pil_d1_n1_1_1" />
  </curcuit>
  <curcuit ref="48" result="true">
    <place ref="po_d1_n1_1_1" />
    <place ref="pol_d1_n1_1_1" />
  </curcuit>
  <curcuit ref="49" result="false" />
  <curcuit ref="50" result="false" />
  <curcuit ref="51" result="true">
    <place ref="po_d2_n1_1_1" />
    <place ref="pol_d2_n1_1_1" />
  </curcuit>
  <curcuit ref="52" result="true">
    <place ref="pi_d1_n1_1_1" />
    <place ref="pil_d1_n1_1_1" />
  </curcuit>
  <curcuit ref="53" result="false" />
  <curcuit ref="54" result="true">
    <place ref="pb_d1_n1_1_1" />
    <place ref="pb_d1_n2_1_1" />
    <place ref="pb_d2_n1_1_1" />
    <place ref="pb_d2_n2_1_1" />
    <place ref="pbl_1_1" />
  </curcuit>
  <curcuit ref="55" result="false" />
  <curcuit ref="56" result="false" />
  <curcuit ref="57" result="false" />
  <curcuit ref="58" result="true">
    <place ref="pi_d1_n1_1_1" />
    <place ref="pil_d1_n1_1_1" />
  </curcuit>
  <curcuit ref="59" result="false" />
  <curcuit ref="60" result="false" />
  <curcuit ref="61" result="true">
    <place ref="pi_d2_n1_1_1" />
    <place ref="pil_d2_n1_1_1" />
  </curcuit>
  <curcuit ref="62" result="true">
    <place ref="pi_d2_n1_1_1" />
    <place ref="pil_d2_n1_1_1" />
  </curcuit>
  <curcuit ref="63" result="true">
    <place ref="po_d2_n1_1_1" />
    <place ref="pol_d2_n1_1_1" />
  </curcuit>
  <curcuit ref="64" result="true">
    <place ref="po_d2_n1_1_1" />
    <place ref="pol_d2_n1_1_1" />
  </curcuit>
</isContainedSiphon>