﻿<?xml version="1.0" encoding="utf-8"?>
<curcuitfile isEnd="true">
  <curcuit id="0">
    <place ref="po_d1_n1_1_1" />
    <place ref="pol_d1_n1_1_1" />
  </curcuit>
  <curcuit id="1">
    <place ref="pb_d1_n1_1_1" />
    <place ref="po_d1_n1_1_1" />
  </curcuit>
  <curcuit id="2">
    <place ref="po_d2_n1_1_1" />
    <place ref="pol_d2_n1_1_1" />
  </curcuit>
  <curcuit id="3">
    <place ref="pb_d1_n1_1_1" />
    <place ref="pb_d2_n1_1_1" />
    <place ref="po_d1_n1_1_1" />
    <place ref="po_d2_n1_1_1" />
  </curcuit>
  <curcuit id="4">
    <place ref="pi_d1_n1_1_1" />
    <place ref="pil_d1_n1_1_1" />
  </curcuit>
  <curcuit id="5">
    <place ref="pb_d1_n2_1_1" />
    <place ref="pi_d1_n1_1_1" />
  </curcuit>
  <curcuit id="6">
    <place ref="pb_d1_n2_1_1" />
    <place ref="pb_d2_n1_1_1" />
    <place ref="pi_d1_n1_1_1" />
    <place ref="po_d2_n1_1_1" />
  </curcuit>
  <curcuit id="7">
    <place ref="pi_d2_n1_1_1" />
    <place ref="pil_d2_n1_1_1" />
  </curcuit>
  <curcuit id="8">
    <place ref="pb_d1_n1_1_1" />
    <place ref="pb_d1_n2_1_1" />
    <place ref="pb_d2_n1_1_1" />
    <place ref="pb_d2_n2_1_1" />
    <place ref="pi_d1_n1_1_1" />
    <place ref="pi_d2_n1_1_1" />
    <place ref="po_d1_n1_1_1" />
    <place ref="po_d2_n1_1_1" />
  </curcuit>
  <curcuit id="9">
    <place ref="pb_d1_n2_1_1" />
    <place ref="pb_d2_n2_1_1" />
    <place ref="pi_d1_n1_1_1" />
    <place ref="pi_d2_n1_1_1" />
  </curcuit>
  <curcuit id="10">
    <place ref="pb_d2_n2_1_1" />
    <place ref="pi_d2_n1_1_1" />
  </curcuit>
  <curcuit id="11">
    <place ref="pb_d2_n2_1_1" />
    <place ref="pbl_1_1" />
  </curcuit>
  <curcuit id="12">
    <place ref="pb_d1_n2_1_1" />
    <place ref="pb_d2_n1_1_1" />
    <place ref="pb_d2_n2_1_1" />
    <place ref="pbl_1_1" />
    <place ref="pi_d1_n1_1_1" />
    <place ref="po_d1_n1_1_1" />
    <place ref="po_d2_n1_1_1" />
    <place ref="pol_d1_n1_1_1" />
  </curcuit>
  <curcuit id="13">
    <place ref="pb_d1_n1_1_1" />
    <place ref="pb_d1_n2_1_1" />
    <place ref="pb_d2_n1_1_1" />
    <place ref="pb_d2_n2_1_1" />
    <place ref="pbl_1_1" />
    <place ref="pi_d1_n1_1_1" />
    <place ref="po_d1_n1_1_1" />
    <place ref="po_d2_n1_1_1" />
  </curcuit>
  <curcuit id="14">
    <place ref="pb_d1_n2_1_1" />
    <place ref="pb_d2_n1_1_1" />
    <place ref="pb_d2_n2_1_1" />
    <place ref="pbl_1_1" />
    <place ref="pi_d1_n1_1_1" />
    <place ref="po_d2_n1_1_1" />
  </curcuit>
  <curcuit id="15">
    <place ref="pb_d2_n2_1_1" />
    <place ref="pbl_1_1" />
    <place ref="pi_d1_n1_1_1" />
    <place ref="pil_d1_n1_1_1" />
  </curcuit>
  <curcuit id="16">
    <place ref="pb_d1_n2_1_1" />
    <place ref="pb_d2_n2_1_1" />
    <place ref="pbl_1_1" />
    <place ref="pi_d1_n1_1_1" />
  </curcuit>
  <curcuit id="17">
    <place ref="pbl_1_1" />
    <place ref="pil_d2_n1_1_1" />
  </curcuit>
  <curcuit id="18">
    <place ref="pb_d1_n2_1_1" />
    <place ref="pb_d2_n2_1_1" />
    <place ref="pbl_1_1" />
    <place ref="pi_d1_n1_1_1" />
    <place ref="po_d2_n1_1_1" />
    <place ref="pol_d2_n1_1_1" />
  </curcuit>
  <curcuit id="19">
    <place ref="pbl_1_1" />
    <place ref="pil_d1_n1_1_1" />
  </curcuit>
  <curcuit id="20">
    <place ref="pb_d1_n1_1_1" />
    <place ref="pb_d1_n2_1_1" />
    <place ref="pb_d2_n1_1_1" />
    <place ref="pb_d2_n2_1_1" />
    <place ref="pbl_1_1" />
    <place ref="pi_d2_n1_1_1" />
    <place ref="po_d1_n1_1_1" />
    <place ref="po_d2_n1_1_1" />
  </curcuit>
  <curcuit id="21">
    <place ref="pb_d1_n2_1_1" />
    <place ref="pb_d2_n2_1_1" />
    <place ref="pbl_1_1" />
    <place ref="pi_d2_n1_1_1" />
  </curcuit>
  <curcuit id="22">
    <place ref="pb_d1_n2_1_1" />
    <place ref="pb_d2_n1_1_1" />
    <place ref="pbl_1_1" />
    <place ref="po_d1_n1_1_1" />
    <place ref="po_d2_n1_1_1" />
    <place ref="pol_d1_n1_1_1" />
  </curcuit>
  <curcuit id="23">
    <place ref="pb_d1_n1_1_1" />
    <place ref="pb_d1_n2_1_1" />
    <place ref="pb_d2_n1_1_1" />
    <place ref="pbl_1_1" />
    <place ref="po_d1_n1_1_1" />
    <place ref="po_d2_n1_1_1" />
  </curcuit>
  <curcuit id="24">
    <place ref="pb_d1_n2_1_1" />
    <place ref="pb_d2_n1_1_1" />
    <place ref="pbl_1_1" />
    <place ref="po_d2_n1_1_1" />
  </curcuit>
  <curcuit id="25">
    <place ref="pb_d1_n2_1_1" />
    <place ref="pbl_1_1" />
  </curcuit>
  <curcuit id="26">
    <place ref="pb_d1_n2_1_1" />
    <place ref="pbl_1_1" />
    <place ref="pi_d2_n1_1_1" />
    <place ref="pil_d2_n1_1_1" />
  </curcuit>
  <curcuit id="27">
    <place ref="pb_d1_n1_1_1" />
    <place ref="pb_d1_n2_1_1" />
    <place ref="pb_d2_n1_1_1" />
    <place ref="pbl_1_1" />
    <place ref="pi_d2_n1_1_1" />
    <place ref="pil_d2_n1_1_1" />
    <place ref="po_d1_n1_1_1" />
    <place ref="po_d2_n1_1_1" />
  </curcuit>
  <curcuit id="28">
    <place ref="pb_d1_n2_1_1" />
    <place ref="pbl_1_1" />
    <place ref="po_d2_n1_1_1" />
    <place ref="pol_d2_n1_1_1" />
  </curcuit>
  <curcuit id="29">
    <place ref="pb_d2_n1_1_1" />
    <place ref="po_d2_n1_1_1" />
  </curcuit>
  <curcuit id="30">
    <place ref="pb_d2_n1_1_1" />
    <place ref="pbl_1_1" />
    <place ref="pi_d1_n1_1_1" />
    <place ref="pil_d1_n1_1_1" />
  </curcuit>
  <curcuit id="31">
    <place ref="pb_d1_n1_1_1" />
    <place ref="pb_d2_n1_1_1" />
    <place ref="pb_d2_n2_1_1" />
    <place ref="pbl_1_1" />
    <place ref="pi_d2_n1_1_1" />
    <place ref="po_d1_n1_1_1" />
  </curcuit>
  <curcuit id="32">
    <place ref="pb_d1_n2_1_1" />
    <place ref="pb_d2_n1_1_1" />
    <place ref="pb_d2_n2_1_1" />
    <place ref="pbl_1_1" />
    <place ref="pi_d1_n1_1_1" />
    <place ref="pi_d2_n1_1_1" />
  </curcuit>
  <curcuit id="33">
    <place ref="pb_d2_n1_1_1" />
    <place ref="pbl_1_1" />
    <place ref="po_d1_n1_1_1" />
    <place ref="pol_d1_n1_1_1" />
  </curcuit>
  <curcuit id="34">
    <place ref="pb_d1_n1_1_1" />
    <place ref="pb_d2_n1_1_1" />
    <place ref="pbl_1_1" />
    <place ref="po_d1_n1_1_1" />
  </curcuit>
  <curcuit id="35">
    <place ref="pb_d2_n1_1_1" />
    <place ref="pbl_1_1" />
  </curcuit>
  <curcuit id="36">
    <place ref="pb_d1_n1_1_1" />
    <place ref="pb_d2_n1_1_1" />
    <place ref="pb_d2_n2_1_1" />
    <place ref="pbl_1_1" />
    <place ref="pi_d1_n1_1_1" />
    <place ref="pi_d2_n1_1_1" />
    <place ref="pil_d1_n1_1_1" />
    <place ref="po_d1_n1_1_1" />
  </curcuit>
  <curcuit id="37">
    <place ref="pb_d1_n2_1_1" />
    <place ref="pb_d2_n1_1_1" />
    <place ref="pbl_1_1" />
    <place ref="pi_d1_n1_1_1" />
  </curcuit>
  <curcuit id="38">
    <place ref="pb_d1_n1_1_1" />
    <place ref="pb_d1_n2_1_1" />
    <place ref="pb_d2_n1_1_1" />
    <place ref="pb_d2_n2_1_1" />
    <place ref="pbl_1_1" />
    <place ref="pi_d1_n1_1_1" />
    <place ref="pi_d2_n1_1_1" />
    <place ref="po_d1_n1_1_1" />
  </curcuit>
  <curcuit id="39">
    <place ref="pb_d1_n2_1_1" />
    <place ref="pb_d2_n1_1_1" />
    <place ref="pbl_1_1" />
    <place ref="pi_d1_n1_1_1" />
    <place ref="pi_d2_n1_1_1" />
    <place ref="pil_d2_n1_1_1" />
  </curcuit>
  <curcuit id="40">
    <place ref="pb_d1_n1_1_1" />
    <place ref="pb_d2_n1_1_1" />
    <place ref="pbl_1_1" />
    <place ref="pi_d2_n1_1_1" />
    <place ref="pil_d2_n1_1_1" />
    <place ref="po_d1_n1_1_1" />
  </curcuit>
  <curcuit id="41">
    <place ref="pbl_1_1" />
    <place ref="pol_d2_n1_1_1" />
  </curcuit>
  <curcuit id="42">
    <place ref="pb_d1_n1_1_1" />
    <place ref="pb_d2_n2_1_1" />
    <place ref="pi_d2_n1_1_1" />
    <place ref="po_d1_n1_1_1" />
  </curcuit>
  <curcuit id="43">
    <place ref="pb_d1_n2_1_1" />
    <place ref="pb_d2_n1_1_1" />
    <place ref="pb_d2_n2_1_1" />
    <place ref="pbl_1_1" />
    <place ref="pi_d1_n1_1_1" />
    <place ref="pi_d2_n1_1_1" />
    <place ref="po_d1_n1_1_1" />
    <place ref="pol_d1_n1_1_1" />
  </curcuit>
  <curcuit id="44">
    <place ref="pb_d1_n2_1_1" />
    <place ref="pb_d2_n2_1_1" />
    <place ref="pbl_1_1" />
    <place ref="pi_d2_n1_1_1" />
    <place ref="po_d1_n1_1_1" />
    <place ref="pol_d1_n1_1_1" />
  </curcuit>
  <curcuit id="45">
    <place ref="pb_d1_n1_1_1" />
    <place ref="pb_d1_n2_1_1" />
    <place ref="pb_d2_n2_1_1" />
    <place ref="pbl_1_1" />
    <place ref="pi_d2_n1_1_1" />
    <place ref="po_d1_n1_1_1" />
  </curcuit>
  <curcuit id="46">
    <place ref="pb_d1_n1_1_1" />
    <place ref="pb_d1_n2_1_1" />
    <place ref="pb_d2_n2_1_1" />
    <place ref="pbl_1_1" />
    <place ref="pi_d2_n1_1_1" />
    <place ref="po_d1_n1_1_1" />
    <place ref="po_d2_n1_1_1" />
    <place ref="pol_d2_n1_1_1" />
  </curcuit>
  <curcuit id="47">
    <place ref="pb_d1_n1_1_1" />
    <place ref="pb_d2_n1_1_1" />
    <place ref="pb_d2_n2_1_1" />
    <place ref="pbl_1_1" />
    <place ref="pi_d1_n1_1_1" />
    <place ref="pil_d1_n1_1_1" />
    <place ref="po_d1_n1_1_1" />
    <place ref="po_d2_n1_1_1" />
  </curcuit>
  <curcuit id="48">
    <place ref="pb_d2_n2_1_1" />
    <place ref="pbl_1_1" />
    <place ref="po_d1_n1_1_1" />
    <place ref="pol_d1_n1_1_1" />
  </curcuit>
  <curcuit id="49">
    <place ref="pb_d1_n1_1_1" />
    <place ref="pb_d2_n2_1_1" />
    <place ref="pbl_1_1" />
    <place ref="po_d1_n1_1_1" />
  </curcuit>
  <curcuit id="50">
    <place ref="pb_d1_n1_1_1" />
    <place ref="pb_d2_n1_1_1" />
    <place ref="pb_d2_n2_1_1" />
    <place ref="pbl_1_1" />
    <place ref="po_d1_n1_1_1" />
    <place ref="po_d2_n1_1_1" />
  </curcuit>
  <curcuit id="51">
    <place ref="pb_d1_n1_1_1" />
    <place ref="pb_d2_n2_1_1" />
    <place ref="pbl_1_1" />
    <place ref="po_d1_n1_1_1" />
    <place ref="po_d2_n1_1_1" />
    <place ref="pol_d2_n1_1_1" />
  </curcuit>
  <curcuit id="52">
    <place ref="pb_d1_n1_1_1" />
    <place ref="pb_d2_n1_1_1" />
    <place ref="pbl_1_1" />
    <place ref="pi_d1_n1_1_1" />
    <place ref="pil_d1_n1_1_1" />
    <place ref="po_d2_n1_1_1" />
  </curcuit>
  <curcuit id="53">
    <place ref="pb_d1_n1_1_1" />
    <place ref="pb_d2_n2_1_1" />
    <place ref="pbl_1_1" />
    <place ref="pi_d2_n1_1_1" />
  </curcuit>
  <curcuit id="54">
    <place ref="pb_d1_n1_1_1" />
    <place ref="pb_d1_n2_1_1" />
    <place ref="pb_d2_n1_1_1" />
    <place ref="pb_d2_n2_1_1" />
    <place ref="pbl_1_1" />
    <place ref="pi_d1_n1_1_1" />
    <place ref="pi_d2_n1_1_1" />
    <place ref="po_d2_n1_1_1" />
  </curcuit>
  <curcuit id="55">
    <place ref="pbl_1_1" />
    <place ref="pol_d1_n1_1_1" />
  </curcuit>
  <curcuit id="56">
    <place ref="pb_d1_n1_1_1" />
    <place ref="pbl_1_1" />
  </curcuit>
  <curcuit id="57">
    <place ref="pb_d1_n1_1_1" />
    <place ref="pb_d2_n1_1_1" />
    <place ref="pbl_1_1" />
    <place ref="po_d2_n1_1_1" />
  </curcuit>
  <curcuit id="58">
    <place ref="pb_d1_n1_1_1" />
    <place ref="pb_d2_n2_1_1" />
    <place ref="pbl_1_1" />
    <place ref="pi_d1_n1_1_1" />
    <place ref="pi_d2_n1_1_1" />
    <place ref="pil_d1_n1_1_1" />
  </curcuit>
  <curcuit id="59">
    <place ref="pb_d1_n1_1_1" />
    <place ref="pb_d1_n2_1_1" />
    <place ref="pb_d2_n1_1_1" />
    <place ref="pbl_1_1" />
    <place ref="pi_d1_n1_1_1" />
    <place ref="po_d2_n1_1_1" />
  </curcuit>
  <curcuit id="60">
    <place ref="pb_d1_n1_1_1" />
    <place ref="pb_d1_n2_1_1" />
    <place ref="pb_d2_n2_1_1" />
    <place ref="pbl_1_1" />
    <place ref="pi_d1_n1_1_1" />
    <place ref="pi_d2_n1_1_1" />
  </curcuit>
  <curcuit id="61">
    <place ref="pb_d1_n1_1_1" />
    <place ref="pb_d1_n2_1_1" />
    <place ref="pb_d2_n1_1_1" />
    <place ref="pbl_1_1" />
    <place ref="pi_d1_n1_1_1" />
    <place ref="pi_d2_n1_1_1" />
    <place ref="pil_d2_n1_1_1" />
    <place ref="po_d2_n1_1_1" />
  </curcuit>
  <curcuit id="62">
    <place ref="pb_d1_n1_1_1" />
    <place ref="pbl_1_1" />
    <place ref="pi_d2_n1_1_1" />
    <place ref="pil_d2_n1_1_1" />
  </curcuit>
  <curcuit id="63">
    <place ref="pb_d1_n1_1_1" />
    <place ref="pb_d1_n2_1_1" />
    <place ref="pb_d2_n2_1_1" />
    <place ref="pbl_1_1" />
    <place ref="pi_d1_n1_1_1" />
    <place ref="pi_d2_n1_1_1" />
    <place ref="po_d2_n1_1_1" />
    <place ref="pol_d2_n1_1_1" />
  </curcuit>
  <curcuit id="64">
    <place ref="pb_d1_n1_1_1" />
    <place ref="pbl_1_1" />
    <place ref="po_d2_n1_1_1" />
    <place ref="pol_d2_n1_1_1" />
  </curcuit>
</curcuitfile>