﻿<?xml version="1.0" encoding="utf-8"?>
<isContainedTrap isEnd="true">
  <curcuit ref="0" result="true">
    <place ref="po1_1_1" />
    <place ref="pol1_1_1" />
  </curcuit>
  <curcuit ref="1" result="true">
    <place ref="pi1_1_1" />
    <place ref="pil1_1_1" />
  </curcuit>
  <curcuit ref="2" result="true">
    <place ref="po3_1_1" />
    <place ref="pol3_1_1" />
  </curcuit>
  <curcuit ref="3" result="true">
    <place ref="pi3_1_1" />
    <place ref="pil3_1_1" />
  </curcuit>
  <curcuit ref="4" result="false" />
  <curcuit ref="5" result="true">
    <place ref="po2_1_1" />
    <place ref="pol2_1_1" />
  </curcuit>
  <curcuit ref="6" result="true">
    <place ref="pi2_1_1" />
    <place ref="pil2_1_1" />
  </curcuit>
  <curcuit ref="7" result="false" />
  <curcuit ref="8" result="false" />
  <curcuit ref="9" result="true">
    <place ref="po4_1_1" />
    <place ref="pol4_1_1" />
  </curcuit>
  <curcuit ref="10" result="true">
    <place ref="pi4_1_1" />
    <place ref="pil4_1_1" />
  </curcuit>
  <curcuit ref="11" result="false" />
  <curcuit ref="12" result="false" />
  <curcuit ref="13" result="false" />
  <curcuit ref="14" result="true">
    <place ref="po5_1_1" />
    <place ref="pol5_1_1" />
  </curcuit>
  <curcuit ref="15" result="false" />
  <curcuit ref="16" result="true">
    <place ref="pi5_1_1" />
    <place ref="pil5_1_1" />
  </curcuit>
  <curcuit ref="17" result="false" />
  <curcuit ref="18" result="false" />
  <curcuit ref="19" result="false" />
  <curcuit ref="20" result="false" />
  <curcuit ref="21" result="true">
    <place ref="pi5_1_1" />
    <place ref="pil5_1_1" />
  </curcuit>
  <curcuit ref="22" result="false" />
  <curcuit ref="23" result="false" />
  <curcuit ref="24" result="false" />
  <curcuit ref="25" result="true">
    <place ref="pb1_1_1" />
    <place ref="pb2_1_1" />
    <place ref="pb3_1_1" />
    <place ref="pb4_1_1" />
    <place ref="pb5_1_1" />
    <place ref="pb6_1_1" />
    <place ref="pbl_1_1" />
  </curcuit>
  <curcuit ref="26" result="false" />
  <curcuit ref="27" result="true">
    <place ref="pi6_1_1" />
    <place ref="pil6_1_1" />
  </curcuit>
  <curcuit ref="28" result="true">
    <place ref="pi6_1_1" />
    <place ref="pil6_1_1" />
  </curcuit>
  <curcuit ref="29" result="true">
    <place ref="pi6_1_1" />
    <place ref="pil6_1_1" />
  </curcuit>
  <curcuit ref="30" result="true">
    <place ref="pi6_1_1" />
    <place ref="pil6_1_1" />
  </curcuit>
  <curcuit ref="31" result="true">
    <place ref="pi6_1_1" />
    <place ref="pil6_1_1" />
  </curcuit>
  <curcuit ref="32" result="true">
    <place ref="pi6_1_1" />
    <place ref="pil6_1_1" />
  </curcuit>
  <curcuit ref="33" result="false" />
  <curcuit ref="34" result="true">
    <place ref="pi1_1_1" />
    <place ref="pil1_1_1" />
  </curcuit>
  <curcuit ref="35" result="true">
    <place ref="pi2_1_1" />
    <place ref="pil2_1_1" />
  </curcuit>
  <curcuit ref="36" result="true">
    <place ref="pi3_1_1" />
    <place ref="pil3_1_1" />
  </curcuit>
  <curcuit ref="37" result="true">
    <place ref="pi4_1_1" />
    <place ref="pil4_1_1" />
  </curcuit>
  <curcuit ref="38" result="true">
    <place ref="po6_1_1" />
    <place ref="pol6_1_1" />
  </curcuit>
  <curcuit ref="39" result="true">
    <place ref="pb1_1_1" />
    <place ref="pb2_1_1" />
    <place ref="pb3_1_1" />
    <place ref="pb4_1_1" />
    <place ref="pb5_1_1" />
    <place ref="pb6_1_1" />
    <place ref="pi1_1_1" />
    <place ref="pi2_1_1" />
    <place ref="pi3_1_1" />
    <place ref="pi4_1_1" />
    <place ref="pi5_1_1" />
    <place ref="pi6_1_1" />
    <place ref="po1_1_1" />
    <place ref="po2_1_1" />
    <place ref="po3_1_1" />
    <place ref="po4_1_1" />
    <place ref="po5_1_1" />
    <place ref="po6_1_1" />
  </curcuit>
  <curcuit ref="40" result="false" />
  <curcuit ref="41" result="false" />
  <curcuit ref="42" result="false" />
  <curcuit ref="43" result="false" />
  <curcuit ref="44" result="false" />
  <curcuit ref="45" result="false" />
  <curcuit ref="46" result="true">
    <place ref="pi5_1_1" />
    <place ref="pil5_1_1" />
  </curcuit>
  <curcuit ref="47" result="true">
    <place ref="pi5_1_1" />
    <place ref="pil5_1_1" />
  </curcuit>
  <curcuit ref="48" result="true">
    <place ref="pi5_1_1" />
    <place ref="pil5_1_1" />
  </curcuit>
  <curcuit ref="49" result="true">
    <place ref="pi5_1_1" />
    <place ref="pil5_1_1" />
  </curcuit>
  <curcuit ref="50" result="true">
    <place ref="pi5_1_1" />
    <place ref="pil5_1_1" />
  </curcuit>
  <curcuit ref="51" result="true">
    <place ref="pi5_1_1" />
    <place ref="pil5_1_1" />
  </curcuit>
  <curcuit ref="52" result="true">
    <place ref="pi5_1_1" />
    <place ref="pil5_1_1" />
  </curcuit>
  <curcuit ref="53" result="true">
    <place ref="pi5_1_1" />
    <place ref="pil5_1_1" />
  </curcuit>
  <curcuit ref="54" result="false" />
  <curcuit ref="55" result="true">
    <place ref="pi5_1_1" />
    <place ref="pil5_1_1" />
  </curcuit>
  <curcuit ref="56" result="false" />
  <curcuit ref="57" result="true">
    <place ref="pb1_1_1" />
    <place ref="pb2_1_1" />
    <place ref="pb3_1_1" />
    <place ref="pb4_1_1" />
    <place ref="pb5_1_1" />
    <place ref="pb6_1_1" />
    <place ref="pbl_1_1" />
  </curcuit>
  <curcuit ref="58" result="false" />
  <curcuit ref="59" result="false" />
  <curcuit ref="60" result="false" />
  <curcuit ref="61" result="false" />
  <curcuit ref="62" result="false" />
  <curcuit ref="63" result="true">
    <place ref="pi6_1_1" />
    <place ref="pil6_1_1" />
  </curcuit>
  <curcuit ref="64" result="true">
    <place ref="pi6_1_1" />
    <place ref="pil6_1_1" />
  </curcuit>
  <curcuit ref="65" result="true">
    <place ref="pi6_1_1" />
    <place ref="pil6_1_1" />
  </curcuit>
  <curcuit ref="66" result="true">
    <place ref="pi6_1_1" />
    <place ref="pil6_1_1" />
  </curcuit>
  <curcuit ref="67" result="true">
    <place ref="pi6_1_1" />
    <place ref="pil6_1_1" />
  </curcuit>
  <curcuit ref="68" result="false" />
  <curcuit ref="69" result="true">
    <place ref="pi1_1_1" />
    <place ref="pil1_1_1" />
  </curcuit>
  <curcuit ref="70" result="true">
    <place ref="pi2_1_1" />
    <place ref="pil2_1_1" />
  </curcuit>
  <curcuit ref="71" result="true">
    <place ref="pi3_1_1" />
    <place ref="pil3_1_1" />
  </curcuit>
  <curcuit ref="72" result="true">
    <place ref="pi4_1_1" />
    <place ref="pil4_1_1" />
  </curcuit>
  <curcuit ref="73" result="false" />
  <curcuit ref="74" result="true">
    <place ref="pi5_1_1" />
    <place ref="pil5_1_1" />
  </curcuit>
  <curcuit ref="75" result="true">
    <place ref="pi5_1_1" />
    <place ref="pil5_1_1" />
  </curcuit>
  <curcuit ref="76" result="true">
    <place ref="pi5_1_1" />
    <place ref="pil5_1_1" />
  </curcuit>
  <curcuit ref="77" result="false" />
  <curcuit ref="78" result="true">
    <place ref="pi5_1_1" />
    <place ref="pil5_1_1" />
  </curcuit>
  <curcuit ref="79" result="false" />
  <curcuit ref="80" result="false" />
  <curcuit ref="81" result="true">
    <place ref="pi6_1_1" />
    <place ref="pil6_1_1" />
  </curcuit>
  <curcuit ref="82" result="true">
    <place ref="pi6_1_1" />
    <place ref="pil6_1_1" />
  </curcuit>
  <curcuit ref="83" result="true">
    <place ref="pi6_1_1" />
    <place ref="pil6_1_1" />
  </curcuit>
  <curcuit ref="84" result="true">
    <place ref="pi6_1_1" />
    <place ref="pil6_1_1" />
  </curcuit>
  <curcuit ref="85" result="true">
    <place ref="pi1_1_1" />
    <place ref="pil1_1_1" />
  </curcuit>
  <curcuit ref="86" result="true">
    <place ref="pi2_1_1" />
    <place ref="pil2_1_1" />
  </curcuit>
  <curcuit ref="87" result="true">
    <place ref="pi3_1_1" />
    <place ref="pil3_1_1" />
  </curcuit>
  <curcuit ref="88" result="true">
    <place ref="pi4_1_1" />
    <place ref="pil4_1_1" />
  </curcuit>
  <curcuit ref="89" result="false" />
  <curcuit ref="90" result="false" />
  <curcuit ref="91" result="false" />
  <curcuit ref="92" result="false" />
  <curcuit ref="93" result="true">
    <place ref="pi1_1_1" />
    <place ref="pil1_1_1" />
  </curcuit>
  <curcuit ref="94" result="true">
    <place ref="pi2_1_1" />
    <place ref="pil2_1_1" />
  </curcuit>
  <curcuit ref="95" result="true">
    <place ref="pi3_1_1" />
    <place ref="pil3_1_1" />
  </curcuit>
  <curcuit ref="96" result="true">
    <place ref="pi4_1_1" />
    <place ref="pil4_1_1" />
  </curcuit>
  <curcuit ref="97" result="false" />
  <curcuit ref="98" result="true">
    <place ref="pi5_1_1" />
    <place ref="pil5_1_1" />
  </curcuit>
  <curcuit ref="99" result="true">
    <place ref="pi5_1_1" />
    <place ref="pil5_1_1" />
  </curcuit>
  <curcuit ref="100" result="true">
    <place ref="pi5_1_1" />
    <place ref="pil5_1_1" />
  </curcuit>
  <curcuit ref="101" result="true">
    <place ref="pi5_1_1" />
    <place ref="pil5_1_1" />
  </curcuit>
  <curcuit ref="102" result="true">
    <place ref="pi5_1_1" />
    <place ref="pil5_1_1" />
  </curcuit>
  <curcuit ref="103" result="true">
    <place ref="pi5_1_1" />
    <place ref="pil5_1_1" />
  </curcuit>
  <curcuit ref="104" result="true">
    <place ref="pi5_1_1" />
    <place ref="pil5_1_1" />
  </curcuit>
  <curcuit ref="105" result="false" />
  <curcuit ref="106" result="true">
    <place ref="pi5_1_1" />
    <place ref="pil5_1_1" />
  </curcuit>
  <curcuit ref="107" result="false" />
  <curcuit ref="108" result="false" />
  <curcuit ref="109" result="false" />
  <curcuit ref="110" result="false" />
  <curcuit ref="111" result="false" />
  <curcuit ref="112" result="true">
    <place ref="pb1_1_1" />
    <place ref="pb2_1_1" />
    <place ref="pb3_1_1" />
    <place ref="pb4_1_1" />
    <place ref="pb5_1_1" />
    <place ref="pb6_1_1" />
    <place ref="pbl_1_1" />
  </curcuit>
  <curcuit ref="113" result="false" />
  <curcuit ref="114" result="false" />
  <curcuit ref="115" result="false" />
  <curcuit ref="116" result="false" />
  <curcuit ref="117" result="true">
    <place ref="pi6_1_1" />
    <place ref="pil6_1_1" />
  </curcuit>
  <curcuit ref="118" result="true">
    <place ref="pi6_1_1" />
    <place ref="pil6_1_1" />
  </curcuit>
  <curcuit ref="119" result="true">
    <place ref="pi6_1_1" />
    <place ref="pil6_1_1" />
  </curcuit>
  <curcuit ref="120" result="true">
    <place ref="pi6_1_1" />
    <place ref="pil6_1_1" />
  </curcuit>
  <curcuit ref="121" result="true">
    <place ref="pi6_1_1" />
    <place ref="pil6_1_1" />
  </curcuit>
  <curcuit ref="122" result="true">
    <place ref="pi6_1_1" />
    <place ref="pil6_1_1" />
  </curcuit>
  <curcuit ref="123" result="true">
    <place ref="pi6_1_1" />
    <place ref="pil6_1_1" />
  </curcuit>
  <curcuit ref="124" result="true">
    <place ref="pi6_1_1" />
    <place ref="pil6_1_1" />
  </curcuit>
  <curcuit ref="125" result="false" />
  <curcuit ref="126" result="false" />
  <curcuit ref="127" result="false" />
  <curcuit ref="128" result="false" />
  <curcuit ref="129" result="true">
    <place ref="pi1_1_1" />
    <place ref="pil1_1_1" />
  </curcuit>
  <curcuit ref="130" result="true">
    <place ref="pi2_1_1" />
    <place ref="pil2_1_1" />
  </curcuit>
  <curcuit ref="131" result="true">
    <place ref="pi3_1_1" />
    <place ref="pil3_1_1" />
  </curcuit>
  <curcuit ref="132" result="false" />
  <curcuit ref="133" result="true">
    <place ref="pi4_1_1" />
    <place ref="pil4_1_1" />
  </curcuit>
  <curcuit ref="134" result="true">
    <place ref="pi4_1_1" />
    <place ref="pil4_1_1" />
  </curcuit>
  <curcuit ref="135" result="true">
    <place ref="pi4_1_1" />
    <place ref="pil4_1_1" />
  </curcuit>
  <curcuit ref="136" result="true">
    <place ref="pi4_1_1" />
    <place ref="pil4_1_1" />
  </curcuit>
  <curcuit ref="137" result="true">
    <place ref="pi4_1_1" />
    <place ref="pil4_1_1" />
  </curcuit>
  <curcuit ref="138" result="true">
    <place ref="pi4_1_1" />
    <place ref="pil4_1_1" />
  </curcuit>
  <curcuit ref="139" result="true">
    <place ref="pi4_1_1" />
    <place ref="pil4_1_1" />
  </curcuit>
  <curcuit ref="140" result="true">
    <place ref="pi4_1_1" />
    <place ref="pil4_1_1" />
  </curcuit>
  <curcuit ref="141" result="true">
    <place ref="pi4_1_1" />
    <place ref="pil4_1_1" />
  </curcuit>
  <curcuit ref="142" result="true">
    <place ref="pi4_1_1" />
    <place ref="pil4_1_1" />
  </curcuit>
  <curcuit ref="143" result="true">
    <place ref="pi4_1_1" />
    <place ref="pil4_1_1" />
  </curcuit>
  <curcuit ref="144" result="true">
    <place ref="pi4_1_1" />
    <place ref="pil4_1_1" />
  </curcuit>
  <curcuit ref="145" result="true">
    <place ref="pi4_1_1" />
    <place ref="pil4_1_1" />
  </curcuit>
  <curcuit ref="146" result="true">
    <place ref="pi4_1_1" />
    <place ref="pil4_1_1" />
  </curcuit>
  <curcuit ref="147" result="true">
    <place ref="pi4_1_1" />
    <place ref="pil4_1_1" />
  </curcuit>
  <curcuit ref="148" result="false" />
  <curcuit ref="149" result="false" />
  <curcuit ref="150" result="false" />
  <curcuit ref="151" result="true">
    <place ref="pi1_1_1" />
    <place ref="pil1_1_1" />
  </curcuit>
  <curcuit ref="152" result="true">
    <place ref="pi2_1_1" />
    <place ref="pil2_1_1" />
  </curcuit>
  <curcuit ref="153" result="true">
    <place ref="pi3_1_1" />
    <place ref="pil3_1_1" />
  </curcuit>
  <curcuit ref="154" result="false" />
  <curcuit ref="155" result="false" />
  <curcuit ref="156" result="false" />
  <curcuit ref="157" result="true">
    <place ref="pi6_1_1" />
    <place ref="pil6_1_1" />
  </curcuit>
  <curcuit ref="158" result="true">
    <place ref="pi6_1_1" />
    <place ref="pil6_1_1" />
  </curcuit>
  <curcuit ref="159" result="true">
    <place ref="pi6_1_1" />
    <place ref="pil6_1_1" />
  </curcuit>
  <curcuit ref="160" result="true">
    <place ref="pi1_1_1" />
    <place ref="pil1_1_1" />
  </curcuit>
  <curcuit ref="161" result="true">
    <place ref="pi2_1_1" />
    <place ref="pil2_1_1" />
  </curcuit>
  <curcuit ref="162" result="true">
    <place ref="pi3_1_1" />
    <place ref="pil3_1_1" />
  </curcuit>
  <curcuit ref="163" result="true">
    <place ref="pi4_1_1" />
    <place ref="pil4_1_1" />
  </curcuit>
  <curcuit ref="164" result="true">
    <place ref="pi4_1_1" />
    <place ref="pil4_1_1" />
  </curcuit>
  <curcuit ref="165" result="true">
    <place ref="pi4_1_1" />
    <place ref="pil4_1_1" />
  </curcuit>
  <curcuit ref="166" result="false" />
  <curcuit ref="167" result="false" />
  <curcuit ref="168" result="false" />
  <curcuit ref="169" result="true">
    <place ref="pi1_1_1" />
    <place ref="pil1_1_1" />
  </curcuit>
  <curcuit ref="170" result="true">
    <place ref="pi2_1_1" />
    <place ref="pil2_1_1" />
  </curcuit>
  <curcuit ref="171" result="true">
    <place ref="pi3_1_1" />
    <place ref="pil3_1_1" />
  </curcuit>
  <curcuit ref="172" result="false" />
  <curcuit ref="173" result="true">
    <place ref="pi5_1_1" />
    <place ref="pil5_1_1" />
  </curcuit>
  <curcuit ref="174" result="true">
    <place ref="pi5_1_1" />
    <place ref="pil5_1_1" />
  </curcuit>
  <curcuit ref="175" result="true">
    <place ref="pi5_1_1" />
    <place ref="pil5_1_1" />
  </curcuit>
  <curcuit ref="176" result="true">
    <place ref="pi5_1_1" />
    <place ref="pil5_1_1" />
  </curcuit>
  <curcuit ref="177" result="true">
    <place ref="pi5_1_1" />
    <place ref="pil5_1_1" />
  </curcuit>
  <curcuit ref="178" result="false" />
  <curcuit ref="179" result="true">
    <place ref="pi5_1_1" />
    <place ref="pil5_1_1" />
  </curcuit>
  <curcuit ref="180" result="false" />
  <curcuit ref="181" result="false" />
  <curcuit ref="182" result="false" />
  <curcuit ref="183" result="false" />
  <curcuit ref="184" result="true">
    <place ref="pi6_1_1" />
    <place ref="pil6_1_1" />
  </curcuit>
  <curcuit ref="185" result="true">
    <place ref="pi6_1_1" />
    <place ref="pil6_1_1" />
  </curcuit>
  <curcuit ref="186" result="true">
    <place ref="pi6_1_1" />
    <place ref="pil6_1_1" />
  </curcuit>
  <curcuit ref="187" result="true">
    <place ref="pi1_1_1" />
    <place ref="pil1_1_1" />
  </curcuit>
  <curcuit ref="188" result="true">
    <place ref="pi2_1_1" />
    <place ref="pil2_1_1" />
  </curcuit>
  <curcuit ref="189" result="true">
    <place ref="pi3_1_1" />
    <place ref="pil3_1_1" />
  </curcuit>
  <curcuit ref="190" result="true">
    <place ref="pi4_1_1" />
    <place ref="pil4_1_1" />
  </curcuit>
  <curcuit ref="191" result="true">
    <place ref="pi4_1_1" />
    <place ref="pil4_1_1" />
  </curcuit>
  <curcuit ref="192" result="true">
    <place ref="pi4_1_1" />
    <place ref="pil4_1_1" />
  </curcuit>
  <curcuit ref="193" result="true">
    <place ref="pi4_1_1" />
    <place ref="pil4_1_1" />
  </curcuit>
  <curcuit ref="194" result="true">
    <place ref="pi4_1_1" />
    <place ref="pil4_1_1" />
  </curcuit>
  <curcuit ref="195" result="true">
    <place ref="pi4_1_1" />
    <place ref="pil4_1_1" />
  </curcuit>
  <curcuit ref="196" result="false" />
  <curcuit ref="197" result="true">
    <place ref="pi5_1_1" />
    <place ref="pil5_1_1" />
  </curcuit>
  <curcuit ref="198" result="true">
    <place ref="pi5_1_1" />
    <place ref="pil5_1_1" />
  </curcuit>
  <curcuit ref="199" result="false" />
  <curcuit ref="200" result="true">
    <place ref="pi5_1_1" />
    <place ref="pil5_1_1" />
  </curcuit>
  <curcuit ref="201" result="false" />
  <curcuit ref="202" result="true">
    <place ref="pi6_1_1" />
    <place ref="pil6_1_1" />
  </curcuit>
  <curcuit ref="203" result="true">
    <place ref="pi6_1_1" />
    <place ref="pil6_1_1" />
  </curcuit>
  <curcuit ref="204" result="true">
    <place ref="pi6_1_1" />
    <place ref="pil6_1_1" />
  </curcuit>
  <curcuit ref="205" result="true">
    <place ref="pi1_1_1" />
    <place ref="pil1_1_1" />
  </curcuit>
  <curcuit ref="206" result="true">
    <place ref="pi2_1_1" />
    <place ref="pil2_1_1" />
  </curcuit>
  <curcuit ref="207" result="true">
    <place ref="pi3_1_1" />
    <place ref="pil3_1_1" />
  </curcuit>
  <curcuit ref="208" result="true">
    <place ref="pi4_1_1" />
    <place ref="pil4_1_1" />
  </curcuit>
  <curcuit ref="209" result="true">
    <place ref="pi4_1_1" />
    <place ref="pil4_1_1" />
  </curcuit>
  <curcuit ref="210" result="true">
    <place ref="pi4_1_1" />
    <place ref="pil4_1_1" />
  </curcuit>
  <curcuit ref="211" result="false" />
  <curcuit ref="212" result="false" />
  <curcuit ref="213" result="false" />
  <curcuit ref="214" result="true">
    <place ref="pi1_1_1" />
    <place ref="pil1_1_1" />
  </curcuit>
  <curcuit ref="215" result="true">
    <place ref="pi2_1_1" />
    <place ref="pil2_1_1" />
  </curcuit>
  <curcuit ref="216" result="true">
    <place ref="pi3_1_1" />
    <place ref="pil3_1_1" />
  </curcuit>
  <curcuit ref="217" result="true">
    <place ref="pi1_1_1" />
    <place ref="pil1_1_1" />
  </curcuit>
  <curcuit ref="218" result="true">
    <place ref="pi2_1_1" />
    <place ref="pil2_1_1" />
  </curcuit>
  <curcuit ref="219" result="true">
    <place ref="pi3_1_1" />
    <place ref="pil3_1_1" />
  </curcuit>
  <curcuit ref="220" result="false" />
  <curcuit ref="221" result="true">
    <place ref="pi5_1_1" />
    <place ref="pil5_1_1" />
  </curcuit>
  <curcuit ref="222" result="true">
    <place ref="pi5_1_1" />
    <place ref="pil5_1_1" />
  </curcuit>
  <curcuit ref="223" result="true">
    <place ref="pi5_1_1" />
    <place ref="pil5_1_1" />
  </curcuit>
  <curcuit ref="224" result="true">
    <place ref="pi5_1_1" />
    <place ref="pil5_1_1" />
  </curcuit>
  <curcuit ref="225" result="true">
    <place ref="pi5_1_1" />
    <place ref="pil5_1_1" />
  </curcuit>
  <curcuit ref="226" result="true">
    <place ref="pi5_1_1" />
    <place ref="pil5_1_1" />
  </curcuit>
  <curcuit ref="227" result="true">
    <place ref="pi5_1_1" />
    <place ref="pil5_1_1" />
  </curcuit>
  <curcuit ref="228" result="true">
    <place ref="pi5_1_1" />
    <place ref="pil5_1_1" />
  </curcuit>
  <curcuit ref="229" result="true">
    <place ref="pi5_1_1" />
    <place ref="pil5_1_1" />
  </curcuit>
  <curcuit ref="230" result="true">
    <place ref="pi5_1_1" />
    <place ref="pil5_1_1" />
  </curcuit>
  <curcuit ref="231" result="true">
    <place ref="pi5_1_1" />
    <place ref="pil5_1_1" />
  </curcuit>
  <curcuit ref="232" result="false" />
  <curcuit ref="233" result="true">
    <place ref="pi5_1_1" />
    <place ref="pil5_1_1" />
  </curcuit>
  <curcuit ref="234" result="false" />
  <curcuit ref="235" result="false" />
  <curcuit ref="236" result="false" />
  <curcuit ref="237" result="false" />
  <curcuit ref="238" result="false" />
  <curcuit ref="239" result="false" />
  <curcuit ref="240" result="true">
    <place ref="pb1_1_1" />
    <place ref="pb2_1_1" />
    <place ref="pb3_1_1" />
    <place ref="pb4_1_1" />
    <place ref="pb5_1_1" />
    <place ref="pb6_1_1" />
    <place ref="pbl_1_1" />
  </curcuit>
  <curcuit ref="241" result="false" />
  <curcuit ref="242" result="false" />
  <curcuit ref="243" result="false" />
  <curcuit ref="244" result="false" />
  <curcuit ref="245" result="false" />
  <curcuit ref="246" result="false" />
  <curcuit ref="247" result="false" />
  <curcuit ref="248" result="false" />
  <curcuit ref="249" result="false" />
  <curcuit ref="250" result="false" />
  <curcuit ref="251" result="false" />
  <curcuit ref="252" result="false" />
  <curcuit ref="253" result="true">
    <place ref="pi6_1_1" />
    <place ref="pil6_1_1" />
  </curcuit>
  <curcuit ref="254" result="true">
    <place ref="pi6_1_1" />
    <place ref="pil6_1_1" />
  </curcuit>
  <curcuit ref="255" result="true">
    <place ref="pi6_1_1" />
    <place ref="pil6_1_1" />
  </curcuit>
  <curcuit ref="256" result="true">
    <place ref="pi6_1_1" />
    <place ref="pil6_1_1" />
  </curcuit>
  <curcuit ref="257" result="true">
    <place ref="pi6_1_1" />
    <place ref="pil6_1_1" />
  </curcuit>
  <curcuit ref="258" result="true">
    <place ref="pi6_1_1" />
    <place ref="pil6_1_1" />
  </curcuit>
  <curcuit ref="259" result="true">
    <place ref="pi6_1_1" />
    <place ref="pil6_1_1" />
  </curcuit>
  <curcuit ref="260" result="true">
    <place ref="pi6_1_1" />
    <place ref="pil6_1_1" />
  </curcuit>
  <curcuit ref="261" result="true">
    <place ref="pi6_1_1" />
    <place ref="pil6_1_1" />
  </curcuit>
  <curcuit ref="262" result="true">
    <place ref="pi6_1_1" />
    <place ref="pil6_1_1" />
  </curcuit>
  <curcuit ref="263" result="true">
    <place ref="pi6_1_1" />
    <place ref="pil6_1_1" />
  </curcuit>
  <curcuit ref="264" result="true">
    <place ref="pi6_1_1" />
    <place ref="pil6_1_1" />
  </curcuit>
  <curcuit ref="265" result="false" />
  <curcuit ref="266" result="false" />
  <curcuit ref="267" result="false" />
  <curcuit ref="268" result="true">
    <place ref="pi1_1_1" />
    <place ref="pil1_1_1" />
  </curcuit>
  <curcuit ref="269" result="false" />
  <curcuit ref="270" result="true">
    <place ref="pi2_1_1" />
    <place ref="pil2_1_1" />
  </curcuit>
  <curcuit ref="271" result="true">
    <place ref="pi2_1_1" />
    <place ref="pil2_1_1" />
  </curcuit>
  <curcuit ref="272" result="true">
    <place ref="pi2_1_1" />
    <place ref="pil2_1_1" />
  </curcuit>
  <curcuit ref="273" result="true">
    <place ref="pi2_1_1" />
    <place ref="pil2_1_1" />
  </curcuit>
  <curcuit ref="274" result="true">
    <place ref="pi2_1_1" />
    <place ref="pil2_1_1" />
  </curcuit>
  <curcuit ref="275" result="true">
    <place ref="pi2_1_1" />
    <place ref="pil2_1_1" />
  </curcuit>
  <curcuit ref="276" result="true">
    <place ref="pi2_1_1" />
    <place ref="pil2_1_1" />
  </curcuit>
  <curcuit ref="277" result="true">
    <place ref="pi2_1_1" />
    <place ref="pil2_1_1" />
  </curcuit>
  <curcuit ref="278" result="true">
    <place ref="pi2_1_1" />
    <place ref="pil2_1_1" />
  </curcuit>
  <curcuit ref="279" result="true">
    <place ref="pi2_1_1" />
    <place ref="pil2_1_1" />
  </curcuit>
  <curcuit ref="280" result="true">
    <place ref="pi2_1_1" />
    <place ref="pil2_1_1" />
  </curcuit>
  <curcuit ref="281" result="true">
    <place ref="pi2_1_1" />
    <place ref="pil2_1_1" />
  </curcuit>
  <curcuit ref="282" result="true">
    <place ref="pi2_1_1" />
    <place ref="pil2_1_1" />
  </curcuit>
  <curcuit ref="283" result="true">
    <place ref="pi2_1_1" />
    <place ref="pil2_1_1" />
  </curcuit>
  <curcuit ref="284" result="true">
    <place ref="pi2_1_1" />
    <place ref="pil2_1_1" />
  </curcuit>
  <curcuit ref="285" result="true">
    <place ref="pi2_1_1" />
    <place ref="pil2_1_1" />
  </curcuit>
  <curcuit ref="286" result="true">
    <place ref="pi2_1_1" />
    <place ref="pil2_1_1" />
  </curcuit>
  <curcuit ref="287" result="true">
    <place ref="pi2_1_1" />
    <place ref="pil2_1_1" />
  </curcuit>
  <curcuit ref="288" result="true">
    <place ref="pi2_1_1" />
    <place ref="pil2_1_1" />
  </curcuit>
  <curcuit ref="289" result="true">
    <place ref="pi2_1_1" />
    <place ref="pil2_1_1" />
  </curcuit>
  <curcuit ref="290" result="true">
    <place ref="pi2_1_1" />
    <place ref="pil2_1_1" />
  </curcuit>
  <curcuit ref="291" result="true">
    <place ref="pi2_1_1" />
    <place ref="pil2_1_1" />
  </curcuit>
  <curcuit ref="292" result="true">
    <place ref="pi2_1_1" />
    <place ref="pil2_1_1" />
  </curcuit>
  <curcuit ref="293" result="true">
    <place ref="pi3_1_1" />
    <place ref="pil3_1_1" />
  </curcuit>
  <curcuit ref="294" result="true">
    <place ref="pi4_1_1" />
    <place ref="pil4_1_1" />
  </curcuit>
  <curcuit ref="295" result="true">
    <place ref="pi4_1_1" />
    <place ref="pil4_1_1" />
  </curcuit>
  <curcuit ref="296" result="true">
    <place ref="pi4_1_1" />
    <place ref="pil4_1_1" />
  </curcuit>
  <curcuit ref="297" result="true">
    <place ref="pi4_1_1" />
    <place ref="pil4_1_1" />
  </curcuit>
  <curcuit ref="298" result="true">
    <place ref="pi4_1_1" />
    <place ref="pil4_1_1" />
  </curcuit>
  <curcuit ref="299" result="true">
    <place ref="pi4_1_1" />
    <place ref="pil4_1_1" />
  </curcuit>
  <curcuit ref="300" result="true">
    <place ref="pi4_1_1" />
    <place ref="pil4_1_1" />
  </curcuit>
  <curcuit ref="301" result="true">
    <place ref="pi4_1_1" />
    <place ref="pil4_1_1" />
  </curcuit>
  <curcuit ref="302" result="true">
    <place ref="pi4_1_1" />
    <place ref="pil4_1_1" />
  </curcuit>
  <curcuit ref="303" result="true">
    <place ref="pi4_1_1" />
    <place ref="pil4_1_1" />
  </curcuit>
  <curcuit ref="304" result="true">
    <place ref="pi4_1_1" />
    <place ref="pil4_1_1" />
  </curcuit>
  <curcuit ref="305" result="true">
    <place ref="pi4_1_1" />
    <place ref="pil4_1_1" />
  </curcuit>
  <curcuit ref="306" result="false" />
  <curcuit ref="307" result="true">
    <place ref="pi1_1_1" />
    <place ref="pil1_1_1" />
  </curcuit>
  <curcuit ref="308" result="true">
    <place ref="pi3_1_1" />
    <place ref="pil3_1_1" />
  </curcuit>
  <curcuit ref="309" result="false" />
  <curcuit ref="310" result="false" />
  <curcuit ref="311" result="true">
    <place ref="pi1_1_1" />
    <place ref="pil1_1_1" />
  </curcuit>
  <curcuit ref="312" result="true">
    <place ref="pi3_1_1" />
    <place ref="pil3_1_1" />
  </curcuit>
  <curcuit ref="313" result="false" />
  <curcuit ref="314" result="false" />
  <curcuit ref="315" result="false" />
  <curcuit ref="316" result="true">
    <place ref="pi6_1_1" />
    <place ref="pil6_1_1" />
  </curcuit>
  <curcuit ref="317" result="true">
    <place ref="pi6_1_1" />
    <place ref="pil6_1_1" />
  </curcuit>
  <curcuit ref="318" result="true">
    <place ref="pi1_1_1" />
    <place ref="pil1_1_1" />
  </curcuit>
  <curcuit ref="319" result="true">
    <place ref="pi2_1_1" />
    <place ref="pil2_1_1" />
  </curcuit>
  <curcuit ref="320" result="true">
    <place ref="pi2_1_1" />
    <place ref="pil2_1_1" />
  </curcuit>
  <curcuit ref="321" result="true">
    <place ref="pi3_1_1" />
    <place ref="pil3_1_1" />
  </curcuit>
  <curcuit ref="322" result="false" />
  <curcuit ref="323" result="true">
    <place ref="pi1_1_1" />
    <place ref="pil1_1_1" />
  </curcuit>
  <curcuit ref="324" result="true">
    <place ref="pi3_1_1" />
    <place ref="pil3_1_1" />
  </curcuit>
  <curcuit ref="325" result="false" />
  <curcuit ref="326" result="true">
    <place ref="pi5_1_1" />
    <place ref="pil5_1_1" />
  </curcuit>
  <curcuit ref="327" result="true">
    <place ref="pi5_1_1" />
    <place ref="pil5_1_1" />
  </curcuit>
  <curcuit ref="328" result="true">
    <place ref="pi5_1_1" />
    <place ref="pil5_1_1" />
  </curcuit>
  <curcuit ref="329" result="true">
    <place ref="pi5_1_1" />
    <place ref="pil5_1_1" />
  </curcuit>
  <curcuit ref="330" result="false" />
  <curcuit ref="331" result="false" />
  <curcuit ref="332" result="false" />
  <curcuit ref="333" result="false" />
  <curcuit ref="334" result="true">
    <place ref="pi6_1_1" />
    <place ref="pil6_1_1" />
  </curcuit>
  <curcuit ref="335" result="true">
    <place ref="pi6_1_1" />
    <place ref="pil6_1_1" />
  </curcuit>
  <curcuit ref="336" result="true">
    <place ref="pi1_1_1" />
    <place ref="pil1_1_1" />
  </curcuit>
  <curcuit ref="337" result="true">
    <place ref="pi2_1_1" />
    <place ref="pil2_1_1" />
  </curcuit>
  <curcuit ref="338" result="true">
    <place ref="pi2_1_1" />
    <place ref="pil2_1_1" />
  </curcuit>
  <curcuit ref="339" result="true">
    <place ref="pi2_1_1" />
    <place ref="pil2_1_1" />
  </curcuit>
  <curcuit ref="340" result="true">
    <place ref="pi2_1_1" />
    <place ref="pil2_1_1" />
  </curcuit>
  <curcuit ref="341" result="true">
    <place ref="pi3_1_1" />
    <place ref="pil3_1_1" />
  </curcuit>
  <curcuit ref="342" result="true">
    <place ref="pi5_1_1" />
    <place ref="pil5_1_1" />
  </curcuit>
  <curcuit ref="343" result="true">
    <place ref="pi5_1_1" />
    <place ref="pil5_1_1" />
  </curcuit>
  <curcuit ref="344" result="false" />
  <curcuit ref="345" result="false" />
  <curcuit ref="346" result="true">
    <place ref="pi6_1_1" />
    <place ref="pil6_1_1" />
  </curcuit>
  <curcuit ref="347" result="true">
    <place ref="pi6_1_1" />
    <place ref="pil6_1_1" />
  </curcuit>
  <curcuit ref="348" result="true">
    <place ref="pi1_1_1" />
    <place ref="pil1_1_1" />
  </curcuit>
  <curcuit ref="349" result="true">
    <place ref="pi2_1_1" />
    <place ref="pil2_1_1" />
  </curcuit>
  <curcuit ref="350" result="true">
    <place ref="pi2_1_1" />
    <place ref="pil2_1_1" />
  </curcuit>
  <curcuit ref="351" result="true">
    <place ref="pi3_1_1" />
    <place ref="pil3_1_1" />
  </curcuit>
  <curcuit ref="352" result="false" />
  <curcuit ref="353" result="true">
    <place ref="pi1_1_1" />
    <place ref="pil1_1_1" />
  </curcuit>
  <curcuit ref="354" result="true">
    <place ref="pi3_1_1" />
    <place ref="pil3_1_1" />
  </curcuit>
  <curcuit ref="355" result="false" />
  <curcuit ref="356" result="true">
    <place ref="pi1_1_1" />
    <place ref="pil1_1_1" />
  </curcuit>
  <curcuit ref="357" result="true">
    <place ref="pi3_1_1" />
    <place ref="pil3_1_1" />
  </curcuit>
  <curcuit ref="358" result="true">
    <place ref="pi5_1_1" />
    <place ref="pil5_1_1" />
  </curcuit>
  <curcuit ref="359" result="true">
    <place ref="pi5_1_1" />
    <place ref="pil5_1_1" />
  </curcuit>
  <curcuit ref="360" result="true">
    <place ref="pi5_1_1" />
    <place ref="pil5_1_1" />
  </curcuit>
  <curcuit ref="361" result="true">
    <place ref="pi5_1_1" />
    <place ref="pil5_1_1" />
  </curcuit>
  <curcuit ref="362" result="false" />
  <curcuit ref="363" result="false" />
  <curcuit ref="364" result="false" />
  <curcuit ref="365" result="false" />
  <curcuit ref="366" result="false" />
  <curcuit ref="367" result="false" />
  <curcuit ref="368" result="true">
    <place ref="pi6_1_1" />
    <place ref="pil6_1_1" />
  </curcuit>
  <curcuit ref="369" result="true">
    <place ref="pi6_1_1" />
    <place ref="pil6_1_1" />
  </curcuit>
  <curcuit ref="370" result="true">
    <place ref="pi6_1_1" />
    <place ref="pil6_1_1" />
  </curcuit>
  <curcuit ref="371" result="true">
    <place ref="pi6_1_1" />
    <place ref="pil6_1_1" />
  </curcuit>
  <curcuit ref="372" result="false" />
  <curcuit ref="373" result="false" />
  <curcuit ref="374" result="true">
    <place ref="pi1_1_1" />
    <place ref="pil1_1_1" />
  </curcuit>
  <curcuit ref="375" result="true">
    <place ref="pi2_1_1" />
    <place ref="pil2_1_1" />
  </curcuit>
  <curcuit ref="376" result="true">
    <place ref="pi2_1_1" />
    <place ref="pil2_1_1" />
  </curcuit>
  <curcuit ref="377" result="true">
    <place ref="pi2_1_1" />
    <place ref="pil2_1_1" />
  </curcuit>
  <curcuit ref="378" result="true">
    <place ref="pi2_1_1" />
    <place ref="pil2_1_1" />
  </curcuit>
  <curcuit ref="379" result="true">
    <place ref="pi2_1_1" />
    <place ref="pil2_1_1" />
  </curcuit>
  <curcuit ref="380" result="true">
    <place ref="pi2_1_1" />
    <place ref="pil2_1_1" />
  </curcuit>
  <curcuit ref="381" result="true">
    <place ref="pi2_1_1" />
    <place ref="pil2_1_1" />
  </curcuit>
  <curcuit ref="382" result="true">
    <place ref="pi2_1_1" />
    <place ref="pil2_1_1" />
  </curcuit>
  <curcuit ref="383" result="true">
    <place ref="pi3_1_1" />
    <place ref="pil3_1_1" />
  </curcuit>
  <curcuit ref="384" result="true">
    <place ref="pi4_1_1" />
    <place ref="pil4_1_1" />
  </curcuit>
  <curcuit ref="385" result="true">
    <place ref="pi4_1_1" />
    <place ref="pil4_1_1" />
  </curcuit>
  <curcuit ref="386" result="true">
    <place ref="pi4_1_1" />
    <place ref="pil4_1_1" />
  </curcuit>
  <curcuit ref="387" result="true">
    <place ref="pi4_1_1" />
    <place ref="pil4_1_1" />
  </curcuit>
  <curcuit ref="388" result="true">
    <place ref="pi4_1_1" />
    <place ref="pil4_1_1" />
  </curcuit>
  <curcuit ref="389" result="true">
    <place ref="pi4_1_1" />
    <place ref="pil4_1_1" />
  </curcuit>
  <curcuit ref="390" result="true">
    <place ref="pi4_1_1" />
    <place ref="pil4_1_1" />
  </curcuit>
  <curcuit ref="391" result="true">
    <place ref="pi4_1_1" />
    <place ref="pil4_1_1" />
  </curcuit>
  <curcuit ref="392" result="false" />
  <curcuit ref="393" result="true">
    <place ref="pi1_1_1" />
    <place ref="pil1_1_1" />
  </curcuit>
  <curcuit ref="394" result="true">
    <place ref="pi3_1_1" />
    <place ref="pil3_1_1" />
  </curcuit>
  <curcuit ref="395" result="false" />
  <curcuit ref="396" result="true">
    <place ref="pi1_1_1" />
    <place ref="pil1_1_1" />
  </curcuit>
  <curcuit ref="397" result="true">
    <place ref="pi3_1_1" />
    <place ref="pil3_1_1" />
  </curcuit>
  <curcuit ref="398" result="false" />
  <curcuit ref="399" result="false" />
  <curcuit ref="400" result="true">
    <place ref="pi6_1_1" />
    <place ref="pil6_1_1" />
  </curcuit>
  <curcuit ref="401" result="true">
    <place ref="pi6_1_1" />
    <place ref="pil6_1_1" />
  </curcuit>
  <curcuit ref="402" result="true">
    <place ref="pi1_1_1" />
    <place ref="pil1_1_1" />
  </curcuit>
  <curcuit ref="403" result="true">
    <place ref="pi2_1_1" />
    <place ref="pil2_1_1" />
  </curcuit>
  <curcuit ref="404" result="true">
    <place ref="pi2_1_1" />
    <place ref="pil2_1_1" />
  </curcuit>
  <curcuit ref="405" result="true">
    <place ref="pi3_1_1" />
    <place ref="pil3_1_1" />
  </curcuit>
  <curcuit ref="406" result="true">
    <place ref="pi4_1_1" />
    <place ref="pil4_1_1" />
  </curcuit>
  <curcuit ref="407" result="true">
    <place ref="pi4_1_1" />
    <place ref="pil4_1_1" />
  </curcuit>
  <curcuit ref="408" result="false" />
  <curcuit ref="409" result="true">
    <place ref="pi1_1_1" />
    <place ref="pil1_1_1" />
  </curcuit>
  <curcuit ref="410" result="true">
    <place ref="pi3_1_1" />
    <place ref="pil3_1_1" />
  </curcuit>
  <curcuit ref="411" result="false" />
  <curcuit ref="412" result="true">
    <place ref="pi1_1_1" />
    <place ref="pil1_1_1" />
  </curcuit>
  <curcuit ref="413" result="true">
    <place ref="pi3_1_1" />
    <place ref="pil3_1_1" />
  </curcuit>
  <curcuit ref="414" result="true">
    <place ref="pi5_1_1" />
    <place ref="pil5_1_1" />
  </curcuit>
  <curcuit ref="415" result="true">
    <place ref="pi5_1_1" />
    <place ref="pil5_1_1" />
  </curcuit>
  <curcuit ref="416" result="true">
    <place ref="pi5_1_1" />
    <place ref="pil5_1_1" />
  </curcuit>
  <curcuit ref="417" result="true">
    <place ref="pi5_1_1" />
    <place ref="pil5_1_1" />
  </curcuit>
  <curcuit ref="418" result="false" />
  <curcuit ref="419" result="false" />
  <curcuit ref="420" result="false" />
  <curcuit ref="421" result="false" />
  <curcuit ref="422" result="true">
    <place ref="pi6_1_1" />
    <place ref="pil6_1_1" />
  </curcuit>
  <curcuit ref="423" result="true">
    <place ref="pi6_1_1" />
    <place ref="pil6_1_1" />
  </curcuit>
  <curcuit ref="424" result="true">
    <place ref="pi1_1_1" />
    <place ref="pil1_1_1" />
  </curcuit>
  <curcuit ref="425" result="true">
    <place ref="pi2_1_1" />
    <place ref="pil2_1_1" />
  </curcuit>
  <curcuit ref="426" result="true">
    <place ref="pi2_1_1" />
    <place ref="pil2_1_1" />
  </curcuit>
  <curcuit ref="427" result="true">
    <place ref="pi2_1_1" />
    <place ref="pil2_1_1" />
  </curcuit>
  <curcuit ref="428" result="true">
    <place ref="pi2_1_1" />
    <place ref="pil2_1_1" />
  </curcuit>
  <curcuit ref="429" result="true">
    <place ref="pi3_1_1" />
    <place ref="pil3_1_1" />
  </curcuit>
  <curcuit ref="430" result="true">
    <place ref="pi4_1_1" />
    <place ref="pil4_1_1" />
  </curcuit>
  <curcuit ref="431" result="true">
    <place ref="pi4_1_1" />
    <place ref="pil4_1_1" />
  </curcuit>
  <curcuit ref="432" result="true">
    <place ref="pi4_1_1" />
    <place ref="pil4_1_1" />
  </curcuit>
  <curcuit ref="433" result="true">
    <place ref="pi4_1_1" />
    <place ref="pil4_1_1" />
  </curcuit>
  <curcuit ref="434" result="true">
    <place ref="pi5_1_1" />
    <place ref="pil5_1_1" />
  </curcuit>
  <curcuit ref="435" result="true">
    <place ref="pi5_1_1" />
    <place ref="pil5_1_1" />
  </curcuit>
  <curcuit ref="436" result="false" />
  <curcuit ref="437" result="false" />
  <curcuit ref="438" result="true">
    <place ref="pi6_1_1" />
    <place ref="pil6_1_1" />
  </curcuit>
  <curcuit ref="439" result="true">
    <place ref="pi6_1_1" />
    <place ref="pil6_1_1" />
  </curcuit>
  <curcuit ref="440" result="true">
    <place ref="pi1_1_1" />
    <place ref="pil1_1_1" />
  </curcuit>
  <curcuit ref="441" result="true">
    <place ref="pi2_1_1" />
    <place ref="pil2_1_1" />
  </curcuit>
  <curcuit ref="442" result="true">
    <place ref="pi2_1_1" />
    <place ref="pil2_1_1" />
  </curcuit>
  <curcuit ref="443" result="true">
    <place ref="pi3_1_1" />
    <place ref="pil3_1_1" />
  </curcuit>
  <curcuit ref="444" result="true">
    <place ref="pi4_1_1" />
    <place ref="pil4_1_1" />
  </curcuit>
  <curcuit ref="445" result="true">
    <place ref="pi4_1_1" />
    <place ref="pil4_1_1" />
  </curcuit>
  <curcuit ref="446" result="false" />
  <curcuit ref="447" result="true">
    <place ref="pi1_1_1" />
    <place ref="pil1_1_1" />
  </curcuit>
  <curcuit ref="448" result="true">
    <place ref="pi3_1_1" />
    <place ref="pil3_1_1" />
  </curcuit>
  <curcuit ref="449" result="false" />
  <curcuit ref="450" result="true">
    <place ref="pi1_1_1" />
    <place ref="pil1_1_1" />
  </curcuit>
  <curcuit ref="451" result="true">
    <place ref="pi3_1_1" />
    <place ref="pil3_1_1" />
  </curcuit>
  <curcuit ref="452" result="true">
    <place ref="pi1_1_1" />
    <place ref="pil1_1_1" />
  </curcuit>
  <curcuit ref="453" result="true">
    <place ref="pi3_1_1" />
    <place ref="pil3_1_1" />
  </curcuit>
  <curcuit ref="454" result="false" />
  <curcuit ref="455" result="false" />
  <curcuit ref="456" result="false" />
  <curcuit ref="457" result="false" />
  <curcuit ref="458" result="false" />
  <curcuit ref="459" result="false" />
  <curcuit ref="460" result="true">
    <place ref="pb1_1_1" />
    <place ref="pb2_1_1" />
    <place ref="pb3_1_1" />
    <place ref="pb4_1_1" />
    <place ref="pb5_1_1" />
    <place ref="pb6_1_1" />
    <place ref="pbl_1_1" />
  </curcuit>
  <curcuit ref="461" result="false" />
  <curcuit ref="462" result="false" />
  <curcuit ref="463" result="false" />
  <curcuit ref="464" result="false" />
  <curcuit ref="465" result="false" />
  <curcuit ref="466" result="false" />
  <curcuit ref="467" result="false" />
  <curcuit ref="468" result="false" />
  <curcuit ref="469" result="false" />
  <curcuit ref="470" result="true">
    <place ref="pi5_1_1" />
    <place ref="pil5_1_1" />
  </curcuit>
  <curcuit ref="471" result="true">
    <place ref="pi5_1_1" />
    <place ref="pil5_1_1" />
  </curcuit>
  <curcuit ref="472" result="true">
    <place ref="pi5_1_1" />
    <place ref="pil5_1_1" />
  </curcuit>
  <curcuit ref="473" result="true">
    <place ref="pi5_1_1" />
    <place ref="pil5_1_1" />
  </curcuit>
  <curcuit ref="474" result="true">
    <place ref="pi5_1_1" />
    <place ref="pil5_1_1" />
  </curcuit>
  <curcuit ref="475" result="true">
    <place ref="pi5_1_1" />
    <place ref="pil5_1_1" />
  </curcuit>
  <curcuit ref="476" result="true">
    <place ref="pi5_1_1" />
    <place ref="pil5_1_1" />
  </curcuit>
  <curcuit ref="477" result="true">
    <place ref="pi5_1_1" />
    <place ref="pil5_1_1" />
  </curcuit>
  <curcuit ref="478" result="true">
    <place ref="pi5_1_1" />
    <place ref="pil5_1_1" />
  </curcuit>
  <curcuit ref="479" result="true">
    <place ref="pi5_1_1" />
    <place ref="pil5_1_1" />
  </curcuit>
  <curcuit ref="480" result="true">
    <place ref="pi5_1_1" />
    <place ref="pil5_1_1" />
  </curcuit>
  <curcuit ref="481" result="true">
    <place ref="pi5_1_1" />
    <place ref="pil5_1_1" />
  </curcuit>
  <curcuit ref="482" result="true">
    <place ref="pi5_1_1" />
    <place ref="pil5_1_1" />
  </curcuit>
  <curcuit ref="483" result="true">
    <place ref="pi5_1_1" />
    <place ref="pil5_1_1" />
  </curcuit>
  <curcuit ref="484" result="false" />
  <curcuit ref="485" result="true">
    <place ref="pi5_1_1" />
    <place ref="pil5_1_1" />
  </curcuit>
  <curcuit ref="486" result="true">
    <place ref="pi5_1_1" />
    <place ref="pil5_1_1" />
  </curcuit>
  <curcuit ref="487" result="false" />
  <curcuit ref="488" result="false" />
  <curcuit ref="489" result="false" />
  <curcuit ref="490" result="false" />
  <curcuit ref="491" result="false" />
  <curcuit ref="492" result="false" />
  <curcuit ref="493" result="false" />
  <curcuit ref="494" result="false" />
  <curcuit ref="495" result="false" />
  <curcuit ref="496" result="false" />
  <curcuit ref="497" result="false" />
  <curcuit ref="498" result="false" />
  <curcuit ref="499" result="false" />
  <curcuit ref="500" result="true">
    <place ref="pi6_1_1" />
    <place ref="pil6_1_1" />
  </curcuit>
  <curcuit ref="501" result="true">
    <place ref="pi6_1_1" />
    <place ref="pil6_1_1" />
  </curcuit>
  <curcuit ref="502" result="true">
    <place ref="pi6_1_1" />
    <place ref="pil6_1_1" />
  </curcuit>
  <curcuit ref="503" result="true">
    <place ref="pi6_1_1" />
    <place ref="pil6_1_1" />
  </curcuit>
  <curcuit ref="504" result="true">
    <place ref="pi6_1_1" />
    <place ref="pil6_1_1" />
  </curcuit>
  <curcuit ref="505" result="true">
    <place ref="pi6_1_1" />
    <place ref="pil6_1_1" />
  </curcuit>
  <curcuit ref="506" result="true">
    <place ref="pi6_1_1" />
    <place ref="pil6_1_1" />
  </curcuit>
  <curcuit ref="507" result="true">
    <place ref="pi6_1_1" />
    <place ref="pil6_1_1" />
  </curcuit>
  <curcuit ref="508" result="true">
    <place ref="pi6_1_1" />
    <place ref="pil6_1_1" />
  </curcuit>
  <curcuit ref="509" result="true">
    <place ref="pi6_1_1" />
    <place ref="pil6_1_1" />
  </curcuit>
  <curcuit ref="510" result="true">
    <place ref="pi6_1_1" />
    <place ref="pil6_1_1" />
  </curcuit>
  <curcuit ref="511" result="true">
    <place ref="pi6_1_1" />
    <place ref="pil6_1_1" />
  </curcuit>
  <curcuit ref="512" result="true">
    <place ref="pi6_1_1" />
    <place ref="pil6_1_1" />
  </curcuit>
  <curcuit ref="513" result="true">
    <place ref="pi6_1_1" />
    <place ref="pil6_1_1" />
  </curcuit>
  <curcuit ref="514" result="true">
    <place ref="pi6_1_1" />
    <place ref="pil6_1_1" />
  </curcuit>
  <curcuit ref="515" result="true">
    <place ref="pi6_1_1" />
    <place ref="pil6_1_1" />
  </curcuit>
  <curcuit ref="516" result="false" />
  <curcuit ref="517" result="false" />
  <curcuit ref="518" result="true">
    <place ref="pi1_1_1" />
    <place ref="pil1_1_1" />
  </curcuit>
  <curcuit ref="519" result="true">
    <place ref="pi2_1_1" />
    <place ref="pil2_1_1" />
  </curcuit>
  <curcuit ref="520" result="true">
    <place ref="pi2_1_1" />
    <place ref="pil2_1_1" />
  </curcuit>
  <curcuit ref="521" result="true">
    <place ref="pi2_1_1" />
    <place ref="pil2_1_1" />
  </curcuit>
  <curcuit ref="522" result="true">
    <place ref="pi2_1_1" />
    <place ref="pil2_1_1" />
  </curcuit>
  <curcuit ref="523" result="true">
    <place ref="pi2_1_1" />
    <place ref="pil2_1_1" />
  </curcuit>
  <curcuit ref="524" result="true">
    <place ref="pi2_1_1" />
    <place ref="pil2_1_1" />
  </curcuit>
  <curcuit ref="525" result="true">
    <place ref="pi2_1_1" />
    <place ref="pil2_1_1" />
  </curcuit>
  <curcuit ref="526" result="true">
    <place ref="pi2_1_1" />
    <place ref="pil2_1_1" />
  </curcuit>
  <curcuit ref="527" result="true">
    <place ref="pi2_1_1" />
    <place ref="pil2_1_1" />
  </curcuit>
  <curcuit ref="528" result="true">
    <place ref="pi2_1_1" />
    <place ref="pil2_1_1" />
  </curcuit>
  <curcuit ref="529" result="true">
    <place ref="pi2_1_1" />
    <place ref="pil2_1_1" />
  </curcuit>
  <curcuit ref="530" result="true">
    <place ref="pi2_1_1" />
    <place ref="pil2_1_1" />
  </curcuit>
  <curcuit ref="531" result="true">
    <place ref="pi2_1_1" />
    <place ref="pil2_1_1" />
  </curcuit>
  <curcuit ref="532" result="true">
    <place ref="pi2_1_1" />
    <place ref="pil2_1_1" />
  </curcuit>
  <curcuit ref="533" result="true">
    <place ref="pi2_1_1" />
    <place ref="pil2_1_1" />
  </curcuit>
  <curcuit ref="534" result="true">
    <place ref="pi2_1_1" />
    <place ref="pil2_1_1" />
  </curcuit>
  <curcuit ref="535" result="false" />
  <curcuit ref="536" result="true">
    <place ref="pi3_1_1" />
    <place ref="pil3_1_1" />
  </curcuit>
  <curcuit ref="537" result="true">
    <place ref="pi3_1_1" />
    <place ref="pil3_1_1" />
  </curcuit>
  <curcuit ref="538" result="true">
    <place ref="pi3_1_1" />
    <place ref="pil3_1_1" />
  </curcuit>
  <curcuit ref="539" result="true">
    <place ref="pi3_1_1" />
    <place ref="pil3_1_1" />
  </curcuit>
  <curcuit ref="540" result="true">
    <place ref="pi3_1_1" />
    <place ref="pil3_1_1" />
  </curcuit>
  <curcuit ref="541" result="true">
    <place ref="pi3_1_1" />
    <place ref="pil3_1_1" />
  </curcuit>
  <curcuit ref="542" result="true">
    <place ref="pi3_1_1" />
    <place ref="pil3_1_1" />
  </curcuit>
  <curcuit ref="543" result="true">
    <place ref="pi3_1_1" />
    <place ref="pil3_1_1" />
  </curcuit>
  <curcuit ref="544" result="true">
    <place ref="pi3_1_1" />
    <place ref="pil3_1_1" />
  </curcuit>
  <curcuit ref="545" result="true">
    <place ref="pi3_1_1" />
    <place ref="pil3_1_1" />
  </curcuit>
  <curcuit ref="546" result="true">
    <place ref="pi3_1_1" />
    <place ref="pil3_1_1" />
  </curcuit>
  <curcuit ref="547" result="true">
    <place ref="pi3_1_1" />
    <place ref="pil3_1_1" />
  </curcuit>
  <curcuit ref="548" result="true">
    <place ref="pi3_1_1" />
    <place ref="pil3_1_1" />
  </curcuit>
  <curcuit ref="549" result="true">
    <place ref="pi3_1_1" />
    <place ref="pil3_1_1" />
  </curcuit>
  <curcuit ref="550" result="true">
    <place ref="pi3_1_1" />
    <place ref="pil3_1_1" />
  </curcuit>
  <curcuit ref="551" result="true">
    <place ref="pi3_1_1" />
    <place ref="pil3_1_1" />
  </curcuit>
  <curcuit ref="552" result="true">
    <place ref="pi3_1_1" />
    <place ref="pil3_1_1" />
  </curcuit>
  <curcuit ref="553" result="true">
    <place ref="pi3_1_1" />
    <place ref="pil3_1_1" />
  </curcuit>
  <curcuit ref="554" result="true">
    <place ref="pi3_1_1" />
    <place ref="pil3_1_1" />
  </curcuit>
  <curcuit ref="555" result="true">
    <place ref="pi3_1_1" />
    <place ref="pil3_1_1" />
  </curcuit>
  <curcuit ref="556" result="true">
    <place ref="pi3_1_1" />
    <place ref="pil3_1_1" />
  </curcuit>
  <curcuit ref="557" result="true">
    <place ref="pi3_1_1" />
    <place ref="pil3_1_1" />
  </curcuit>
  <curcuit ref="558" result="true">
    <place ref="pi3_1_1" />
    <place ref="pil3_1_1" />
  </curcuit>
  <curcuit ref="559" result="true">
    <place ref="pi3_1_1" />
    <place ref="pil3_1_1" />
  </curcuit>
  <curcuit ref="560" result="true">
    <place ref="pi3_1_1" />
    <place ref="pil3_1_1" />
  </curcuit>
  <curcuit ref="561" result="true">
    <place ref="pi3_1_1" />
    <place ref="pil3_1_1" />
  </curcuit>
  <curcuit ref="562" result="true">
    <place ref="pi3_1_1" />
    <place ref="pil3_1_1" />
  </curcuit>
  <curcuit ref="563" result="true">
    <place ref="pi3_1_1" />
    <place ref="pil3_1_1" />
  </curcuit>
  <curcuit ref="564" result="true">
    <place ref="pi3_1_1" />
    <place ref="pil3_1_1" />
  </curcuit>
  <curcuit ref="565" result="true">
    <place ref="pi3_1_1" />
    <place ref="pil3_1_1" />
  </curcuit>
  <curcuit ref="566" result="true">
    <place ref="pi3_1_1" />
    <place ref="pil3_1_1" />
  </curcuit>
  <curcuit ref="567" result="true">
    <place ref="pi4_1_1" />
    <place ref="pil4_1_1" />
  </curcuit>
  <curcuit ref="568" result="true">
    <place ref="pi4_1_1" />
    <place ref="pil4_1_1" />
  </curcuit>
  <curcuit ref="569" result="true">
    <place ref="pi4_1_1" />
    <place ref="pil4_1_1" />
  </curcuit>
  <curcuit ref="570" result="true">
    <place ref="pi4_1_1" />
    <place ref="pil4_1_1" />
  </curcuit>
  <curcuit ref="571" result="true">
    <place ref="pi4_1_1" />
    <place ref="pil4_1_1" />
  </curcuit>
  <curcuit ref="572" result="true">
    <place ref="pi4_1_1" />
    <place ref="pil4_1_1" />
  </curcuit>
  <curcuit ref="573" result="true">
    <place ref="pi4_1_1" />
    <place ref="pil4_1_1" />
  </curcuit>
  <curcuit ref="574" result="true">
    <place ref="pi4_1_1" />
    <place ref="pil4_1_1" />
  </curcuit>
  <curcuit ref="575" result="true">
    <place ref="pi4_1_1" />
    <place ref="pil4_1_1" />
  </curcuit>
  <curcuit ref="576" result="true">
    <place ref="pi4_1_1" />
    <place ref="pil4_1_1" />
  </curcuit>
  <curcuit ref="577" result="true">
    <place ref="pi4_1_1" />
    <place ref="pil4_1_1" />
  </curcuit>
  <curcuit ref="578" result="true">
    <place ref="pi4_1_1" />
    <place ref="pil4_1_1" />
  </curcuit>
  <curcuit ref="579" result="true">
    <place ref="pi4_1_1" />
    <place ref="pil4_1_1" />
  </curcuit>
  <curcuit ref="580" result="true">
    <place ref="pi4_1_1" />
    <place ref="pil4_1_1" />
  </curcuit>
  <curcuit ref="581" result="true">
    <place ref="pi4_1_1" />
    <place ref="pil4_1_1" />
  </curcuit>
  <curcuit ref="582" result="true">
    <place ref="pi4_1_1" />
    <place ref="pil4_1_1" />
  </curcuit>
  <curcuit ref="583" result="false" />
  <curcuit ref="584" result="false" />
  <curcuit ref="585" result="true">
    <place ref="pi1_1_1" />
    <place ref="pil1_1_1" />
  </curcuit>
  <curcuit ref="586" result="false" />
  <curcuit ref="587" result="true">
    <place ref="pi1_1_1" />
    <place ref="pil1_1_1" />
  </curcuit>
  <curcuit ref="588" result="false" />
  <curcuit ref="589" result="true">
    <place ref="pi6_1_1" />
    <place ref="pil6_1_1" />
  </curcuit>
  <curcuit ref="590" result="true">
    <place ref="pi1_1_1" />
    <place ref="pil1_1_1" />
  </curcuit>
  <curcuit ref="591" result="true">
    <place ref="pi3_1_1" />
    <place ref="pil3_1_1" />
  </curcuit>
  <curcuit ref="592" result="false" />
  <curcuit ref="593" result="true">
    <place ref="pi1_1_1" />
    <place ref="pil1_1_1" />
  </curcuit>
  <curcuit ref="594" result="true">
    <place ref="pi5_1_1" />
    <place ref="pil5_1_1" />
  </curcuit>
  <curcuit ref="595" result="true">
    <place ref="pi5_1_1" />
    <place ref="pil5_1_1" />
  </curcuit>
  <curcuit ref="596" result="false" />
  <curcuit ref="597" result="false" />
  <curcuit ref="598" result="true">
    <place ref="pi6_1_1" />
    <place ref="pil6_1_1" />
  </curcuit>
  <curcuit ref="599" result="true">
    <place ref="pi1_1_1" />
    <place ref="pil1_1_1" />
  </curcuit>
  <curcuit ref="600" result="true">
    <place ref="pi3_1_1" />
    <place ref="pil3_1_1" />
  </curcuit>
  <curcuit ref="601" result="true">
    <place ref="pi3_1_1" />
    <place ref="pil3_1_1" />
  </curcuit>
  <curcuit ref="602" result="true">
    <place ref="pi5_1_1" />
    <place ref="pil5_1_1" />
  </curcuit>
  <curcuit ref="603" result="false" />
  <curcuit ref="604" result="true">
    <place ref="pi6_1_1" />
    <place ref="pil6_1_1" />
  </curcuit>
  <curcuit ref="605" result="true">
    <place ref="pi1_1_1" />
    <place ref="pil1_1_1" />
  </curcuit>
  <curcuit ref="606" result="true">
    <place ref="pi3_1_1" />
    <place ref="pil3_1_1" />
  </curcuit>
  <curcuit ref="607" result="false" />
  <curcuit ref="608" result="true">
    <place ref="pi1_1_1" />
    <place ref="pil1_1_1" />
  </curcuit>
  <curcuit ref="609" result="true">
    <place ref="pi1_1_1" />
    <place ref="pil1_1_1" />
  </curcuit>
  <curcuit ref="610" result="true">
    <place ref="pi5_1_1" />
    <place ref="pil5_1_1" />
  </curcuit>
  <curcuit ref="611" result="true">
    <place ref="pi5_1_1" />
    <place ref="pil5_1_1" />
  </curcuit>
  <curcuit ref="612" result="false" />
  <curcuit ref="613" result="false" />
  <curcuit ref="614" result="false" />
  <curcuit ref="615" result="true">
    <place ref="pi6_1_1" />
    <place ref="pil6_1_1" />
  </curcuit>
  <curcuit ref="616" result="true">
    <place ref="pi6_1_1" />
    <place ref="pil6_1_1" />
  </curcuit>
  <curcuit ref="617" result="false" />
  <curcuit ref="618" result="true">
    <place ref="pi1_1_1" />
    <place ref="pil1_1_1" />
  </curcuit>
  <curcuit ref="619" result="true">
    <place ref="pi2_1_1" />
    <place ref="pil2_1_1" />
  </curcuit>
  <curcuit ref="620" result="true">
    <place ref="pi2_1_1" />
    <place ref="pil2_1_1" />
  </curcuit>
  <curcuit ref="621" result="true">
    <place ref="pi2_1_1" />
    <place ref="pil2_1_1" />
  </curcuit>
  <curcuit ref="622" result="true">
    <place ref="pi2_1_1" />
    <place ref="pil2_1_1" />
  </curcuit>
  <curcuit ref="623" result="true">
    <place ref="pi3_1_1" />
    <place ref="pil3_1_1" />
  </curcuit>
  <curcuit ref="624" result="true">
    <place ref="pi3_1_1" />
    <place ref="pil3_1_1" />
  </curcuit>
  <curcuit ref="625" result="true">
    <place ref="pi3_1_1" />
    <place ref="pil3_1_1" />
  </curcuit>
  <curcuit ref="626" result="true">
    <place ref="pi3_1_1" />
    <place ref="pil3_1_1" />
  </curcuit>
  <curcuit ref="627" result="true">
    <place ref="pi1_1_1" />
    <place ref="pil1_1_1" />
  </curcuit>
  <curcuit ref="628" result="false" />
  <curcuit ref="629" result="true">
    <place ref="pi1_1_1" />
    <place ref="pil1_1_1" />
  </curcuit>
  <curcuit ref="630" result="true">
    <place ref="pi1_1_1" />
    <place ref="pil1_1_1" />
  </curcuit>
  <curcuit ref="631" result="false" />
  <curcuit ref="632" result="true">
    <place ref="pi6_1_1" />
    <place ref="pil6_1_1" />
  </curcuit>
  <curcuit ref="633" result="true">
    <place ref="pi1_1_1" />
    <place ref="pil1_1_1" />
  </curcuit>
  <curcuit ref="634" result="true">
    <place ref="pi2_1_1" />
    <place ref="pil2_1_1" />
  </curcuit>
  <curcuit ref="635" result="true">
    <place ref="pi3_1_1" />
    <place ref="pil3_1_1" />
  </curcuit>
  <curcuit ref="636" result="false" />
  <curcuit ref="637" result="true">
    <place ref="pi1_1_1" />
    <place ref="pil1_1_1" />
  </curcuit>
  <curcuit ref="638" result="true">
    <place ref="pi1_1_1" />
    <place ref="pil1_1_1" />
  </curcuit>
  <curcuit ref="639" result="true">
    <place ref="pi5_1_1" />
    <place ref="pil5_1_1" />
  </curcuit>
  <curcuit ref="640" result="true">
    <place ref="pi5_1_1" />
    <place ref="pil5_1_1" />
  </curcuit>
  <curcuit ref="641" result="false" />
  <curcuit ref="642" result="false" />
  <curcuit ref="643" result="true">
    <place ref="pi6_1_1" />
    <place ref="pil6_1_1" />
  </curcuit>
  <curcuit ref="644" result="true">
    <place ref="pi1_1_1" />
    <place ref="pil1_1_1" />
  </curcuit>
  <curcuit ref="645" result="true">
    <place ref="pi2_1_1" />
    <place ref="pil2_1_1" />
  </curcuit>
  <curcuit ref="646" result="true">
    <place ref="pi2_1_1" />
    <place ref="pil2_1_1" />
  </curcuit>
  <curcuit ref="647" result="true">
    <place ref="pi3_1_1" />
    <place ref="pil3_1_1" />
  </curcuit>
  <curcuit ref="648" result="true">
    <place ref="pi3_1_1" />
    <place ref="pil3_1_1" />
  </curcuit>
  <curcuit ref="649" result="true">
    <place ref="pi5_1_1" />
    <place ref="pil5_1_1" />
  </curcuit>
  <curcuit ref="650" result="false" />
  <curcuit ref="651" result="true">
    <place ref="pi6_1_1" />
    <place ref="pil6_1_1" />
  </curcuit>
  <curcuit ref="652" result="true">
    <place ref="pi1_1_1" />
    <place ref="pil1_1_1" />
  </curcuit>
  <curcuit ref="653" result="true">
    <place ref="pi2_1_1" />
    <place ref="pil2_1_1" />
  </curcuit>
  <curcuit ref="654" result="true">
    <place ref="pi3_1_1" />
    <place ref="pil3_1_1" />
  </curcuit>
  <curcuit ref="655" result="false" />
  <curcuit ref="656" result="true">
    <place ref="pi1_1_1" />
    <place ref="pil1_1_1" />
  </curcuit>
  <curcuit ref="657" result="true">
    <place ref="pi1_1_1" />
    <place ref="pil1_1_1" />
  </curcuit>
  <curcuit ref="658" result="true">
    <place ref="pi1_1_1" />
    <place ref="pil1_1_1" />
  </curcuit>
  <curcuit ref="659" result="false" />
  <curcuit ref="660" result="false" />
  <curcuit ref="661" result="false" />
  <curcuit ref="662" result="false" />
  <curcuit ref="663" result="true">
    <place ref="pi5_1_1" />
    <place ref="pil5_1_1" />
  </curcuit>
  <curcuit ref="664" result="true">
    <place ref="pi5_1_1" />
    <place ref="pil5_1_1" />
  </curcuit>
  <curcuit ref="665" result="true">
    <place ref="pi5_1_1" />
    <place ref="pil5_1_1" />
  </curcuit>
  <curcuit ref="666" result="true">
    <place ref="pi5_1_1" />
    <place ref="pil5_1_1" />
  </curcuit>
  <curcuit ref="667" result="false" />
  <curcuit ref="668" result="false" />
  <curcuit ref="669" result="false" />
  <curcuit ref="670" result="true">
    <place ref="pi6_1_1" />
    <place ref="pil6_1_1" />
  </curcuit>
  <curcuit ref="671" result="true">
    <place ref="pi6_1_1" />
    <place ref="pil6_1_1" />
  </curcuit>
  <curcuit ref="672" result="true">
    <place ref="pi6_1_1" />
    <place ref="pil6_1_1" />
  </curcuit>
  <curcuit ref="673" result="true">
    <place ref="pi6_1_1" />
    <place ref="pil6_1_1" />
  </curcuit>
  <curcuit ref="674" result="false" />
  <curcuit ref="675" result="true">
    <place ref="pi1_1_1" />
    <place ref="pil1_1_1" />
  </curcuit>
  <curcuit ref="676" result="true">
    <place ref="pi2_1_1" />
    <place ref="pil2_1_1" />
  </curcuit>
  <curcuit ref="677" result="true">
    <place ref="pi2_1_1" />
    <place ref="pil2_1_1" />
  </curcuit>
  <curcuit ref="678" result="true">
    <place ref="pi2_1_1" />
    <place ref="pil2_1_1" />
  </curcuit>
  <curcuit ref="679" result="true">
    <place ref="pi2_1_1" />
    <place ref="pil2_1_1" />
  </curcuit>
  <curcuit ref="680" result="true">
    <place ref="pi3_1_1" />
    <place ref="pil3_1_1" />
  </curcuit>
  <curcuit ref="681" result="true">
    <place ref="pi3_1_1" />
    <place ref="pil3_1_1" />
  </curcuit>
  <curcuit ref="682" result="true">
    <place ref="pi3_1_1" />
    <place ref="pil3_1_1" />
  </curcuit>
  <curcuit ref="683" result="true">
    <place ref="pi3_1_1" />
    <place ref="pil3_1_1" />
  </curcuit>
  <curcuit ref="684" result="true">
    <place ref="pi3_1_1" />
    <place ref="pil3_1_1" />
  </curcuit>
  <curcuit ref="685" result="true">
    <place ref="pi3_1_1" />
    <place ref="pil3_1_1" />
  </curcuit>
  <curcuit ref="686" result="true">
    <place ref="pi3_1_1" />
    <place ref="pil3_1_1" />
  </curcuit>
  <curcuit ref="687" result="true">
    <place ref="pi3_1_1" />
    <place ref="pil3_1_1" />
  </curcuit>
  <curcuit ref="688" result="true">
    <place ref="pi4_1_1" />
    <place ref="pil4_1_1" />
  </curcuit>
  <curcuit ref="689" result="true">
    <place ref="pi4_1_1" />
    <place ref="pil4_1_1" />
  </curcuit>
  <curcuit ref="690" result="true">
    <place ref="pi4_1_1" />
    <place ref="pil4_1_1" />
  </curcuit>
  <curcuit ref="691" result="true">
    <place ref="pi4_1_1" />
    <place ref="pil4_1_1" />
  </curcuit>
  <curcuit ref="692" result="true">
    <place ref="pi4_1_1" />
    <place ref="pil4_1_1" />
  </curcuit>
  <curcuit ref="693" result="true">
    <place ref="pi4_1_1" />
    <place ref="pil4_1_1" />
  </curcuit>
  <curcuit ref="694" result="true">
    <place ref="pi4_1_1" />
    <place ref="pil4_1_1" />
  </curcuit>
  <curcuit ref="695" result="true">
    <place ref="pi4_1_1" />
    <place ref="pil4_1_1" />
  </curcuit>
  <curcuit ref="696" result="false" />
  <curcuit ref="697" result="false" />
  <curcuit ref="698" result="true">
    <place ref="pi1_1_1" />
    <place ref="pil1_1_1" />
  </curcuit>
  <curcuit ref="699" result="true">
    <place ref="pi1_1_1" />
    <place ref="pil1_1_1" />
  </curcuit>
  <curcuit ref="700" result="false" />
  <curcuit ref="701" result="true">
    <place ref="pi6_1_1" />
    <place ref="pil6_1_1" />
  </curcuit>
  <curcuit ref="702" result="true">
    <place ref="pi1_1_1" />
    <place ref="pil1_1_1" />
  </curcuit>
  <curcuit ref="703" result="true">
    <place ref="pi3_1_1" />
    <place ref="pil3_1_1" />
  </curcuit>
  <curcuit ref="704" result="true">
    <place ref="pi4_1_1" />
    <place ref="pil4_1_1" />
  </curcuit>
  <curcuit ref="705" result="false" />
  <curcuit ref="706" result="true">
    <place ref="pi1_1_1" />
    <place ref="pil1_1_1" />
  </curcuit>
  <curcuit ref="707" result="true">
    <place ref="pi1_1_1" />
    <place ref="pil1_1_1" />
  </curcuit>
  <curcuit ref="708" result="false" />
  <curcuit ref="709" result="false" />
  <curcuit ref="710" result="true">
    <place ref="pi6_1_1" />
    <place ref="pil6_1_1" />
  </curcuit>
  <curcuit ref="711" result="true">
    <place ref="pi1_1_1" />
    <place ref="pil1_1_1" />
  </curcuit>
  <curcuit ref="712" result="true">
    <place ref="pi2_1_1" />
    <place ref="pil2_1_1" />
  </curcuit>
  <curcuit ref="713" result="true">
    <place ref="pi2_1_1" />
    <place ref="pil2_1_1" />
  </curcuit>
  <curcuit ref="714" result="true">
    <place ref="pi3_1_1" />
    <place ref="pil3_1_1" />
  </curcuit>
  <curcuit ref="715" result="true">
    <place ref="pi3_1_1" />
    <place ref="pil3_1_1" />
  </curcuit>
  <curcuit ref="716" result="true">
    <place ref="pi4_1_1" />
    <place ref="pil4_1_1" />
  </curcuit>
  <curcuit ref="717" result="true">
    <place ref="pi4_1_1" />
    <place ref="pil4_1_1" />
  </curcuit>
  <curcuit ref="718" result="true">
    <place ref="pi1_1_1" />
    <place ref="pil1_1_1" />
  </curcuit>
  <curcuit ref="719" result="true">
    <place ref="pi1_1_1" />
    <place ref="pil1_1_1" />
  </curcuit>
  <curcuit ref="720" result="false" />
  <curcuit ref="721" result="true">
    <place ref="pi6_1_1" />
    <place ref="pil6_1_1" />
  </curcuit>
  <curcuit ref="722" result="true">
    <place ref="pi1_1_1" />
    <place ref="pil1_1_1" />
  </curcuit>
  <curcuit ref="723" result="true">
    <place ref="pi2_1_1" />
    <place ref="pil2_1_1" />
  </curcuit>
  <curcuit ref="724" result="true">
    <place ref="pi3_1_1" />
    <place ref="pil3_1_1" />
  </curcuit>
  <curcuit ref="725" result="true">
    <place ref="pi4_1_1" />
    <place ref="pil4_1_1" />
  </curcuit>
  <curcuit ref="726" result="false" />
  <curcuit ref="727" result="true">
    <place ref="pi1_1_1" />
    <place ref="pil1_1_1" />
  </curcuit>
  <curcuit ref="728" result="true">
    <place ref="pi1_1_1" />
    <place ref="pil1_1_1" />
  </curcuit>
  <curcuit ref="729" result="true">
    <place ref="pi1_1_1" />
    <place ref="pil1_1_1" />
  </curcuit>
  <curcuit ref="730" result="false" />
  <curcuit ref="731" result="false" />
  <curcuit ref="732" result="true">
    <place ref="pi5_1_1" />
    <place ref="pil5_1_1" />
  </curcuit>
  <curcuit ref="733" result="true">
    <place ref="pi5_1_1" />
    <place ref="pil5_1_1" />
  </curcuit>
  <curcuit ref="734" result="true">
    <place ref="pi5_1_1" />
    <place ref="pil5_1_1" />
  </curcuit>
  <curcuit ref="735" result="true">
    <place ref="pi5_1_1" />
    <place ref="pil5_1_1" />
  </curcuit>
  <curcuit ref="736" result="false" />
  <curcuit ref="737" result="false" />
  <curcuit ref="738" result="true">
    <place ref="pi6_1_1" />
    <place ref="pil6_1_1" />
  </curcuit>
  <curcuit ref="739" result="true">
    <place ref="pi6_1_1" />
    <place ref="pil6_1_1" />
  </curcuit>
  <curcuit ref="740" result="true">
    <place ref="pi1_1_1" />
    <place ref="pil1_1_1" />
  </curcuit>
  <curcuit ref="741" result="true">
    <place ref="pi2_1_1" />
    <place ref="pil2_1_1" />
  </curcuit>
  <curcuit ref="742" result="true">
    <place ref="pi2_1_1" />
    <place ref="pil2_1_1" />
  </curcuit>
  <curcuit ref="743" result="true">
    <place ref="pi3_1_1" />
    <place ref="pil3_1_1" />
  </curcuit>
  <curcuit ref="744" result="true">
    <place ref="pi3_1_1" />
    <place ref="pil3_1_1" />
  </curcuit>
  <curcuit ref="745" result="true">
    <place ref="pi3_1_1" />
    <place ref="pil3_1_1" />
  </curcuit>
  <curcuit ref="746" result="true">
    <place ref="pi3_1_1" />
    <place ref="pil3_1_1" />
  </curcuit>
  <curcuit ref="747" result="true">
    <place ref="pi4_1_1" />
    <place ref="pil4_1_1" />
  </curcuit>
  <curcuit ref="748" result="true">
    <place ref="pi4_1_1" />
    <place ref="pil4_1_1" />
  </curcuit>
  <curcuit ref="749" result="true">
    <place ref="pi4_1_1" />
    <place ref="pil4_1_1" />
  </curcuit>
  <curcuit ref="750" result="true">
    <place ref="pi4_1_1" />
    <place ref="pil4_1_1" />
  </curcuit>
  <curcuit ref="751" result="false" />
  <curcuit ref="752" result="true">
    <place ref="pi5_1_1" />
    <place ref="pil5_1_1" />
  </curcuit>
  <curcuit ref="753" result="true">
    <place ref="pi5_1_1" />
    <place ref="pil5_1_1" />
  </curcuit>
  <curcuit ref="754" result="false" />
  <curcuit ref="755" result="true">
    <place ref="pi6_1_1" />
    <place ref="pil6_1_1" />
  </curcuit>
  <curcuit ref="756" result="true">
    <place ref="pi6_1_1" />
    <place ref="pil6_1_1" />
  </curcuit>
  <curcuit ref="757" result="true">
    <place ref="pi1_1_1" />
    <place ref="pil1_1_1" />
  </curcuit>
  <curcuit ref="758" result="true">
    <place ref="pi2_1_1" />
    <place ref="pil2_1_1" />
  </curcuit>
  <curcuit ref="759" result="true">
    <place ref="pi3_1_1" />
    <place ref="pil3_1_1" />
  </curcuit>
  <curcuit ref="760" result="true">
    <place ref="pi3_1_1" />
    <place ref="pil3_1_1" />
  </curcuit>
  <curcuit ref="761" result="true">
    <place ref="pi4_1_1" />
    <place ref="pil4_1_1" />
  </curcuit>
  <curcuit ref="762" result="true">
    <place ref="pi4_1_1" />
    <place ref="pil4_1_1" />
  </curcuit>
  <curcuit ref="763" result="false" />
  <curcuit ref="764" result="false" />
  <curcuit ref="765" result="true">
    <place ref="pi1_1_1" />
    <place ref="pil1_1_1" />
  </curcuit>
  <curcuit ref="766" result="true">
    <place ref="pi1_1_1" />
    <place ref="pil1_1_1" />
  </curcuit>
  <curcuit ref="767" result="true">
    <place ref="pi1_1_1" />
    <place ref="pil1_1_1" />
  </curcuit>
  <curcuit ref="768" result="true">
    <place ref="pi5_1_1" />
    <place ref="pil5_1_1" />
  </curcuit>
  <curcuit ref="769" result="false" />
  <curcuit ref="770" result="true">
    <place ref="pi1_1_1" />
    <place ref="pil1_1_1" />
  </curcuit>
  <curcuit ref="771" result="true">
    <place ref="pi2_1_1" />
    <place ref="pil2_1_1" />
  </curcuit>
  <curcuit ref="772" result="true">
    <place ref="pi3_1_1" />
    <place ref="pil3_1_1" />
  </curcuit>
  <curcuit ref="773" result="true">
    <place ref="pi4_1_1" />
    <place ref="pil4_1_1" />
  </curcuit>
  <curcuit ref="774" result="true">
    <place ref="pi1_1_1" />
    <place ref="pil1_1_1" />
  </curcuit>
  <curcuit ref="775" result="true">
    <place ref="pi1_1_1" />
    <place ref="pil1_1_1" />
  </curcuit>
  <curcuit ref="776" result="true">
    <place ref="pi1_1_1" />
    <place ref="pil1_1_1" />
  </curcuit>
  <curcuit ref="777" result="false" />
  <curcuit ref="778" result="true">
    <place ref="pi1_1_1" />
    <place ref="pil1_1_1" />
  </curcuit>
  <curcuit ref="779" result="true">
    <place ref="pi1_1_1" />
    <place ref="pil1_1_1" />
  </curcuit>
  <curcuit ref="780" result="true">
    <place ref="pi1_1_1" />
    <place ref="pil1_1_1" />
  </curcuit>
  <curcuit ref="781" result="true">
    <place ref="pi1_1_1" />
    <place ref="pil1_1_1" />
  </curcuit>
  <curcuit ref="782" result="true">
    <place ref="pi5_1_1" />
    <place ref="pil5_1_1" />
  </curcuit>
  <curcuit ref="783" result="false" />
  <curcuit ref="784" result="true">
    <place ref="pi6_1_1" />
    <place ref="pil6_1_1" />
  </curcuit>
  <curcuit ref="785" result="true">
    <place ref="pi1_1_1" />
    <place ref="pil1_1_1" />
  </curcuit>
  <curcuit ref="786" result="true">
    <place ref="pi2_1_1" />
    <place ref="pil2_1_1" />
  </curcuit>
  <curcuit ref="787" result="true">
    <place ref="pi3_1_1" />
    <place ref="pil3_1_1" />
  </curcuit>
  <curcuit ref="788" result="true">
    <place ref="pi4_1_1" />
    <place ref="pil4_1_1" />
  </curcuit>
  <curcuit ref="789" result="false" />
  <curcuit ref="790" result="false" />
  <curcuit ref="791" result="false" />
  <curcuit ref="792" result="false" />
  <curcuit ref="793" result="true">
    <place ref="pb1_1_1" />
    <place ref="pb2_1_1" />
    <place ref="pb3_1_1" />
    <place ref="pb4_1_1" />
    <place ref="pb5_1_1" />
    <place ref="pb6_1_1" />
    <place ref="pbl_1_1" />
  </curcuit>
  <curcuit ref="794" result="false" />
  <curcuit ref="795" result="false" />
  <curcuit ref="796" result="false" />
  <curcuit ref="797" result="false" />
  <curcuit ref="798" result="false" />
  <curcuit ref="799" result="false" />
  <curcuit ref="800" result="false" />
  <curcuit ref="801" result="false" />
  <curcuit ref="802" result="false" />
  <curcuit ref="803" result="false" />
  <curcuit ref="804" result="false" />
  <curcuit ref="805" result="true">
    <place ref="pi5_1_1" />
    <place ref="pil5_1_1" />
  </curcuit>
  <curcuit ref="806" result="true">
    <place ref="pi5_1_1" />
    <place ref="pil5_1_1" />
  </curcuit>
  <curcuit ref="807" result="true">
    <place ref="pi5_1_1" />
    <place ref="pil5_1_1" />
  </curcuit>
  <curcuit ref="808" result="true">
    <place ref="pi5_1_1" />
    <place ref="pil5_1_1" />
  </curcuit>
  <curcuit ref="809" result="true">
    <place ref="pi5_1_1" />
    <place ref="pil5_1_1" />
  </curcuit>
  <curcuit ref="810" result="true">
    <place ref="pi5_1_1" />
    <place ref="pil5_1_1" />
  </curcuit>
  <curcuit ref="811" result="true">
    <place ref="pi5_1_1" />
    <place ref="pil5_1_1" />
  </curcuit>
  <curcuit ref="812" result="true">
    <place ref="pi5_1_1" />
    <place ref="pil5_1_1" />
  </curcuit>
  <curcuit ref="813" result="true">
    <place ref="pi5_1_1" />
    <place ref="pil5_1_1" />
  </curcuit>
  <curcuit ref="814" result="true">
    <place ref="pi5_1_1" />
    <place ref="pil5_1_1" />
  </curcuit>
  <curcuit ref="815" result="true">
    <place ref="pi5_1_1" />
    <place ref="pil5_1_1" />
  </curcuit>
  <curcuit ref="816" result="true">
    <place ref="pi5_1_1" />
    <place ref="pil5_1_1" />
  </curcuit>
  <curcuit ref="817" result="true">
    <place ref="pi5_1_1" />
    <place ref="pil5_1_1" />
  </curcuit>
  <curcuit ref="818" result="true">
    <place ref="pi5_1_1" />
    <place ref="pil5_1_1" />
  </curcuit>
  <curcuit ref="819" result="true">
    <place ref="pi5_1_1" />
    <place ref="pil5_1_1" />
  </curcuit>
  <curcuit ref="820" result="false" />
  <curcuit ref="821" result="false" />
  <curcuit ref="822" result="false" />
  <curcuit ref="823" result="false" />
  <curcuit ref="824" result="false" />
  <curcuit ref="825" result="false" />
  <curcuit ref="826" result="false" />
  <curcuit ref="827" result="false" />
  <curcuit ref="828" result="true">
    <place ref="pi5_1_1" />
    <place ref="pil5_1_1" />
  </curcuit>
  <curcuit ref="829" result="false" />
  <curcuit ref="830" result="false" />
  <curcuit ref="831" result="false" />
  <curcuit ref="832" result="false" />
  <curcuit ref="833" result="false" />
  <curcuit ref="834" result="false" />
  <curcuit ref="835" result="false" />
  <curcuit ref="836" result="true">
    <place ref="pi6_1_1" />
    <place ref="pil6_1_1" />
  </curcuit>
  <curcuit ref="837" result="true">
    <place ref="pi6_1_1" />
    <place ref="pil6_1_1" />
  </curcuit>
  <curcuit ref="838" result="true">
    <place ref="pi6_1_1" />
    <place ref="pil6_1_1" />
  </curcuit>
  <curcuit ref="839" result="true">
    <place ref="pi6_1_1" />
    <place ref="pil6_1_1" />
  </curcuit>
  <curcuit ref="840" result="true">
    <place ref="pi6_1_1" />
    <place ref="pil6_1_1" />
  </curcuit>
  <curcuit ref="841" result="true">
    <place ref="pi6_1_1" />
    <place ref="pil6_1_1" />
  </curcuit>
  <curcuit ref="842" result="true">
    <place ref="pi6_1_1" />
    <place ref="pil6_1_1" />
  </curcuit>
  <curcuit ref="843" result="true">
    <place ref="pi6_1_1" />
    <place ref="pil6_1_1" />
  </curcuit>
  <curcuit ref="844" result="true">
    <place ref="pi6_1_1" />
    <place ref="pil6_1_1" />
  </curcuit>
  <curcuit ref="845" result="true">
    <place ref="pi6_1_1" />
    <place ref="pil6_1_1" />
  </curcuit>
  <curcuit ref="846" result="true">
    <place ref="pi6_1_1" />
    <place ref="pil6_1_1" />
  </curcuit>
  <curcuit ref="847" result="true">
    <place ref="pi6_1_1" />
    <place ref="pil6_1_1" />
  </curcuit>
  <curcuit ref="848" result="true">
    <place ref="pi6_1_1" />
    <place ref="pil6_1_1" />
  </curcuit>
  <curcuit ref="849" result="true">
    <place ref="pi6_1_1" />
    <place ref="pil6_1_1" />
  </curcuit>
  <curcuit ref="850" result="true">
    <place ref="pi6_1_1" />
    <place ref="pil6_1_1" />
  </curcuit>
  <curcuit ref="851" result="true">
    <place ref="pi6_1_1" />
    <place ref="pil6_1_1" />
  </curcuit>
  <curcuit ref="852" result="false" />
  <curcuit ref="853" result="false" />
  <curcuit ref="854" result="true">
    <place ref="pi1_1_1" />
    <place ref="pil1_1_1" />
  </curcuit>
  <curcuit ref="855" result="true">
    <place ref="pi1_1_1" />
    <place ref="pil1_1_1" />
  </curcuit>
  <curcuit ref="856" result="true">
    <place ref="pi1_1_1" />
    <place ref="pil1_1_1" />
  </curcuit>
  <curcuit ref="857" result="true">
    <place ref="pi1_1_1" />
    <place ref="pil1_1_1" />
  </curcuit>
  <curcuit ref="858" result="true">
    <place ref="pi1_1_1" />
    <place ref="pil1_1_1" />
  </curcuit>
  <curcuit ref="859" result="true">
    <place ref="pi1_1_1" />
    <place ref="pil1_1_1" />
  </curcuit>
  <curcuit ref="860" result="true">
    <place ref="pi1_1_1" />
    <place ref="pil1_1_1" />
  </curcuit>
  <curcuit ref="861" result="true">
    <place ref="pi1_1_1" />
    <place ref="pil1_1_1" />
  </curcuit>
  <curcuit ref="862" result="true">
    <place ref="pi1_1_1" />
    <place ref="pil1_1_1" />
  </curcuit>
  <curcuit ref="863" result="true">
    <place ref="pi1_1_1" />
    <place ref="pil1_1_1" />
  </curcuit>
  <curcuit ref="864" result="true">
    <place ref="pi1_1_1" />
    <place ref="pil1_1_1" />
  </curcuit>
  <curcuit ref="865" result="true">
    <place ref="pi1_1_1" />
    <place ref="pil1_1_1" />
  </curcuit>
  <curcuit ref="866" result="true">
    <place ref="pi1_1_1" />
    <place ref="pil1_1_1" />
  </curcuit>
  <curcuit ref="867" result="true">
    <place ref="pi1_1_1" />
    <place ref="pil1_1_1" />
  </curcuit>
  <curcuit ref="868" result="true">
    <place ref="pi1_1_1" />
    <place ref="pil1_1_1" />
  </curcuit>
  <curcuit ref="869" result="true">
    <place ref="pi1_1_1" />
    <place ref="pil1_1_1" />
  </curcuit>
  <curcuit ref="870" result="true">
    <place ref="pi1_1_1" />
    <place ref="pil1_1_1" />
  </curcuit>
  <curcuit ref="871" result="true">
    <place ref="pi1_1_1" />
    <place ref="pil1_1_1" />
  </curcuit>
  <curcuit ref="872" result="true">
    <place ref="pi1_1_1" />
    <place ref="pil1_1_1" />
  </curcuit>
  <curcuit ref="873" result="true">
    <place ref="pi1_1_1" />
    <place ref="pil1_1_1" />
  </curcuit>
  <curcuit ref="874" result="true">
    <place ref="pi1_1_1" />
    <place ref="pil1_1_1" />
  </curcuit>
  <curcuit ref="875" result="true">
    <place ref="pi1_1_1" />
    <place ref="pil1_1_1" />
  </curcuit>
  <curcuit ref="876" result="true">
    <place ref="pi1_1_1" />
    <place ref="pil1_1_1" />
  </curcuit>
  <curcuit ref="877" result="true">
    <place ref="pi1_1_1" />
    <place ref="pil1_1_1" />
  </curcuit>
  <curcuit ref="878" result="true">
    <place ref="pi1_1_1" />
    <place ref="pil1_1_1" />
  </curcuit>
  <curcuit ref="879" result="true">
    <place ref="pi1_1_1" />
    <place ref="pil1_1_1" />
  </curcuit>
  <curcuit ref="880" result="true">
    <place ref="pi1_1_1" />
    <place ref="pil1_1_1" />
  </curcuit>
  <curcuit ref="881" result="true">
    <place ref="pi1_1_1" />
    <place ref="pil1_1_1" />
  </curcuit>
  <curcuit ref="882" result="true">
    <place ref="pi1_1_1" />
    <place ref="pil1_1_1" />
  </curcuit>
  <curcuit ref="883" result="true">
    <place ref="pi1_1_1" />
    <place ref="pil1_1_1" />
  </curcuit>
  <curcuit ref="884" result="true">
    <place ref="pi1_1_1" />
    <place ref="pil1_1_1" />
  </curcuit>
  <curcuit ref="885" result="true">
    <place ref="pi2_1_1" />
    <place ref="pil2_1_1" />
  </curcuit>
  <curcuit ref="886" result="true">
    <place ref="pi2_1_1" />
    <place ref="pil2_1_1" />
  </curcuit>
  <curcuit ref="887" result="true">
    <place ref="pi2_1_1" />
    <place ref="pil2_1_1" />
  </curcuit>
  <curcuit ref="888" result="true">
    <place ref="pi2_1_1" />
    <place ref="pil2_1_1" />
  </curcuit>
  <curcuit ref="889" result="true">
    <place ref="pi2_1_1" />
    <place ref="pil2_1_1" />
  </curcuit>
  <curcuit ref="890" result="true">
    <place ref="pi2_1_1" />
    <place ref="pil2_1_1" />
  </curcuit>
  <curcuit ref="891" result="true">
    <place ref="pi2_1_1" />
    <place ref="pil2_1_1" />
  </curcuit>
  <curcuit ref="892" result="true">
    <place ref="pi2_1_1" />
    <place ref="pil2_1_1" />
  </curcuit>
  <curcuit ref="893" result="true">
    <place ref="pi2_1_1" />
    <place ref="pil2_1_1" />
  </curcuit>
  <curcuit ref="894" result="true">
    <place ref="pi2_1_1" />
    <place ref="pil2_1_1" />
  </curcuit>
  <curcuit ref="895" result="true">
    <place ref="pi2_1_1" />
    <place ref="pil2_1_1" />
  </curcuit>
  <curcuit ref="896" result="true">
    <place ref="pi2_1_1" />
    <place ref="pil2_1_1" />
  </curcuit>
  <curcuit ref="897" result="true">
    <place ref="pi2_1_1" />
    <place ref="pil2_1_1" />
  </curcuit>
  <curcuit ref="898" result="true">
    <place ref="pi2_1_1" />
    <place ref="pil2_1_1" />
  </curcuit>
  <curcuit ref="899" result="true">
    <place ref="pi2_1_1" />
    <place ref="pil2_1_1" />
  </curcuit>
  <curcuit ref="900" result="true">
    <place ref="pi2_1_1" />
    <place ref="pil2_1_1" />
  </curcuit>
  <curcuit ref="901" result="true">
    <place ref="pi3_1_1" />
    <place ref="pil3_1_1" />
  </curcuit>
  <curcuit ref="902" result="true">
    <place ref="pi3_1_1" />
    <place ref="pil3_1_1" />
  </curcuit>
  <curcuit ref="903" result="true">
    <place ref="pi3_1_1" />
    <place ref="pil3_1_1" />
  </curcuit>
  <curcuit ref="904" result="true">
    <place ref="pi3_1_1" />
    <place ref="pil3_1_1" />
  </curcuit>
  <curcuit ref="905" result="true">
    <place ref="pi3_1_1" />
    <place ref="pil3_1_1" />
  </curcuit>
  <curcuit ref="906" result="true">
    <place ref="pi3_1_1" />
    <place ref="pil3_1_1" />
  </curcuit>
  <curcuit ref="907" result="true">
    <place ref="pi3_1_1" />
    <place ref="pil3_1_1" />
  </curcuit>
  <curcuit ref="908" result="true">
    <place ref="pi3_1_1" />
    <place ref="pil3_1_1" />
  </curcuit>
  <curcuit ref="909" result="true">
    <place ref="pi3_1_1" />
    <place ref="pil3_1_1" />
  </curcuit>
  <curcuit ref="910" result="true">
    <place ref="pi3_1_1" />
    <place ref="pil3_1_1" />
  </curcuit>
  <curcuit ref="911" result="true">
    <place ref="pi3_1_1" />
    <place ref="pil3_1_1" />
  </curcuit>
  <curcuit ref="912" result="true">
    <place ref="pi3_1_1" />
    <place ref="pil3_1_1" />
  </curcuit>
  <curcuit ref="913" result="true">
    <place ref="pi3_1_1" />
    <place ref="pil3_1_1" />
  </curcuit>
  <curcuit ref="914" result="true">
    <place ref="pi3_1_1" />
    <place ref="pil3_1_1" />
  </curcuit>
  <curcuit ref="915" result="true">
    <place ref="pi3_1_1" />
    <place ref="pil3_1_1" />
  </curcuit>
  <curcuit ref="916" result="true">
    <place ref="pi3_1_1" />
    <place ref="pil3_1_1" />
  </curcuit>
  <curcuit ref="917" result="true">
    <place ref="pi4_1_1" />
    <place ref="pil4_1_1" />
  </curcuit>
  <curcuit ref="918" result="true">
    <place ref="pi4_1_1" />
    <place ref="pil4_1_1" />
  </curcuit>
  <curcuit ref="919" result="true">
    <place ref="pi4_1_1" />
    <place ref="pil4_1_1" />
  </curcuit>
  <curcuit ref="920" result="true">
    <place ref="pi4_1_1" />
    <place ref="pil4_1_1" />
  </curcuit>
  <curcuit ref="921" result="true">
    <place ref="pi4_1_1" />
    <place ref="pil4_1_1" />
  </curcuit>
  <curcuit ref="922" result="true">
    <place ref="pi4_1_1" />
    <place ref="pil4_1_1" />
  </curcuit>
  <curcuit ref="923" result="true">
    <place ref="pi4_1_1" />
    <place ref="pil4_1_1" />
  </curcuit>
  <curcuit ref="924" result="true">
    <place ref="pi4_1_1" />
    <place ref="pil4_1_1" />
  </curcuit>
  <curcuit ref="925" result="true">
    <place ref="pi4_1_1" />
    <place ref="pil4_1_1" />
  </curcuit>
  <curcuit ref="926" result="true">
    <place ref="pi4_1_1" />
    <place ref="pil4_1_1" />
  </curcuit>
  <curcuit ref="927" result="true">
    <place ref="pi4_1_1" />
    <place ref="pil4_1_1" />
  </curcuit>
  <curcuit ref="928" result="true">
    <place ref="pi4_1_1" />
    <place ref="pil4_1_1" />
  </curcuit>
  <curcuit ref="929" result="true">
    <place ref="pi4_1_1" />
    <place ref="pil4_1_1" />
  </curcuit>
  <curcuit ref="930" result="true">
    <place ref="pi4_1_1" />
    <place ref="pil4_1_1" />
  </curcuit>
  <curcuit ref="931" result="true">
    <place ref="pi4_1_1" />
    <place ref="pil4_1_1" />
  </curcuit>
  <curcuit ref="932" result="true">
    <place ref="pi4_1_1" />
    <place ref="pil4_1_1" />
  </curcuit>
</isContainedTrap>