﻿<?xml version="1.0" encoding="utf-8"?>
<isContainedSiphon isEnd="true">
  <curcuit ref="0" result="false" />
  <curcuit ref="1" result="false" />
  <curcuit ref="2" result="false" />
  <curcuit ref="3" result="false" />
  <curcuit ref="4" result="false" />
  <curcuit ref="5" result="true">
    <place ref="Eat_1" />
    <place ref="Eat_2" />
    <place ref="Eat_3" />
    <place ref="Eat_4" />
    <place ref="Eat_5" />
    <place ref="Fork_1" />
    <place ref="Fork_2" />
    <place ref="Fork_3" />
    <place ref="Fork_4" />
    <place ref="Fork_5" />
  </curcuit>
  <curcuit ref="6" result="false" />
  <curcuit ref="7" result="true">
    <place ref="Eat_1" />
    <place ref="Eat_2" />
    <place ref="Eat_3" />
    <place ref="Eat_4" />
    <place ref="Eat_5" />
    <place ref="Fork_1" />
    <place ref="Fork_2" />
    <place ref="Fork_3" />
    <place ref="Fork_4" />
    <place ref="Fork_5" />
  </curcuit>
  <curcuit ref="8" result="false" />
  <curcuit ref="9" result="false" />
  <curcuit ref="10" result="false" />
  <curcuit ref="11" result="false" />
  <curcuit ref="12" result="true">
    <place ref="Eat_1" />
    <place ref="Eat_2" />
    <place ref="Eat_3" />
    <place ref="Eat_4" />
    <place ref="Eat_5" />
    <place ref="Fork_1" />
    <place ref="Fork_2" />
    <place ref="Fork_3" />
    <place ref="Fork_4" />
    <place ref="Fork_5" />
  </curcuit>
  <curcuit ref="13" result="true">
    <place ref="Eat_1" />
    <place ref="Eat_2" />
    <place ref="Eat_3" />
    <place ref="Eat_4" />
    <place ref="Eat_5" />
    <place ref="Fork_1" />
    <place ref="Fork_2" />
    <place ref="Fork_3" />
    <place ref="Fork_4" />
    <place ref="Fork_5" />
  </curcuit>
  <curcuit ref="14" result="false" />
  <curcuit ref="15" result="false" />
  <curcuit ref="16" result="false" />
  <curcuit ref="17" result="false" />
  <curcuit ref="18" result="true">
    <place ref="Eat_1" />
    <place ref="Eat_2" />
    <place ref="Eat_3" />
    <place ref="Eat_4" />
    <place ref="Eat_5" />
    <place ref="Fork_1" />
    <place ref="Fork_2" />
    <place ref="Fork_3" />
    <place ref="Fork_4" />
    <place ref="Fork_5" />
  </curcuit>
  <curcuit ref="19" result="true">
    <place ref="Eat_1" />
    <place ref="Eat_2" />
    <place ref="Eat_3" />
    <place ref="Eat_4" />
    <place ref="Eat_5" />
    <place ref="Fork_1" />
    <place ref="Fork_2" />
    <place ref="Fork_3" />
    <place ref="Fork_4" />
    <place ref="Fork_5" />
  </curcuit>
  <curcuit ref="20" result="true">
    <place ref="Eat_1" />
    <place ref="Eat_2" />
    <place ref="Eat_3" />
    <place ref="Eat_4" />
    <place ref="Eat_5" />
    <place ref="Fork_1" />
    <place ref="Fork_2" />
    <place ref="Fork_3" />
    <place ref="Fork_4" />
    <place ref="Fork_5" />
  </curcuit>
  <curcuit ref="21" result="true">
    <place ref="Eat_1" />
    <place ref="Eat_2" />
    <place ref="Eat_3" />
    <place ref="Eat_4" />
    <place ref="Eat_5" />
    <place ref="Fork_1" />
    <place ref="Fork_2" />
    <place ref="Fork_3" />
    <place ref="Fork_4" />
    <place ref="Fork_5" />
  </curcuit>
  <curcuit ref="22" result="false" />
  <curcuit ref="23" result="false" />
  <curcuit ref="24" result="false" />
  <curcuit ref="25" result="false" />
  <curcuit ref="26" result="false" />
  <curcuit ref="27" result="true">
    <place ref="Eat_1" />
    <place ref="Eat_2" />
    <place ref="Eat_3" />
    <place ref="Eat_4" />
    <place ref="Eat_5" />
    <place ref="Fork_1" />
    <place ref="Fork_2" />
    <place ref="Fork_3" />
    <place ref="Fork_4" />
    <place ref="Fork_5" />
  </curcuit>
  <curcuit ref="28" result="true">
    <place ref="Eat_1" />
    <place ref="Eat_2" />
    <place ref="Eat_3" />
    <place ref="Eat_4" />
    <place ref="Eat_5" />
    <place ref="Fork_1" />
    <place ref="Fork_2" />
    <place ref="Fork_3" />
    <place ref="Fork_4" />
    <place ref="Fork_5" />
  </curcuit>
  <curcuit ref="29" result="true">
    <place ref="Eat_1" />
    <place ref="Eat_2" />
    <place ref="Eat_3" />
    <place ref="Eat_4" />
    <place ref="Eat_5" />
    <place ref="Fork_1" />
    <place ref="Fork_2" />
    <place ref="Fork_3" />
    <place ref="Fork_4" />
    <place ref="Fork_5" />
  </curcuit>
  <curcuit ref="30" result="true">
    <place ref="Eat_1" />
    <place ref="Eat_2" />
    <place ref="Eat_3" />
    <place ref="Eat_4" />
    <place ref="Eat_5" />
    <place ref="Fork_1" />
    <place ref="Fork_2" />
    <place ref="Fork_3" />
    <place ref="Fork_4" />
    <place ref="Fork_5" />
  </curcuit>
  <curcuit ref="31" result="true">
    <place ref="Eat_1" />
    <place ref="Eat_2" />
    <place ref="Eat_3" />
    <place ref="Eat_4" />
    <place ref="Eat_5" />
    <place ref="Fork_1" />
    <place ref="Fork_2" />
    <place ref="Fork_3" />
    <place ref="Fork_4" />
    <place ref="Fork_5" />
  </curcuit>
  <curcuit ref="32" result="true">
    <place ref="Eat_1" />
    <place ref="Eat_2" />
    <place ref="Eat_3" />
    <place ref="Eat_4" />
    <place ref="Eat_5" />
    <place ref="Fork_1" />
    <place ref="Fork_2" />
    <place ref="Fork_3" />
    <place ref="Fork_4" />
    <place ref="Fork_5" />
  </curcuit>
  <curcuit ref="33" result="true">
    <place ref="Eat_1" />
    <place ref="Eat_2" />
    <place ref="Eat_3" />
    <place ref="Eat_4" />
    <place ref="Eat_5" />
    <place ref="Fork_1" />
    <place ref="Fork_2" />
    <place ref="Fork_3" />
    <place ref="Fork_4" />
    <place ref="Fork_5" />
  </curcuit>
  <curcuit ref="34" result="true">
    <place ref="Eat_1" />
    <place ref="Eat_2" />
    <place ref="Eat_3" />
    <place ref="Eat_4" />
    <place ref="Eat_5" />
    <place ref="Fork_1" />
    <place ref="Fork_2" />
    <place ref="Fork_3" />
    <place ref="Fork_4" />
    <place ref="Fork_5" />
  </curcuit>
  <curcuit ref="35" result="false" />
  <curcuit ref="36" result="false" />
  <curcuit ref="37" result="false" />
  <curcuit ref="38" result="false" />
  <curcuit ref="39" result="false" />
  <curcuit ref="40" result="false" />
  <curcuit ref="41" result="true">
    <place ref="Eat_1" />
    <place ref="Eat_2" />
    <place ref="Eat_3" />
    <place ref="Eat_4" />
    <place ref="Eat_5" />
    <place ref="Fork_1" />
    <place ref="Fork_2" />
    <place ref="Fork_3" />
    <place ref="Fork_4" />
    <place ref="Fork_5" />
  </curcuit>
  <curcuit ref="42" result="true">
    <place ref="Eat_1" />
    <place ref="Eat_2" />
    <place ref="Eat_3" />
    <place ref="Eat_4" />
    <place ref="Eat_5" />
    <place ref="Fork_1" />
    <place ref="Fork_2" />
    <place ref="Fork_3" />
    <place ref="Fork_4" />
    <place ref="Fork_5" />
  </curcuit>
  <curcuit ref="43" result="true">
    <place ref="Eat_1" />
    <place ref="Eat_2" />
    <place ref="Eat_3" />
    <place ref="Eat_4" />
    <place ref="Eat_5" />
    <place ref="Fork_1" />
    <place ref="Fork_2" />
    <place ref="Fork_3" />
    <place ref="Fork_4" />
    <place ref="Fork_5" />
  </curcuit>
  <curcuit ref="44" result="true">
    <place ref="Eat_1" />
    <place ref="Eat_2" />
    <place ref="Eat_3" />
    <place ref="Eat_4" />
    <place ref="Eat_5" />
    <place ref="Fork_1" />
    <place ref="Fork_2" />
    <place ref="Fork_3" />
    <place ref="Fork_4" />
    <place ref="Fork_5" />
  </curcuit>
  <curcuit ref="45" result="true">
    <place ref="Eat_1" />
    <place ref="Eat_2" />
    <place ref="Eat_3" />
    <place ref="Eat_4" />
    <place ref="Eat_5" />
    <place ref="Fork_1" />
    <place ref="Fork_2" />
    <place ref="Fork_3" />
    <place ref="Fork_4" />
    <place ref="Fork_5" />
  </curcuit>
  <curcuit ref="46" result="true">
    <place ref="Eat_1" />
    <place ref="Eat_2" />
    <place ref="Eat_3" />
    <place ref="Eat_4" />
    <place ref="Eat_5" />
    <place ref="Fork_1" />
    <place ref="Fork_2" />
    <place ref="Fork_3" />
    <place ref="Fork_4" />
    <place ref="Fork_5" />
  </curcuit>
  <curcuit ref="47" result="true">
    <place ref="Eat_1" />
    <place ref="Eat_2" />
    <place ref="Eat_3" />
    <place ref="Eat_4" />
    <place ref="Eat_5" />
    <place ref="Fork_1" />
    <place ref="Fork_2" />
    <place ref="Fork_3" />
    <place ref="Fork_4" />
    <place ref="Fork_5" />
  </curcuit>
  <curcuit ref="48" result="true">
    <place ref="Eat_1" />
    <place ref="Eat_2" />
    <place ref="Eat_3" />
    <place ref="Eat_4" />
    <place ref="Eat_5" />
    <place ref="Fork_1" />
    <place ref="Fork_2" />
    <place ref="Fork_3" />
    <place ref="Fork_4" />
    <place ref="Fork_5" />
  </curcuit>
  <curcuit ref="49" result="true">
    <place ref="Eat_1" />
    <place ref="Eat_2" />
    <place ref="Eat_3" />
    <place ref="Eat_4" />
    <place ref="Eat_5" />
    <place ref="Fork_1" />
    <place ref="Fork_2" />
    <place ref="Fork_3" />
    <place ref="Fork_4" />
    <place ref="Fork_5" />
  </curcuit>
  <curcuit ref="50" result="true">
    <place ref="Eat_1" />
    <place ref="Eat_2" />
    <place ref="Eat_3" />
    <place ref="Eat_4" />
    <place ref="Eat_5" />
    <place ref="Fork_1" />
    <place ref="Fork_2" />
    <place ref="Fork_3" />
    <place ref="Fork_4" />
    <place ref="Fork_5" />
  </curcuit>
  <curcuit ref="51" result="true">
    <place ref="Eat_1" />
    <place ref="Eat_2" />
    <place ref="Eat_3" />
    <place ref="Eat_4" />
    <place ref="Eat_5" />
    <place ref="Fork_1" />
    <place ref="Fork_2" />
    <place ref="Fork_3" />
    <place ref="Fork_4" />
    <place ref="Fork_5" />
  </curcuit>
  <curcuit ref="52" result="true">
    <place ref="Eat_1" />
    <place ref="Eat_2" />
    <place ref="Eat_3" />
    <place ref="Eat_4" />
    <place ref="Eat_5" />
    <place ref="Fork_1" />
    <place ref="Fork_2" />
    <place ref="Fork_3" />
    <place ref="Fork_4" />
    <place ref="Fork_5" />
  </curcuit>
  <curcuit ref="53" result="true">
    <place ref="Eat_1" />
    <place ref="Eat_2" />
    <place ref="Eat_3" />
    <place ref="Eat_4" />
    <place ref="Eat_5" />
    <place ref="Fork_1" />
    <place ref="Fork_2" />
    <place ref="Fork_3" />
    <place ref="Fork_4" />
    <place ref="Fork_5" />
  </curcuit>
  <curcuit ref="54" result="true">
    <place ref="Eat_1" />
    <place ref="Eat_2" />
    <place ref="Eat_3" />
    <place ref="Eat_4" />
    <place ref="Eat_5" />
    <place ref="Fork_1" />
    <place ref="Fork_2" />
    <place ref="Fork_3" />
    <place ref="Fork_4" />
    <place ref="Fork_5" />
  </curcuit>
  <curcuit ref="55" result="true">
    <place ref="Eat_1" />
    <place ref="Eat_2" />
    <place ref="Eat_3" />
    <place ref="Eat_4" />
    <place ref="Eat_5" />
    <place ref="Fork_1" />
    <place ref="Fork_2" />
    <place ref="Fork_3" />
    <place ref="Fork_4" />
    <place ref="Fork_5" />
  </curcuit>
  <curcuit ref="56" result="true">
    <place ref="Eat_1" />
    <place ref="Eat_2" />
    <place ref="Eat_3" />
    <place ref="Eat_4" />
    <place ref="Eat_5" />
    <place ref="Fork_1" />
    <place ref="Fork_2" />
    <place ref="Fork_3" />
    <place ref="Fork_4" />
    <place ref="Fork_5" />
  </curcuit>
  <curcuit ref="57" result="false" />
  <curcuit ref="58" result="false" />
  <curcuit ref="59" result="false" />
  <curcuit ref="60" result="true">
    <place ref="Eat_1" />
    <place ref="Eat_2" />
    <place ref="Eat_3" />
    <place ref="Eat_4" />
    <place ref="Eat_5" />
    <place ref="Fork_1" />
    <place ref="Fork_2" />
    <place ref="Fork_3" />
    <place ref="Fork_4" />
    <place ref="Fork_5" />
  </curcuit>
  <curcuit ref="61" result="true">
    <place ref="Eat_1" />
    <place ref="Eat_2" />
    <place ref="Eat_3" />
    <place ref="Eat_4" />
    <place ref="Eat_5" />
    <place ref="Fork_1" />
    <place ref="Fork_2" />
    <place ref="Fork_3" />
    <place ref="Fork_4" />
    <place ref="Fork_5" />
  </curcuit>
  <curcuit ref="62" result="true">
    <place ref="Eat_1" />
    <place ref="Eat_2" />
    <place ref="Eat_3" />
    <place ref="Eat_4" />
    <place ref="Eat_5" />
    <place ref="Fork_1" />
    <place ref="Fork_2" />
    <place ref="Fork_3" />
    <place ref="Fork_4" />
    <place ref="Fork_5" />
  </curcuit>
  <curcuit ref="63" result="true">
    <place ref="Eat_1" />
    <place ref="Eat_2" />
    <place ref="Eat_3" />
    <place ref="Eat_4" />
    <place ref="Eat_5" />
    <place ref="Fork_1" />
    <place ref="Fork_2" />
    <place ref="Fork_3" />
    <place ref="Fork_4" />
    <place ref="Fork_5" />
  </curcuit>
  <curcuit ref="64" result="true">
    <place ref="Eat_1" />
    <place ref="Eat_2" />
    <place ref="Eat_3" />
    <place ref="Eat_4" />
    <place ref="Eat_5" />
    <place ref="Fork_1" />
    <place ref="Fork_2" />
    <place ref="Fork_3" />
    <place ref="Fork_4" />
    <place ref="Fork_5" />
  </curcuit>
  <curcuit ref="65" result="true">
    <place ref="Eat_1" />
    <place ref="Eat_2" />
    <place ref="Eat_3" />
    <place ref="Eat_4" />
    <place ref="Eat_5" />
    <place ref="Fork_1" />
    <place ref="Fork_2" />
    <place ref="Fork_3" />
    <place ref="Fork_4" />
    <place ref="Fork_5" />
  </curcuit>
  <curcuit ref="66" result="true">
    <place ref="Eat_1" />
    <place ref="Eat_2" />
    <place ref="Eat_3" />
    <place ref="Eat_4" />
    <place ref="Eat_5" />
    <place ref="Fork_1" />
    <place ref="Fork_2" />
    <place ref="Fork_3" />
    <place ref="Fork_4" />
    <place ref="Fork_5" />
  </curcuit>
  <curcuit ref="67" result="true">
    <place ref="Eat_1" />
    <place ref="Eat_2" />
    <place ref="Eat_3" />
    <place ref="Eat_4" />
    <place ref="Eat_5" />
    <place ref="Fork_1" />
    <place ref="Fork_2" />
    <place ref="Fork_3" />
    <place ref="Fork_4" />
    <place ref="Fork_5" />
  </curcuit>
  <curcuit ref="68" result="true">
    <place ref="Eat_1" />
    <place ref="Eat_2" />
    <place ref="Eat_3" />
    <place ref="Eat_4" />
    <place ref="Eat_5" />
    <place ref="Fork_1" />
    <place ref="Fork_2" />
    <place ref="Fork_3" />
    <place ref="Fork_4" />
    <place ref="Fork_5" />
  </curcuit>
  <curcuit ref="69" result="true">
    <place ref="Eat_1" />
    <place ref="Eat_2" />
    <place ref="Eat_3" />
    <place ref="Eat_4" />
    <place ref="Eat_5" />
    <place ref="Fork_1" />
    <place ref="Fork_2" />
    <place ref="Fork_3" />
    <place ref="Fork_4" />
    <place ref="Fork_5" />
  </curcuit>
  <curcuit ref="70" result="true">
    <place ref="Eat_1" />
    <place ref="Eat_2" />
    <place ref="Eat_3" />
    <place ref="Eat_4" />
    <place ref="Eat_5" />
    <place ref="Fork_1" />
    <place ref="Fork_2" />
    <place ref="Fork_3" />
    <place ref="Fork_4" />
    <place ref="Fork_5" />
  </curcuit>
  <curcuit ref="71" result="true">
    <place ref="Eat_1" />
    <place ref="Eat_2" />
    <place ref="Eat_3" />
    <place ref="Eat_4" />
    <place ref="Eat_5" />
    <place ref="Fork_1" />
    <place ref="Fork_2" />
    <place ref="Fork_3" />
    <place ref="Fork_4" />
    <place ref="Fork_5" />
  </curcuit>
  <curcuit ref="72" result="true">
    <place ref="Eat_1" />
    <place ref="Eat_2" />
    <place ref="Eat_3" />
    <place ref="Eat_4" />
    <place ref="Eat_5" />
    <place ref="Fork_1" />
    <place ref="Fork_2" />
    <place ref="Fork_3" />
    <place ref="Fork_4" />
    <place ref="Fork_5" />
  </curcuit>
  <curcuit ref="73" result="true">
    <place ref="Eat_1" />
    <place ref="Eat_2" />
    <place ref="Eat_3" />
    <place ref="Eat_4" />
    <place ref="Eat_5" />
    <place ref="Fork_1" />
    <place ref="Fork_2" />
    <place ref="Fork_3" />
    <place ref="Fork_4" />
    <place ref="Fork_5" />
  </curcuit>
  <curcuit ref="74" result="true">
    <place ref="Eat_1" />
    <place ref="Eat_2" />
    <place ref="Eat_3" />
    <place ref="Eat_4" />
    <place ref="Eat_5" />
    <place ref="Fork_1" />
    <place ref="Fork_2" />
    <place ref="Fork_3" />
    <place ref="Fork_4" />
    <place ref="Fork_5" />
  </curcuit>
  <curcuit ref="75" result="false" />
  <curcuit ref="76" result="true">
    <place ref="Eat_1" />
    <place ref="Eat_2" />
    <place ref="Eat_3" />
    <place ref="Eat_4" />
    <place ref="Eat_5" />
    <place ref="Fork_1" />
    <place ref="Fork_2" />
    <place ref="Fork_3" />
    <place ref="Fork_4" />
    <place ref="Fork_5" />
  </curcuit>
  <curcuit ref="77" result="true">
    <place ref="Eat_1" />
    <place ref="Eat_2" />
    <place ref="Eat_3" />
    <place ref="Eat_4" />
    <place ref="Eat_5" />
    <place ref="Fork_1" />
    <place ref="Fork_2" />
    <place ref="Fork_3" />
    <place ref="Fork_4" />
    <place ref="Fork_5" />
  </curcuit>
  <curcuit ref="78" result="true">
    <place ref="Eat_1" />
    <place ref="Eat_2" />
    <place ref="Eat_3" />
    <place ref="Eat_4" />
    <place ref="Eat_5" />
    <place ref="Fork_1" />
    <place ref="Fork_2" />
    <place ref="Fork_3" />
    <place ref="Fork_4" />
    <place ref="Fork_5" />
  </curcuit>
  <curcuit ref="79" result="true">
    <place ref="Eat_1" />
    <place ref="Eat_2" />
    <place ref="Eat_3" />
    <place ref="Eat_4" />
    <place ref="Eat_5" />
    <place ref="Fork_1" />
    <place ref="Fork_2" />
    <place ref="Fork_3" />
    <place ref="Fork_4" />
    <place ref="Fork_5" />
  </curcuit>
  <curcuit ref="80" result="true">
    <place ref="Eat_1" />
    <place ref="Eat_2" />
    <place ref="Eat_3" />
    <place ref="Eat_4" />
    <place ref="Eat_5" />
    <place ref="Fork_1" />
    <place ref="Fork_2" />
    <place ref="Fork_3" />
    <place ref="Fork_4" />
    <place ref="Fork_5" />
  </curcuit>
  <curcuit ref="81" result="true">
    <place ref="Eat_1" />
    <place ref="Eat_2" />
    <place ref="Eat_3" />
    <place ref="Eat_4" />
    <place ref="Eat_5" />
    <place ref="Fork_1" />
    <place ref="Fork_2" />
    <place ref="Fork_3" />
    <place ref="Fork_4" />
    <place ref="Fork_5" />
  </curcuit>
  <curcuit ref="82" result="true">
    <place ref="Eat_1" />
    <place ref="Eat_2" />
    <place ref="Eat_3" />
    <place ref="Eat_4" />
    <place ref="Eat_5" />
    <place ref="Fork_1" />
    <place ref="Fork_2" />
    <place ref="Fork_3" />
    <place ref="Fork_4" />
    <place ref="Fork_5" />
  </curcuit>
  <curcuit ref="83" result="true">
    <place ref="Eat_1" />
    <place ref="Eat_2" />
    <place ref="Eat_3" />
    <place ref="Eat_4" />
    <place ref="Eat_5" />
    <place ref="Fork_1" />
    <place ref="Fork_2" />
    <place ref="Fork_3" />
    <place ref="Fork_4" />
    <place ref="Fork_5" />
  </curcuit>
  <curcuit ref="84" result="true">
    <place ref="Eat_1" />
    <place ref="Eat_2" />
    <place ref="Eat_3" />
    <place ref="Eat_4" />
    <place ref="Eat_5" />
    <place ref="Fork_1" />
    <place ref="Fork_2" />
    <place ref="Fork_3" />
    <place ref="Fork_4" />
    <place ref="Fork_5" />
  </curcuit>
  <curcuit ref="85" result="true">
    <place ref="Eat_1" />
    <place ref="Eat_2" />
    <place ref="Eat_3" />
    <place ref="Eat_4" />
    <place ref="Eat_5" />
    <place ref="Fork_1" />
    <place ref="Fork_2" />
    <place ref="Fork_3" />
    <place ref="Fork_4" />
    <place ref="Fork_5" />
  </curcuit>
  <curcuit ref="86" result="true">
    <place ref="Eat_1" />
    <place ref="Eat_2" />
    <place ref="Eat_3" />
    <place ref="Eat_4" />
    <place ref="Eat_5" />
    <place ref="Fork_1" />
    <place ref="Fork_2" />
    <place ref="Fork_3" />
    <place ref="Fork_4" />
    <place ref="Fork_5" />
  </curcuit>
  <curcuit ref="87" result="true">
    <place ref="Eat_1" />
    <place ref="Eat_2" />
    <place ref="Eat_3" />
    <place ref="Eat_4" />
    <place ref="Eat_5" />
    <place ref="Fork_1" />
    <place ref="Fork_2" />
    <place ref="Fork_3" />
    <place ref="Fork_4" />
    <place ref="Fork_5" />
  </curcuit>
  <curcuit ref="88" result="true">
    <place ref="Eat_1" />
    <place ref="Eat_2" />
    <place ref="Eat_3" />
    <place ref="Eat_4" />
    <place ref="Eat_5" />
    <place ref="Fork_1" />
    <place ref="Fork_2" />
    <place ref="Fork_3" />
    <place ref="Fork_4" />
    <place ref="Fork_5" />
  </curcuit>
  <curcuit ref="89" result="true">
    <place ref="Eat_1" />
    <place ref="Eat_2" />
    <place ref="Eat_3" />
    <place ref="Eat_4" />
    <place ref="Eat_5" />
    <place ref="Fork_1" />
    <place ref="Fork_2" />
    <place ref="Fork_3" />
    <place ref="Fork_4" />
    <place ref="Fork_5" />
  </curcuit>
  <curcuit ref="90" result="true">
    <place ref="Eat_1" />
    <place ref="Eat_2" />
    <place ref="Eat_3" />
    <place ref="Eat_4" />
    <place ref="Eat_5" />
    <place ref="Fork_1" />
    <place ref="Fork_2" />
    <place ref="Fork_3" />
    <place ref="Fork_4" />
    <place ref="Fork_5" />
  </curcuit>
  <curcuit ref="91" result="true">
    <place ref="Eat_1" />
    <place ref="Eat_2" />
    <place ref="Eat_3" />
    <place ref="Eat_4" />
    <place ref="Eat_5" />
    <place ref="Fork_1" />
    <place ref="Fork_2" />
    <place ref="Fork_3" />
    <place ref="Fork_4" />
    <place ref="Fork_5" />
  </curcuit>
  <curcuit ref="92" result="false" />
</isContainedSiphon>