﻿<?xml version="1.0" encoding="utf-8"?>
<isContainedTrap isEnd="true">
  <curcuit ref="0" result="false" />
  <curcuit ref="1" result="false" />
  <curcuit ref="2" result="false" />
  <curcuit ref="3" result="false" />
  <curcuit ref="4" result="false" />
  <curcuit ref="5" result="false" />
  <curcuit ref="6" result="false" />
  <curcuit ref="7" result="false" />
  <curcuit ref="8" result="false" />
  <curcuit ref="9" result="false" />
  <curcuit ref="10" result="false" />
  <curcuit ref="11" result="false" />
  <curcuit ref="12" result="false" />
  <curcuit ref="13" result="false" />
  <curcuit ref="14" result="false" />
  <curcuit ref="15" result="false" />
  <curcuit ref="16" result="false" />
  <curcuit ref="17" result="false" />
  <curcuit ref="18" result="false" />
  <curcuit ref="19" result="false" />
  <curcuit ref="20" result="false" />
  <curcuit ref="21" result="false" />
  <curcuit ref="22" result="false" />
  <curcuit ref="23" result="false" />
  <curcuit ref="24" result="false" />
  <curcuit ref="25" result="false" />
  <curcuit ref="26" result="false" />
  <curcuit ref="27" result="false" />
  <curcuit ref="28" result="false" />
  <curcuit ref="29" result="false" />
  <curcuit ref="30" result="false" />
  <curcuit ref="31" result="false" />
  <curcuit ref="32" result="false" />
  <curcuit ref="33" result="false" />
  <curcuit ref="34" result="false" />
  <curcuit ref="35" result="false" />
  <curcuit ref="36" result="false" />
  <curcuit ref="37" result="false" />
  <curcuit ref="38" result="false" />
  <curcuit ref="39" result="false" />
  <curcuit ref="40" result="false" />
  <curcuit ref="41" result="false" />
  <curcuit ref="42" result="false" />
  <curcuit ref="43" result="false" />
  <curcuit ref="44" result="false" />
  <curcuit ref="45" result="false" />
  <curcuit ref="46" result="false" />
  <curcuit ref="47" result="false" />
  <curcuit ref="48" result="false" />
  <curcuit ref="49" result="false" />
  <curcuit ref="50" result="false" />
  <curcuit ref="51" result="false" />
  <curcuit ref="52" result="false" />
  <curcuit ref="53" result="false" />
  <curcuit ref="54" result="false" />
  <curcuit ref="55" result="false" />
  <curcuit ref="56" result="false" />
  <curcuit ref="57" result="false" />
  <curcuit ref="58" result="false" />
  <curcuit ref="59" result="false" />
  <curcuit ref="60" result="false" />
  <curcuit ref="61" result="false" />
  <curcuit ref="62" result="false" />
  <curcuit ref="63" result="false" />
  <curcuit ref="64" result="false" />
  <curcuit ref="65" result="false" />
  <curcuit ref="66" result="false" />
  <curcuit ref="67" result="false" />
  <curcuit ref="68" result="false" />
  <curcuit ref="69" result="false" />
  <curcuit ref="70" result="false" />
  <curcuit ref="71" result="false" />
  <curcuit ref="72" result="false" />
  <curcuit ref="73" result="false" />
  <curcuit ref="74" result="false" />
  <curcuit ref="75" result="false" />
  <curcuit ref="76" result="false" />
  <curcuit ref="77" result="false" />
  <curcuit ref="78" result="false" />
  <curcuit ref="79" result="false" />
  <curcuit ref="80" result="false" />
  <curcuit ref="81" result="false" />
  <curcuit ref="82" result="false" />
  <curcuit ref="83" result="false" />
  <curcuit ref="84" result="false" />
  <curcuit ref="85" result="false" />
  <curcuit ref="86" result="false" />
  <curcuit ref="87" result="false" />
  <curcuit ref="88" result="false" />
  <curcuit ref="89" result="false" />
  <curcuit ref="90" result="false" />
  <curcuit ref="91" result="false" />
  <curcuit ref="92" result="false" />
  <curcuit ref="93" result="false" />
  <curcuit ref="94" result="false" />
  <curcuit ref="95" result="false" />
  <curcuit ref="96" result="false" />
  <curcuit ref="97" result="false" />
  <curcuit ref="98" result="false" />
  <curcuit ref="99" result="false" />
  <curcuit ref="100" result="false" />
  <curcuit ref="101" result="false" />
  <curcuit ref="102" result="false" />
  <curcuit ref="103" result="false" />
  <curcuit ref="104" result="false" />
  <curcuit ref="105" result="false" />
  <curcuit ref="106" result="false" />
  <curcuit ref="107" result="false" />
  <curcuit ref="108" result="false" />
  <curcuit ref="109" result="false" />
  <curcuit ref="110" result="false" />
  <curcuit ref="111" result="false" />
  <curcuit ref="112" result="false" />
  <curcuit ref="113" result="false" />
  <curcuit ref="114" result="false" />
  <curcuit ref="115" result="false" />
  <curcuit ref="116" result="false" />
  <curcuit ref="117" result="false" />
  <curcuit ref="118" result="false" />
  <curcuit ref="119" result="false" />
  <curcuit ref="120" result="false" />
  <curcuit ref="121" result="false" />
  <curcuit ref="122" result="false" />
  <curcuit ref="123" result="false" />
  <curcuit ref="124" result="false" />
  <curcuit ref="125" result="false" />
  <curcuit ref="126" result="false" />
  <curcuit ref="127" result="false" />
  <curcuit ref="128" result="false" />
  <curcuit ref="129" result="false" />
  <curcuit ref="130" result="false" />
  <curcuit ref="131" result="false" />
  <curcuit ref="132" result="false" />
  <curcuit ref="133" result="false" />
  <curcuit ref="134" result="false" />
  <curcuit ref="135" result="false" />
  <curcuit ref="136" result="false" />
  <curcuit ref="137" result="false" />
  <curcuit ref="138" result="false" />
  <curcuit ref="139" result="false" />
  <curcuit ref="140" result="false" />
  <curcuit ref="141" result="false" />
  <curcuit ref="142" result="false" />
  <curcuit ref="143" result="false" />
  <curcuit ref="144" result="false" />
  <curcuit ref="145" result="false" />
  <curcuit ref="146" result="false" />
  <curcuit ref="147" result="false" />
  <curcuit ref="148" result="false" />
  <curcuit ref="149" result="false" />
  <curcuit ref="150" result="false" />
  <curcuit ref="151" result="false" />
  <curcuit ref="152" result="false" />
  <curcuit ref="153" result="false" />
  <curcuit ref="154" result="false" />
  <curcuit ref="155" result="false" />
  <curcuit ref="156" result="false" />
  <curcuit ref="157" result="false" />
  <curcuit ref="158" result="false" />
  <curcuit ref="159" result="false" />
  <curcuit ref="160" result="false" />
  <curcuit ref="161" result="false" />
  <curcuit ref="162" result="false" />
  <curcuit ref="163" result="false" />
  <curcuit ref="164" result="false" />
  <curcuit ref="165" result="false" />
  <curcuit ref="166" result="false" />
  <curcuit ref="167" result="false" />
  <curcuit ref="168" result="false" />
  <curcuit ref="169" result="false" />
  <curcuit ref="170" result="false" />
  <curcuit ref="171" result="false" />
  <curcuit ref="172" result="false" />
  <curcuit ref="173" result="false" />
  <curcuit ref="174" result="false" />
  <curcuit ref="175" result="false" />
  <curcuit ref="176" result="false" />
  <curcuit ref="177" result="false" />
  <curcuit ref="178" result="false" />
  <curcuit ref="179" result="false" />
  <curcuit ref="180" result="false" />
  <curcuit ref="181" result="false" />
  <curcuit ref="182" result="false" />
  <curcuit ref="183" result="false" />
  <curcuit ref="184" result="false" />
  <curcuit ref="185" result="false" />
  <curcuit ref="186" result="false" />
  <curcuit ref="187" result="false" />
  <curcuit ref="188" result="false" />
  <curcuit ref="189" result="false" />
  <curcuit ref="190" result="false" />
  <curcuit ref="191" result="false" />
  <curcuit ref="192" result="false" />
  <curcuit ref="193" result="false" />
  <curcuit ref="194" result="false" />
  <curcuit ref="195" result="false" />
  <curcuit ref="196" result="false" />
  <curcuit ref="197" result="false" />
  <curcuit ref="198" result="false" />
  <curcuit ref="199" result="false" />
  <curcuit ref="200" result="false" />
  <curcuit ref="201" result="false" />
  <curcuit ref="202" result="false" />
  <curcuit ref="203" result="false" />
  <curcuit ref="204" result="false" />
  <curcuit ref="205" result="false" />
  <curcuit ref="206" result="false" />
  <curcuit ref="207" result="false" />
  <curcuit ref="208" result="false" />
  <curcuit ref="209" result="false" />
  <curcuit ref="210" result="false" />
  <curcuit ref="211" result="false" />
  <curcuit ref="212" result="false" />
  <curcuit ref="213" result="false" />
  <curcuit ref="214" result="false" />
  <curcuit ref="215" result="false" />
  <curcuit ref="216" result="false" />
  <curcuit ref="217" result="false" />
  <curcuit ref="218" result="false" />
  <curcuit ref="219" result="false" />
  <curcuit ref="220" result="false" />
  <curcuit ref="221" result="false" />
  <curcuit ref="222" result="false" />
  <curcuit ref="223" result="false" />
  <curcuit ref="224" result="false" />
  <curcuit ref="225" result="false" />
  <curcuit ref="226" result="false" />
  <curcuit ref="227" result="false" />
  <curcuit ref="228" result="false" />
  <curcuit ref="229" result="false" />
  <curcuit ref="230" result="false" />
  <curcuit ref="231" result="false" />
  <curcuit ref="232" result="false" />
  <curcuit ref="233" result="false" />
  <curcuit ref="234" result="false" />
  <curcuit ref="235" result="false" />
  <curcuit ref="236" result="false" />
  <curcuit ref="237" result="false" />
  <curcuit ref="238" result="false" />
  <curcuit ref="239" result="false" />
  <curcuit ref="240" result="false" />
  <curcuit ref="241" result="false" />
  <curcuit ref="242" result="false" />
  <curcuit ref="243" result="false" />
  <curcuit ref="244" result="false" />
  <curcuit ref="245" result="false" />
  <curcuit ref="246" result="false" />
  <curcuit ref="247" result="false" />
  <curcuit ref="248" result="false" />
  <curcuit ref="249" result="false" />
  <curcuit ref="250" result="false" />
  <curcuit ref="251" result="false" />
  <curcuit ref="252" result="false" />
  <curcuit ref="253" result="false" />
  <curcuit ref="254" result="false" />
  <curcuit ref="255" result="false" />
  <curcuit ref="256" result="false" />
  <curcuit ref="257" result="false" />
  <curcuit ref="258" result="false" />
  <curcuit ref="259" result="false" />
  <curcuit ref="260" result="false" />
  <curcuit ref="261" result="false" />
  <curcuit ref="262" result="false" />
  <curcuit ref="263" result="false" />
  <curcuit ref="264" result="false" />
  <curcuit ref="265" result="false" />
  <curcuit ref="266" result="false" />
  <curcuit ref="267" result="false" />
  <curcuit ref="268" result="false" />
  <curcuit ref="269" result="false" />
  <curcuit ref="270" result="false" />
  <curcuit ref="271" result="false" />
  <curcuit ref="272" result="false" />
  <curcuit ref="273" result="false" />
  <curcuit ref="274" result="false" />
  <curcuit ref="275" result="false" />
  <curcuit ref="276" result="false" />
  <curcuit ref="277" result="false" />
  <curcuit ref="278" result="false" />
  <curcuit ref="279" result="false" />
  <curcuit ref="280" result="false" />
  <curcuit ref="281" result="false" />
  <curcuit ref="282" result="false" />
  <curcuit ref="283" result="false" />
  <curcuit ref="284" result="false" />
  <curcuit ref="285" result="false" />
  <curcuit ref="286" result="false" />
  <curcuit ref="287" result="false" />
  <curcuit ref="288" result="false" />
  <curcuit ref="289" result="false" />
  <curcuit ref="290" result="false" />
  <curcuit ref="291" result="false" />
  <curcuit ref="292" result="false" />
  <curcuit ref="293" result="false" />
  <curcuit ref="294" result="false" />
  <curcuit ref="295" result="false" />
  <curcuit ref="296" result="false" />
  <curcuit ref="297" result="false" />
  <curcuit ref="298" result="false" />
  <curcuit ref="299" result="false" />
  <curcuit ref="300" result="false" />
  <curcuit ref="301" result="false" />
  <curcuit ref="302" result="false" />
  <curcuit ref="303" result="false" />
  <curcuit ref="304" result="false" />
  <curcuit ref="305" result="false" />
  <curcuit ref="306" result="false" />
  <curcuit ref="307" result="false" />
  <curcuit ref="308" result="false" />
  <curcuit ref="309" result="false" />
  <curcuit ref="310" result="false" />
  <curcuit ref="311" result="false" />
  <curcuit ref="312" result="false" />
  <curcuit ref="313" result="false" />
  <curcuit ref="314" result="false" />
  <curcuit ref="315" result="false" />
  <curcuit ref="316" result="false" />
  <curcuit ref="317" result="false" />
  <curcuit ref="318" result="false" />
  <curcuit ref="319" result="false" />
  <curcuit ref="320" result="false" />
  <curcuit ref="321" result="false" />
  <curcuit ref="322" result="false" />
  <curcuit ref="323" result="false" />
  <curcuit ref="324" result="false" />
  <curcuit ref="325" result="false" />
  <curcuit ref="326" result="false" />
  <curcuit ref="327" result="false" />
  <curcuit ref="328" result="false" />
  <curcuit ref="329" result="false" />
  <curcuit ref="330" result="false" />
  <curcuit ref="331" result="false" />
  <curcuit ref="332" result="false" />
  <curcuit ref="333" result="false" />
  <curcuit ref="334" result="false" />
  <curcuit ref="335" result="false" />
  <curcuit ref="336" result="false" />
  <curcuit ref="337" result="false" />
  <curcuit ref="338" result="false" />
  <curcuit ref="339" result="false" />
  <curcuit ref="340" result="false" />
  <curcuit ref="341" result="false" />
  <curcuit ref="342" result="false" />
  <curcuit ref="343" result="false" />
  <curcuit ref="344" result="false" />
  <curcuit ref="345" result="false" />
  <curcuit ref="346" result="false" />
  <curcuit ref="347" result="false" />
  <curcuit ref="348" result="false" />
  <curcuit ref="349" result="false" />
  <curcuit ref="350" result="false" />
  <curcuit ref="351" result="false" />
  <curcuit ref="352" result="false" />
  <curcuit ref="353" result="false" />
  <curcuit ref="354" result="false" />
  <curcuit ref="355" result="false" />
  <curcuit ref="356" result="false" />
  <curcuit ref="357" result="false" />
  <curcuit ref="358" result="false" />
  <curcuit ref="359" result="false" />
  <curcuit ref="360" result="false" />
  <curcuit ref="361" result="false" />
  <curcuit ref="362" result="false" />
  <curcuit ref="363" result="false" />
  <curcuit ref="364" result="false" />
  <curcuit ref="365" result="false" />
  <curcuit ref="366" result="false" />
  <curcuit ref="367" result="false" />
  <curcuit ref="368" result="false" />
  <curcuit ref="369" result="false" />
  <curcuit ref="370" result="false" />
  <curcuit ref="371" result="false" />
  <curcuit ref="372" result="false" />
  <curcuit ref="373" result="false" />
  <curcuit ref="374" result="false" />
  <curcuit ref="375" result="false" />
  <curcuit ref="376" result="false" />
  <curcuit ref="377" result="false" />
  <curcuit ref="378" result="false" />
  <curcuit ref="379" result="false" />
  <curcuit ref="380" result="false" />
  <curcuit ref="381" result="false" />
  <curcuit ref="382" result="false" />
  <curcuit ref="383" result="false" />
  <curcuit ref="384" result="false" />
  <curcuit ref="385" result="false" />
  <curcuit ref="386" result="false" />
  <curcuit ref="387" result="false" />
  <curcuit ref="388" result="false" />
  <curcuit ref="389" result="false" />
  <curcuit ref="390" result="false" />
  <curcuit ref="391" result="false" />
  <curcuit ref="392" result="false" />
  <curcuit ref="393" result="false" />
  <curcuit ref="394" result="false" />
  <curcuit ref="395" result="false" />
  <curcuit ref="396" result="false" />
  <curcuit ref="397" result="false" />
  <curcuit ref="398" result="false" />
  <curcuit ref="399" result="false" />
  <curcuit ref="400" result="false" />
  <curcuit ref="401" result="false" />
  <curcuit ref="402" result="false" />
  <curcuit ref="403" result="false" />
  <curcuit ref="404" result="false" />
  <curcuit ref="405" result="false" />
  <curcuit ref="406" result="false" />
  <curcuit ref="407" result="false" />
  <curcuit ref="408" result="false" />
  <curcuit ref="409" result="false" />
  <curcuit ref="410" result="false" />
  <curcuit ref="411" result="false" />
  <curcuit ref="412" result="false" />
  <curcuit ref="413" result="false" />
  <curcuit ref="414" result="false" />
  <curcuit ref="415" result="false" />
  <curcuit ref="416" result="false" />
  <curcuit ref="417" result="false" />
  <curcuit ref="418" result="false" />
  <curcuit ref="419" result="false" />
  <curcuit ref="420" result="false" />
  <curcuit ref="421" result="false" />
  <curcuit ref="422" result="false" />
  <curcuit ref="423" result="false" />
  <curcuit ref="424" result="false" />
  <curcuit ref="425" result="false" />
  <curcuit ref="426" result="false" />
  <curcuit ref="427" result="false" />
  <curcuit ref="428" result="false" />
  <curcuit ref="429" result="false" />
  <curcuit ref="430" result="false" />
  <curcuit ref="431" result="false" />
  <curcuit ref="432" result="false" />
  <curcuit ref="433" result="false" />
  <curcuit ref="434" result="false" />
  <curcuit ref="435" result="false" />
  <curcuit ref="436" result="false" />
  <curcuit ref="437" result="false" />
  <curcuit ref="438" result="false" />
  <curcuit ref="439" result="false" />
  <curcuit ref="440" result="false" />
  <curcuit ref="441" result="false" />
  <curcuit ref="442" result="false" />
  <curcuit ref="443" result="false" />
  <curcuit ref="444" result="false" />
  <curcuit ref="445" result="false" />
  <curcuit ref="446" result="false" />
  <curcuit ref="447" result="false" />
  <curcuit ref="448" result="false" />
  <curcuit ref="449" result="false" />
  <curcuit ref="450" result="false" />
  <curcuit ref="451" result="false" />
  <curcuit ref="452" result="false" />
  <curcuit ref="453" result="false" />
  <curcuit ref="454" result="false" />
  <curcuit ref="455" result="false" />
  <curcuit ref="456" result="false" />
  <curcuit ref="457" result="false" />
  <curcuit ref="458" result="false" />
  <curcuit ref="459" result="false" />
  <curcuit ref="460" result="false" />
  <curcuit ref="461" result="false" />
  <curcuit ref="462" result="false" />
  <curcuit ref="463" result="false" />
  <curcuit ref="464" result="false" />
  <curcuit ref="465" result="false" />
  <curcuit ref="466" result="false" />
  <curcuit ref="467" result="false" />
  <curcuit ref="468" result="false" />
  <curcuit ref="469" result="false" />
  <curcuit ref="470" result="false" />
  <curcuit ref="471" result="false" />
  <curcuit ref="472" result="false" />
  <curcuit ref="473" result="false" />
  <curcuit ref="474" result="false" />
  <curcuit ref="475" result="false" />
  <curcuit ref="476" result="false" />
  <curcuit ref="477" result="false" />
  <curcuit ref="478" result="false" />
  <curcuit ref="479" result="false" />
  <curcuit ref="480" result="false" />
  <curcuit ref="481" result="false" />
  <curcuit ref="482" result="false" />
  <curcuit ref="483" result="false" />
  <curcuit ref="484" result="false" />
  <curcuit ref="485" result="false" />
  <curcuit ref="486" result="false" />
  <curcuit ref="487" result="false" />
  <curcuit ref="488" result="false" />
  <curcuit ref="489" result="false" />
  <curcuit ref="490" result="false" />
  <curcuit ref="491" result="false" />
  <curcuit ref="492" result="false" />
  <curcuit ref="493" result="false" />
  <curcuit ref="494" result="false" />
  <curcuit ref="495" result="false" />
  <curcuit ref="496" result="false" />
  <curcuit ref="497" result="false" />
  <curcuit ref="498" result="false" />
  <curcuit ref="499" result="false" />
  <curcuit ref="500" result="false" />
  <curcuit ref="501" result="false" />
  <curcuit ref="502" result="false" />
  <curcuit ref="503" result="false" />
  <curcuit ref="504" result="false" />
  <curcuit ref="505" result="false" />
  <curcuit ref="506" result="false" />
  <curcuit ref="507" result="false" />
  <curcuit ref="508" result="false" />
  <curcuit ref="509" result="false" />
  <curcuit ref="510" result="false" />
  <curcuit ref="511" result="false" />
  <curcuit ref="512" result="false" />
  <curcuit ref="513" result="false" />
  <curcuit ref="514" result="false" />
  <curcuit ref="515" result="false" />
  <curcuit ref="516" result="false" />
  <curcuit ref="517" result="false" />
  <curcuit ref="518" result="false" />
  <curcuit ref="519" result="false" />
  <curcuit ref="520" result="false" />
  <curcuit ref="521" result="false" />
  <curcuit ref="522" result="false" />
  <curcuit ref="523" result="false" />
  <curcuit ref="524" result="false" />
  <curcuit ref="525" result="false" />
  <curcuit ref="526" result="false" />
  <curcuit ref="527" result="false" />
  <curcuit ref="528" result="false" />
  <curcuit ref="529" result="false" />
  <curcuit ref="530" result="false" />
  <curcuit ref="531" result="false" />
  <curcuit ref="532" result="false" />
  <curcuit ref="533" result="false" />
  <curcuit ref="534" result="false" />
  <curcuit ref="535" result="false" />
  <curcuit ref="536" result="false" />
  <curcuit ref="537" result="false" />
  <curcuit ref="538" result="false" />
  <curcuit ref="539" result="false" />
  <curcuit ref="540" result="false" />
  <curcuit ref="541" result="false" />
  <curcuit ref="542" result="false" />
  <curcuit ref="543" result="false" />
  <curcuit ref="544" result="false" />
  <curcuit ref="545" result="false" />
  <curcuit ref="546" result="false" />
  <curcuit ref="547" result="false" />
  <curcuit ref="548" result="false" />
  <curcuit ref="549" result="false" />
  <curcuit ref="550" result="false" />
  <curcuit ref="551" result="false" />
  <curcuit ref="552" result="false" />
  <curcuit ref="553" result="false" />
  <curcuit ref="554" result="false" />
  <curcuit ref="555" result="false" />
  <curcuit ref="556" result="false" />
  <curcuit ref="557" result="false" />
  <curcuit ref="558" result="false" />
  <curcuit ref="559" result="false" />
  <curcuit ref="560" result="false" />
  <curcuit ref="561" result="false" />
  <curcuit ref="562" result="false" />
  <curcuit ref="563" result="false" />
  <curcuit ref="564" result="false" />
  <curcuit ref="565" result="false" />
  <curcuit ref="566" result="false" />
  <curcuit ref="567" result="false" />
  <curcuit ref="568" result="false" />
  <curcuit ref="569" result="false" />
  <curcuit ref="570" result="false" />
  <curcuit ref="571" result="false" />
  <curcuit ref="572" result="false" />
  <curcuit ref="573" result="false" />
  <curcuit ref="574" result="false" />
  <curcuit ref="575" result="false" />
  <curcuit ref="576" result="false" />
  <curcuit ref="577" result="false" />
  <curcuit ref="578" result="false" />
  <curcuit ref="579" result="false" />
  <curcuit ref="580" result="false" />
  <curcuit ref="581" result="false" />
  <curcuit ref="582" result="false" />
  <curcuit ref="583" result="false" />
  <curcuit ref="584" result="false" />
  <curcuit ref="585" result="false" />
  <curcuit ref="586" result="false" />
  <curcuit ref="587" result="false" />
  <curcuit ref="588" result="false" />
  <curcuit ref="589" result="false" />
  <curcuit ref="590" result="false" />
  <curcuit ref="591" result="false" />
  <curcuit ref="592" result="false" />
  <curcuit ref="593" result="false" />
  <curcuit ref="594" result="false" />
  <curcuit ref="595" result="false" />
  <curcuit ref="596" result="false" />
  <curcuit ref="597" result="false" />
  <curcuit ref="598" result="false" />
  <curcuit ref="599" result="false" />
  <curcuit ref="600" result="false" />
  <curcuit ref="601" result="false" />
  <curcuit ref="602" result="false" />
  <curcuit ref="603" result="false" />
  <curcuit ref="604" result="false" />
  <curcuit ref="605" result="false" />
  <curcuit ref="606" result="false" />
  <curcuit ref="607" result="false" />
  <curcuit ref="608" result="false" />
  <curcuit ref="609" result="false" />
  <curcuit ref="610" result="false" />
  <curcuit ref="611" result="false" />
  <curcuit ref="612" result="false" />
  <curcuit ref="613" result="false" />
  <curcuit ref="614" result="false" />
  <curcuit ref="615" result="false" />
  <curcuit ref="616" result="false" />
  <curcuit ref="617" result="false" />
  <curcuit ref="618" result="false" />
  <curcuit ref="619" result="false" />
  <curcuit ref="620" result="false" />
  <curcuit ref="621" result="false" />
  <curcuit ref="622" result="false" />
  <curcuit ref="623" result="false" />
  <curcuit ref="624" result="false" />
  <curcuit ref="625" result="false" />
  <curcuit ref="626" result="false" />
  <curcuit ref="627" result="false" />
  <curcuit ref="628" result="false" />
  <curcuit ref="629" result="false" />
  <curcuit ref="630" result="false" />
  <curcuit ref="631" result="false" />
  <curcuit ref="632" result="false" />
  <curcuit ref="633" result="false" />
  <curcuit ref="634" result="false" />
  <curcuit ref="635" result="false" />
  <curcuit ref="636" result="false" />
  <curcuit ref="637" result="false" />
  <curcuit ref="638" result="false" />
  <curcuit ref="639" result="false" />
  <curcuit ref="640" result="false" />
  <curcuit ref="641" result="false" />
  <curcuit ref="642" result="false" />
  <curcuit ref="643" result="false" />
  <curcuit ref="644" result="false" />
  <curcuit ref="645" result="false" />
  <curcuit ref="646" result="false" />
  <curcuit ref="647" result="false" />
  <curcuit ref="648" result="false" />
  <curcuit ref="649" result="false" />
  <curcuit ref="650" result="false" />
  <curcuit ref="651" result="false" />
  <curcuit ref="652" result="false" />
  <curcuit ref="653" result="false" />
  <curcuit ref="654" result="false" />
  <curcuit ref="655" result="false" />
  <curcuit ref="656" result="false" />
  <curcuit ref="657" result="false" />
  <curcuit ref="658" result="false" />
  <curcuit ref="659" result="false" />
  <curcuit ref="660" result="false" />
  <curcuit ref="661" result="false" />
  <curcuit ref="662" result="false" />
  <curcuit ref="663" result="false" />
  <curcuit ref="664" result="false" />
  <curcuit ref="665" result="false" />
  <curcuit ref="666" result="false" />
  <curcuit ref="667" result="false" />
  <curcuit ref="668" result="false" />
  <curcuit ref="669" result="false" />
  <curcuit ref="670" result="false" />
  <curcuit ref="671" result="false" />
  <curcuit ref="672" result="false" />
  <curcuit ref="673" result="false" />
  <curcuit ref="674" result="false" />
  <curcuit ref="675" result="false" />
  <curcuit ref="676" result="false" />
  <curcuit ref="677" result="false" />
  <curcuit ref="678" result="false" />
  <curcuit ref="679" result="false" />
  <curcuit ref="680" result="false" />
  <curcuit ref="681" result="false" />
  <curcuit ref="682" result="false" />
  <curcuit ref="683" result="false" />
  <curcuit ref="684" result="false" />
  <curcuit ref="685" result="false" />
  <curcuit ref="686" result="false" />
  <curcuit ref="687" result="false" />
  <curcuit ref="688" result="false" />
  <curcuit ref="689" result="false" />
  <curcuit ref="690" result="false" />
  <curcuit ref="691" result="false" />
  <curcuit ref="692" result="false" />
  <curcuit ref="693" result="false" />
  <curcuit ref="694" result="false" />
  <curcuit ref="695" result="false" />
  <curcuit ref="696" result="false" />
  <curcuit ref="697" result="false" />
  <curcuit ref="698" result="false" />
  <curcuit ref="699" result="false" />
  <curcuit ref="700" result="false" />
  <curcuit ref="701" result="false" />
  <curcuit ref="702" result="false" />
  <curcuit ref="703" result="false" />
  <curcuit ref="704" result="false" />
  <curcuit ref="705" result="false" />
  <curcuit ref="706" result="false" />
  <curcuit ref="707" result="false" />
  <curcuit ref="708" result="false" />
  <curcuit ref="709" result="false" />
  <curcuit ref="710" result="false" />
  <curcuit ref="711" result="false" />
  <curcuit ref="712" result="false" />
  <curcuit ref="713" result="false" />
  <curcuit ref="714" result="false" />
  <curcuit ref="715" result="false" />
  <curcuit ref="716" result="false" />
  <curcuit ref="717" result="false" />
  <curcuit ref="718" result="false" />
  <curcuit ref="719" result="false" />
  <curcuit ref="720" result="false" />
  <curcuit ref="721" result="false" />
  <curcuit ref="722" result="false" />
  <curcuit ref="723" result="false" />
  <curcuit ref="724" result="false" />
  <curcuit ref="725" result="false" />
  <curcuit ref="726" result="false" />
  <curcuit ref="727" result="false" />
  <curcuit ref="728" result="false" />
  <curcuit ref="729" result="false" />
  <curcuit ref="730" result="false" />
  <curcuit ref="731" result="false" />
  <curcuit ref="732" result="false" />
  <curcuit ref="733" result="false" />
  <curcuit ref="734" result="false" />
  <curcuit ref="735" result="false" />
  <curcuit ref="736" result="false" />
  <curcuit ref="737" result="false" />
  <curcuit ref="738" result="false" />
  <curcuit ref="739" result="false" />
  <curcuit ref="740" result="false" />
  <curcuit ref="741" result="false" />
  <curcuit ref="742" result="false" />
  <curcuit ref="743" result="false" />
  <curcuit ref="744" result="false" />
  <curcuit ref="745" result="false" />
  <curcuit ref="746" result="false" />
  <curcuit ref="747" result="false" />
  <curcuit ref="748" result="false" />
  <curcuit ref="749" result="false" />
  <curcuit ref="750" result="false" />
  <curcuit ref="751" result="false" />
  <curcuit ref="752" result="false" />
  <curcuit ref="753" result="false" />
  <curcuit ref="754" result="false" />
  <curcuit ref="755" result="false" />
  <curcuit ref="756" result="false" />
  <curcuit ref="757" result="false" />
  <curcuit ref="758" result="false" />
  <curcuit ref="759" result="false" />
  <curcuit ref="760" result="false" />
  <curcuit ref="761" result="false" />
  <curcuit ref="762" result="false" />
  <curcuit ref="763" result="false" />
  <curcuit ref="764" result="false" />
  <curcuit ref="765" result="false" />
  <curcuit ref="766" result="false" />
  <curcuit ref="767" result="false" />
  <curcuit ref="768" result="false" />
  <curcuit ref="769" result="false" />
  <curcuit ref="770" result="false" />
  <curcuit ref="771" result="false" />
  <curcuit ref="772" result="false" />
  <curcuit ref="773" result="false" />
  <curcuit ref="774" result="false" />
  <curcuit ref="775" result="false" />
  <curcuit ref="776" result="false" />
  <curcuit ref="777" result="false" />
  <curcuit ref="778" result="false" />
  <curcuit ref="779" result="false" />
  <curcuit ref="780" result="false" />
  <curcuit ref="781" result="false" />
  <curcuit ref="782" result="false" />
  <curcuit ref="783" result="false" />
  <curcuit ref="784" result="false" />
  <curcuit ref="785" result="false" />
  <curcuit ref="786" result="false" />
  <curcuit ref="787" result="false" />
  <curcuit ref="788" result="false" />
  <curcuit ref="789" result="false" />
  <curcuit ref="790" result="false" />
  <curcuit ref="791" result="false" />
  <curcuit ref="792" result="false" />
  <curcuit ref="793" result="false" />
  <curcuit ref="794" result="false" />
  <curcuit ref="795" result="false" />
  <curcuit ref="796" result="false" />
  <curcuit ref="797" result="false" />
  <curcuit ref="798" result="false" />
  <curcuit ref="799" result="false" />
  <curcuit ref="800" result="false" />
  <curcuit ref="801" result="false" />
  <curcuit ref="802" result="false" />
  <curcuit ref="803" result="false" />
  <curcuit ref="804" result="false" />
  <curcuit ref="805" result="false" />
  <curcuit ref="806" result="false" />
  <curcuit ref="807" result="false" />
  <curcuit ref="808" result="false" />
  <curcuit ref="809" result="false" />
  <curcuit ref="810" result="false" />
  <curcuit ref="811" result="false" />
  <curcuit ref="812" result="false" />
  <curcuit ref="813" result="false" />
  <curcuit ref="814" result="false" />
  <curcuit ref="815" result="false" />
  <curcuit ref="816" result="false" />
  <curcuit ref="817" result="false" />
  <curcuit ref="818" result="false" />
  <curcuit ref="819" result="false" />
  <curcuit ref="820" result="false" />
  <curcuit ref="821" result="false" />
  <curcuit ref="822" result="false" />
  <curcuit ref="823" result="false" />
  <curcuit ref="824" result="false" />
  <curcuit ref="825" result="false" />
  <curcuit ref="826" result="false" />
  <curcuit ref="827" result="false" />
  <curcuit ref="828" result="false" />
  <curcuit ref="829" result="false" />
  <curcuit ref="830" result="false" />
  <curcuit ref="831" result="false" />
  <curcuit ref="832" result="false" />
  <curcuit ref="833" result="false" />
  <curcuit ref="834" result="false" />
  <curcuit ref="835" result="false" />
  <curcuit ref="836" result="false" />
  <curcuit ref="837" result="false" />
  <curcuit ref="838" result="false" />
  <curcuit ref="839" result="false" />
  <curcuit ref="840" result="false" />
  <curcuit ref="841" result="false" />
  <curcuit ref="842" result="false" />
  <curcuit ref="843" result="false" />
  <curcuit ref="844" result="false" />
  <curcuit ref="845" result="false" />
  <curcuit ref="846" result="false" />
  <curcuit ref="847" result="false" />
  <curcuit ref="848" result="false" />
  <curcuit ref="849" result="false" />
  <curcuit ref="850" result="false" />
  <curcuit ref="851" result="false" />
  <curcuit ref="852" result="false" />
  <curcuit ref="853" result="false" />
  <curcuit ref="854" result="false" />
  <curcuit ref="855" result="false" />
  <curcuit ref="856" result="false" />
  <curcuit ref="857" result="false" />
  <curcuit ref="858" result="false" />
  <curcuit ref="859" result="false" />
  <curcuit ref="860" result="false" />
  <curcuit ref="861" result="false" />
  <curcuit ref="862" result="false" />
  <curcuit ref="863" result="false" />
  <curcuit ref="864" result="false" />
  <curcuit ref="865" result="false" />
  <curcuit ref="866" result="false" />
  <curcuit ref="867" result="false" />
  <curcuit ref="868" result="false" />
  <curcuit ref="869" result="false" />
  <curcuit ref="870" result="false" />
  <curcuit ref="871" result="false" />
  <curcuit ref="872" result="false" />
  <curcuit ref="873" result="false" />
  <curcuit ref="874" result="false" />
  <curcuit ref="875" result="false" />
  <curcuit ref="876" result="false" />
  <curcuit ref="877" result="false" />
  <curcuit ref="878" result="false" />
  <curcuit ref="879" result="false" />
  <curcuit ref="880" result="false" />
  <curcuit ref="881" result="false" />
  <curcuit ref="882" result="false" />
  <curcuit ref="883" result="false" />
  <curcuit ref="884" result="false" />
  <curcuit ref="885" result="false" />
  <curcuit ref="886" result="false" />
  <curcuit ref="887" result="false" />
  <curcuit ref="888" result="false" />
  <curcuit ref="889" result="false" />
  <curcuit ref="890" result="false" />
  <curcuit ref="891" result="false" />
  <curcuit ref="892" result="false" />
  <curcuit ref="893" result="false" />
  <curcuit ref="894" result="false" />
  <curcuit ref="895" result="false" />
  <curcuit ref="896" result="false" />
  <curcuit ref="897" result="false" />
  <curcuit ref="898" result="false" />
  <curcuit ref="899" result="false" />
  <curcuit ref="900" result="false" />
  <curcuit ref="901" result="false" />
  <curcuit ref="902" result="false" />
  <curcuit ref="903" result="false" />
  <curcuit ref="904" result="false" />
  <curcuit ref="905" result="false" />
  <curcuit ref="906" result="false" />
  <curcuit ref="907" result="false" />
  <curcuit ref="908" result="false" />
  <curcuit ref="909" result="false" />
  <curcuit ref="910" result="false" />
  <curcuit ref="911" result="false" />
  <curcuit ref="912" result="false" />
  <curcuit ref="913" result="false" />
  <curcuit ref="914" result="false" />
  <curcuit ref="915" result="false" />
  <curcuit ref="916" result="false" />
  <curcuit ref="917" result="false" />
  <curcuit ref="918" result="false" />
  <curcuit ref="919" result="false" />
  <curcuit ref="920" result="false" />
  <curcuit ref="921" result="false" />
  <curcuit ref="922" result="false" />
  <curcuit ref="923" result="false" />
  <curcuit ref="924" result="false" />
  <curcuit ref="925" result="false" />
  <curcuit ref="926" result="false" />
  <curcuit ref="927" result="false" />
  <curcuit ref="928" result="false" />
  <curcuit ref="929" result="false" />
  <curcuit ref="930" result="false" />
  <curcuit ref="931" result="false" />
  <curcuit ref="932" result="false" />
  <curcuit ref="933" result="false" />
  <curcuit ref="934" result="false" />
  <curcuit ref="935" result="false" />
  <curcuit ref="936" result="false" />
  <curcuit ref="937" result="false" />
  <curcuit ref="938" result="false" />
  <curcuit ref="939" result="false" />
  <curcuit ref="940" result="false" />
  <curcuit ref="941" result="false" />
  <curcuit ref="942" result="false" />
  <curcuit ref="943" result="false" />
  <curcuit ref="944" result="false" />
  <curcuit ref="945" result="false" />
  <curcuit ref="946" result="false" />
  <curcuit ref="947" result="false" />
  <curcuit ref="948" result="false" />
  <curcuit ref="949" result="false" />
  <curcuit ref="950" result="false" />
  <curcuit ref="951" result="false" />
  <curcuit ref="952" result="false" />
  <curcuit ref="953" result="false" />
  <curcuit ref="954" result="false" />
  <curcuit ref="955" result="false" />
  <curcuit ref="956" result="false" />
  <curcuit ref="957" result="false" />
  <curcuit ref="958" result="false" />
  <curcuit ref="959" result="false" />
  <curcuit ref="960" result="false" />
  <curcuit ref="961" result="false" />
  <curcuit ref="962" result="false" />
  <curcuit ref="963" result="false" />
  <curcuit ref="964" result="false" />
  <curcuit ref="965" result="false" />
  <curcuit ref="966" result="false" />
  <curcuit ref="967" result="false" />
  <curcuit ref="968" result="false" />
  <curcuit ref="969" result="false" />
  <curcuit ref="970" result="false" />
  <curcuit ref="971" result="false" />
  <curcuit ref="972" result="false" />
  <curcuit ref="973" result="false" />
  <curcuit ref="974" result="false" />
  <curcuit ref="975" result="false" />
  <curcuit ref="976" result="false" />
  <curcuit ref="977" result="false" />
  <curcuit ref="978" result="false" />
  <curcuit ref="979" result="false" />
  <curcuit ref="980" result="false" />
  <curcuit ref="981" result="false" />
  <curcuit ref="982" result="false" />
  <curcuit ref="983" result="false" />
  <curcuit ref="984" result="false" />
  <curcuit ref="985" result="false" />
  <curcuit ref="986" result="false" />
  <curcuit ref="987" result="false" />
  <curcuit ref="988" result="false" />
  <curcuit ref="989" result="false" />
  <curcuit ref="990" result="false" />
  <curcuit ref="991" result="false" />
  <curcuit ref="992" result="false" />
  <curcuit ref="993" result="false" />
  <curcuit ref="994" result="false" />
  <curcuit ref="995" result="false" />
  <curcuit ref="996" result="false" />
  <curcuit ref="997" result="false" />
  <curcuit ref="998" result="false" />
  <curcuit ref="999" result="false" />
  <curcuit ref="1000" result="false" />
  <curcuit ref="1001" result="false" />
  <curcuit ref="1002" result="false" />
  <curcuit ref="1003" result="false" />
  <curcuit ref="1004" result="false" />
  <curcuit ref="1005" result="false" />
  <curcuit ref="1006" result="false" />
  <curcuit ref="1007" result="false" />
  <curcuit ref="1008" result="false" />
  <curcuit ref="1009" result="false" />
  <curcuit ref="1010" result="false" />
  <curcuit ref="1011" result="false" />
  <curcuit ref="1012" result="false" />
  <curcuit ref="1013" result="false" />
  <curcuit ref="1014" result="false" />
  <curcuit ref="1015" result="false" />
  <curcuit ref="1016" result="false" />
  <curcuit ref="1017" result="false" />
  <curcuit ref="1018" result="false" />
  <curcuit ref="1019" result="false" />
  <curcuit ref="1020" result="false" />
  <curcuit ref="1021" result="false" />
  <curcuit ref="1022" result="false" />
  <curcuit ref="1023" result="false" />
  <curcuit ref="1024" result="false" />
  <curcuit ref="1025" result="false" />
  <curcuit ref="1026" result="false" />
  <curcuit ref="1027" result="false" />
  <curcuit ref="1028" result="false" />
  <curcuit ref="1029" result="false" />
  <curcuit ref="1030" result="false" />
  <curcuit ref="1031" result="false" />
  <curcuit ref="1032" result="false" />
  <curcuit ref="1033" result="false" />
  <curcuit ref="1034" result="false" />
  <curcuit ref="1035" result="false" />
  <curcuit ref="1036" result="false" />
  <curcuit ref="1037" result="false" />
  <curcuit ref="1038" result="false" />
  <curcuit ref="1039" result="false" />
  <curcuit ref="1040" result="false" />
  <curcuit ref="1041" result="false" />
  <curcuit ref="1042" result="false" />
  <curcuit ref="1043" result="false" />
  <curcuit ref="1044" result="false" />
  <curcuit ref="1045" result="false" />
  <curcuit ref="1046" result="false" />
  <curcuit ref="1047" result="false" />
  <curcuit ref="1048" result="false" />
  <curcuit ref="1049" result="false" />
  <curcuit ref="1050" result="false" />
  <curcuit ref="1051" result="false" />
  <curcuit ref="1052" result="false" />
  <curcuit ref="1053" result="false" />
  <curcuit ref="1054" result="false" />
  <curcuit ref="1055" result="false" />
  <curcuit ref="1056" result="false" />
  <curcuit ref="1057" result="false" />
  <curcuit ref="1058" result="false" />
  <curcuit ref="1059" result="false" />
  <curcuit ref="1060" result="false" />
  <curcuit ref="1061" result="false" />
  <curcuit ref="1062" result="false" />
  <curcuit ref="1063" result="false" />
  <curcuit ref="1064" result="false" />
  <curcuit ref="1065" result="false" />
  <curcuit ref="1066" result="false" />
  <curcuit ref="1067" result="false" />
  <curcuit ref="1068" result="false" />
  <curcuit ref="1069" result="false" />
  <curcuit ref="1070" result="false" />
  <curcuit ref="1071" result="false" />
  <curcuit ref="1072" result="false" />
  <curcuit ref="1073" result="false" />
  <curcuit ref="1074" result="false" />
  <curcuit ref="1075" result="false" />
  <curcuit ref="1076" result="false" />
  <curcuit ref="1077" result="false" />
  <curcuit ref="1078" result="false" />
  <curcuit ref="1079" result="false" />
  <curcuit ref="1080" result="false" />
  <curcuit ref="1081" result="false" />
  <curcuit ref="1082" result="false" />
  <curcuit ref="1083" result="false" />
  <curcuit ref="1084" result="false" />
  <curcuit ref="1085" result="false" />
  <curcuit ref="1086" result="false" />
  <curcuit ref="1087" result="false" />
  <curcuit ref="1088" result="false" />
  <curcuit ref="1089" result="false" />
  <curcuit ref="1090" result="false" />
  <curcuit ref="1091" result="false" />
  <curcuit ref="1092" result="false" />
  <curcuit ref="1093" result="false" />
  <curcuit ref="1094" result="false" />
  <curcuit ref="1095" result="false" />
  <curcuit ref="1096" result="false" />
  <curcuit ref="1097" result="false" />
  <curcuit ref="1098" result="false" />
  <curcuit ref="1099" result="false" />
  <curcuit ref="1100" result="false" />
  <curcuit ref="1101" result="false" />
  <curcuit ref="1102" result="false" />
  <curcuit ref="1103" result="false" />
  <curcuit ref="1104" result="false" />
  <curcuit ref="1105" result="false" />
  <curcuit ref="1106" result="false" />
  <curcuit ref="1107" result="false" />
  <curcuit ref="1108" result="false" />
  <curcuit ref="1109" result="false" />
  <curcuit ref="1110" result="false" />
  <curcuit ref="1111" result="false" />
  <curcuit ref="1112" result="false" />
  <curcuit ref="1113" result="false" />
  <curcuit ref="1114" result="false" />
  <curcuit ref="1115" result="false" />
  <curcuit ref="1116" result="false" />
  <curcuit ref="1117" result="false" />
  <curcuit ref="1118" result="false" />
  <curcuit ref="1119" result="false" />
  <curcuit ref="1120" result="false" />
  <curcuit ref="1121" result="false" />
  <curcuit ref="1122" result="false" />
  <curcuit ref="1123" result="false" />
  <curcuit ref="1124" result="false" />
  <curcuit ref="1125" result="false" />
  <curcuit ref="1126" result="false" />
  <curcuit ref="1127" result="false" />
  <curcuit ref="1128" result="false" />
  <curcuit ref="1129" result="false" />
  <curcuit ref="1130" result="false" />
  <curcuit ref="1131" result="false" />
  <curcuit ref="1132" result="false" />
  <curcuit ref="1133" result="false" />
  <curcuit ref="1134" result="false" />
  <curcuit ref="1135" result="false" />
  <curcuit ref="1136" result="false" />
  <curcuit ref="1137" result="false" />
  <curcuit ref="1138" result="false" />
  <curcuit ref="1139" result="false" />
  <curcuit ref="1140" result="false" />
  <curcuit ref="1141" result="false" />
  <curcuit ref="1142" result="false" />
  <curcuit ref="1143" result="false" />
  <curcuit ref="1144" result="false" />
  <curcuit ref="1145" result="false" />
  <curcuit ref="1146" result="false" />
  <curcuit ref="1147" result="false" />
  <curcuit ref="1148" result="false" />
  <curcuit ref="1149" result="false" />
  <curcuit ref="1150" result="false" />
  <curcuit ref="1151" result="false" />
  <curcuit ref="1152" result="false" />
  <curcuit ref="1153" result="false" />
  <curcuit ref="1154" result="false" />
  <curcuit ref="1155" result="false" />
  <curcuit ref="1156" result="false" />
  <curcuit ref="1157" result="false" />
  <curcuit ref="1158" result="false" />
  <curcuit ref="1159" result="false" />
  <curcuit ref="1160" result="false" />
  <curcuit ref="1161" result="false" />
  <curcuit ref="1162" result="false" />
  <curcuit ref="1163" result="false" />
  <curcuit ref="1164" result="false" />
  <curcuit ref="1165" result="false" />
  <curcuit ref="1166" result="false" />
  <curcuit ref="1167" result="false" />
  <curcuit ref="1168" result="false" />
  <curcuit ref="1169" result="false" />
  <curcuit ref="1170" result="false" />
  <curcuit ref="1171" result="false" />
  <curcuit ref="1172" result="false" />
  <curcuit ref="1173" result="false" />
  <curcuit ref="1174" result="false" />
  <curcuit ref="1175" result="false" />
  <curcuit ref="1176" result="false" />
  <curcuit ref="1177" result="false" />
  <curcuit ref="1178" result="false" />
  <curcuit ref="1179" result="false" />
  <curcuit ref="1180" result="false" />
  <curcuit ref="1181" result="false" />
  <curcuit ref="1182" result="false" />
  <curcuit ref="1183" result="false" />
  <curcuit ref="1184" result="false" />
  <curcuit ref="1185" result="false" />
  <curcuit ref="1186" result="false" />
  <curcuit ref="1187" result="false" />
  <curcuit ref="1188" result="false" />
  <curcuit ref="1189" result="false" />
  <curcuit ref="1190" result="false" />
  <curcuit ref="1191" result="false" />
  <curcuit ref="1192" result="false" />
  <curcuit ref="1193" result="false" />
  <curcuit ref="1194" result="false" />
  <curcuit ref="1195" result="false" />
  <curcuit ref="1196" result="false" />
  <curcuit ref="1197" result="false" />
  <curcuit ref="1198" result="false" />
  <curcuit ref="1199" result="false" />
  <curcuit ref="1200" result="false" />
  <curcuit ref="1201" result="false" />
  <curcuit ref="1202" result="false" />
  <curcuit ref="1203" result="false" />
  <curcuit ref="1204" result="false" />
  <curcuit ref="1205" result="false" />
  <curcuit ref="1206" result="false" />
  <curcuit ref="1207" result="false" />
  <curcuit ref="1208" result="false" />
  <curcuit ref="1209" result="false" />
  <curcuit ref="1210" result="false" />
  <curcuit ref="1211" result="false" />
  <curcuit ref="1212" result="false" />
  <curcuit ref="1213" result="false" />
  <curcuit ref="1214" result="false" />
  <curcuit ref="1215" result="false" />
  <curcuit ref="1216" result="false" />
  <curcuit ref="1217" result="false" />
  <curcuit ref="1218" result="false" />
  <curcuit ref="1219" result="false" />
  <curcuit ref="1220" result="false" />
  <curcuit ref="1221" result="false" />
  <curcuit ref="1222" result="false" />
  <curcuit ref="1223" result="false" />
  <curcuit ref="1224" result="false" />
  <curcuit ref="1225" result="false" />
  <curcuit ref="1226" result="false" />
  <curcuit ref="1227" result="false" />
  <curcuit ref="1228" result="false" />
  <curcuit ref="1229" result="false" />
  <curcuit ref="1230" result="false" />
  <curcuit ref="1231" result="false" />
  <curcuit ref="1232" result="false" />
  <curcuit ref="1233" result="false" />
  <curcuit ref="1234" result="false" />
  <curcuit ref="1235" result="false" />
  <curcuit ref="1236" result="false" />
  <curcuit ref="1237" result="false" />
  <curcuit ref="1238" result="false" />
  <curcuit ref="1239" result="false" />
  <curcuit ref="1240" result="false" />
  <curcuit ref="1241" result="false" />
  <curcuit ref="1242" result="false" />
  <curcuit ref="1243" result="false" />
  <curcuit ref="1244" result="false" />
  <curcuit ref="1245" result="false" />
  <curcuit ref="1246" result="false" />
  <curcuit ref="1247" result="false" />
  <curcuit ref="1248" result="false" />
  <curcuit ref="1249" result="false" />
  <curcuit ref="1250" result="false" />
  <curcuit ref="1251" result="false" />
  <curcuit ref="1252" result="false" />
  <curcuit ref="1253" result="false" />
  <curcuit ref="1254" result="false" />
  <curcuit ref="1255" result="false" />
  <curcuit ref="1256" result="false" />
  <curcuit ref="1257" result="false" />
  <curcuit ref="1258" result="false" />
  <curcuit ref="1259" result="false" />
  <curcuit ref="1260" result="false" />
  <curcuit ref="1261" result="false" />
  <curcuit ref="1262" result="false" />
  <curcuit ref="1263" result="false" />
  <curcuit ref="1264" result="false" />
  <curcuit ref="1265" result="false" />
  <curcuit ref="1266" result="false" />
  <curcuit ref="1267" result="false" />
  <curcuit ref="1268" result="false" />
  <curcuit ref="1269" result="false" />
  <curcuit ref="1270" result="false" />
  <curcuit ref="1271" result="false" />
  <curcuit ref="1272" result="false" />
  <curcuit ref="1273" result="false" />
  <curcuit ref="1274" result="false" />
  <curcuit ref="1275" result="false" />
  <curcuit ref="1276" result="false" />
  <curcuit ref="1277" result="false" />
  <curcuit ref="1278" result="false" />
  <curcuit ref="1279" result="false" />
  <curcuit ref="1280" result="false" />
  <curcuit ref="1281" result="false" />
  <curcuit ref="1282" result="false" />
  <curcuit ref="1283" result="false" />
  <curcuit ref="1284" result="false" />
  <curcuit ref="1285" result="false" />
  <curcuit ref="1286" result="false" />
  <curcuit ref="1287" result="false" />
  <curcuit ref="1288" result="false" />
  <curcuit ref="1289" result="false" />
  <curcuit ref="1290" result="false" />
  <curcuit ref="1291" result="false" />
  <curcuit ref="1292" result="false" />
  <curcuit ref="1293" result="false" />
  <curcuit ref="1294" result="false" />
  <curcuit ref="1295" result="false" />
  <curcuit ref="1296" result="false" />
  <curcuit ref="1297" result="false" />
  <curcuit ref="1298" result="false" />
  <curcuit ref="1299" result="false" />
  <curcuit ref="1300" result="false" />
  <curcuit ref="1301" result="false" />
  <curcuit ref="1302" result="false" />
  <curcuit ref="1303" result="false" />
  <curcuit ref="1304" result="false" />
  <curcuit ref="1305" result="false" />
  <curcuit ref="1306" result="false" />
  <curcuit ref="1307" result="false" />
  <curcuit ref="1308" result="false" />
  <curcuit ref="1309" result="false" />
  <curcuit ref="1310" result="false" />
  <curcuit ref="1311" result="false" />
  <curcuit ref="1312" result="false" />
  <curcuit ref="1313" result="false" />
  <curcuit ref="1314" result="false" />
  <curcuit ref="1315" result="false" />
  <curcuit ref="1316" result="false" />
  <curcuit ref="1317" result="false" />
  <curcuit ref="1318" result="false" />
  <curcuit ref="1319" result="false" />
  <curcuit ref="1320" result="false" />
  <curcuit ref="1321" result="false" />
  <curcuit ref="1322" result="false" />
  <curcuit ref="1323" result="false" />
  <curcuit ref="1324" result="false" />
  <curcuit ref="1325" result="false" />
  <curcuit ref="1326" result="false" />
  <curcuit ref="1327" result="false" />
  <curcuit ref="1328" result="false" />
  <curcuit ref="1329" result="false" />
  <curcuit ref="1330" result="false" />
  <curcuit ref="1331" result="false" />
  <curcuit ref="1332" result="false" />
  <curcuit ref="1333" result="false" />
  <curcuit ref="1334" result="false" />
  <curcuit ref="1335" result="false" />
  <curcuit ref="1336" result="false" />
  <curcuit ref="1337" result="false" />
  <curcuit ref="1338" result="false" />
  <curcuit ref="1339" result="false" />
  <curcuit ref="1340" result="false" />
  <curcuit ref="1341" result="false" />
  <curcuit ref="1342" result="false" />
  <curcuit ref="1343" result="false" />
  <curcuit ref="1344" result="false" />
  <curcuit ref="1345" result="false" />
  <curcuit ref="1346" result="false" />
  <curcuit ref="1347" result="false" />
  <curcuit ref="1348" result="false" />
  <curcuit ref="1349" result="false" />
  <curcuit ref="1350" result="false" />
  <curcuit ref="1351" result="false" />
  <curcuit ref="1352" result="false" />
  <curcuit ref="1353" result="false" />
  <curcuit ref="1354" result="false" />
  <curcuit ref="1355" result="false" />
  <curcuit ref="1356" result="false" />
  <curcuit ref="1357" result="false" />
  <curcuit ref="1358" result="false" />
  <curcuit ref="1359" result="false" />
  <curcuit ref="1360" result="false" />
  <curcuit ref="1361" result="false" />
  <curcuit ref="1362" result="false" />
  <curcuit ref="1363" result="false" />
  <curcuit ref="1364" result="false" />
  <curcuit ref="1365" result="false" />
  <curcuit ref="1366" result="false" />
  <curcuit ref="1367" result="false" />
  <curcuit ref="1368" result="false" />
  <curcuit ref="1369" result="false" />
  <curcuit ref="1370" result="false" />
  <curcuit ref="1371" result="false" />
  <curcuit ref="1372" result="false" />
  <curcuit ref="1373" result="false" />
  <curcuit ref="1374" result="false" />
  <curcuit ref="1375" result="false" />
  <curcuit ref="1376" result="false" />
  <curcuit ref="1377" result="false" />
  <curcuit ref="1378" result="false" />
  <curcuit ref="1379" result="false" />
  <curcuit ref="1380" result="false" />
  <curcuit ref="1381" result="false" />
  <curcuit ref="1382" result="false" />
  <curcuit ref="1383" result="false" />
  <curcuit ref="1384" result="false" />
  <curcuit ref="1385" result="false" />
  <curcuit ref="1386" result="false" />
  <curcuit ref="1387" result="false" />
  <curcuit ref="1388" result="false" />
  <curcuit ref="1389" result="false" />
  <curcuit ref="1390" result="false" />
  <curcuit ref="1391" result="false" />
  <curcuit ref="1392" result="false" />
  <curcuit ref="1393" result="false" />
  <curcuit ref="1394" result="false" />
  <curcuit ref="1395" result="false" />
  <curcuit ref="1396" result="false" />
  <curcuit ref="1397" result="false" />
  <curcuit ref="1398" result="false" />
  <curcuit ref="1399" result="false" />
  <curcuit ref="1400" result="false" />
  <curcuit ref="1401" result="false" />
  <curcuit ref="1402" result="false" />
  <curcuit ref="1403" result="false" />
  <curcuit ref="1404" result="false" />
  <curcuit ref="1405" result="false" />
  <curcuit ref="1406" result="false" />
  <curcuit ref="1407" result="false" />
  <curcuit ref="1408" result="false" />
  <curcuit ref="1409" result="false" />
  <curcuit ref="1410" result="false" />
  <curcuit ref="1411" result="false" />
  <curcuit ref="1412" result="false" />
  <curcuit ref="1413" result="false" />
  <curcuit ref="1414" result="false" />
  <curcuit ref="1415" result="false" />
  <curcuit ref="1416" result="false" />
  <curcuit ref="1417" result="false" />
  <curcuit ref="1418" result="false" />
  <curcuit ref="1419" result="false" />
  <curcuit ref="1420" result="false" />
  <curcuit ref="1421" result="false" />
  <curcuit ref="1422" result="false" />
  <curcuit ref="1423" result="false" />
  <curcuit ref="1424" result="false" />
  <curcuit ref="1425" result="false" />
  <curcuit ref="1426" result="false" />
  <curcuit ref="1427" result="false" />
  <curcuit ref="1428" result="false" />
  <curcuit ref="1429" result="false" />
  <curcuit ref="1430" result="false" />
  <curcuit ref="1431" result="false" />
  <curcuit ref="1432" result="false" />
  <curcuit ref="1433" result="false" />
  <curcuit ref="1434" result="false" />
  <curcuit ref="1435" result="false" />
  <curcuit ref="1436" result="false" />
  <curcuit ref="1437" result="false" />
  <curcuit ref="1438" result="false" />
  <curcuit ref="1439" result="false" />
  <curcuit ref="1440" result="false" />
  <curcuit ref="1441" result="false" />
  <curcuit ref="1442" result="false" />
  <curcuit ref="1443" result="false" />
  <curcuit ref="1444" result="false" />
  <curcuit ref="1445" result="false" />
  <curcuit ref="1446" result="false" />
  <curcuit ref="1447" result="false" />
  <curcuit ref="1448" result="false" />
  <curcuit ref="1449" result="false" />
  <curcuit ref="1450" result="false" />
  <curcuit ref="1451" result="false" />
  <curcuit ref="1452" result="false" />
  <curcuit ref="1453" result="false" />
  <curcuit ref="1454" result="false" />
  <curcuit ref="1455" result="false" />
  <curcuit ref="1456" result="false" />
  <curcuit ref="1457" result="false" />
  <curcuit ref="1458" result="false" />
  <curcuit ref="1459" result="false" />
  <curcuit ref="1460" result="false" />
  <curcuit ref="1461" result="false" />
  <curcuit ref="1462" result="false" />
  <curcuit ref="1463" result="false" />
  <curcuit ref="1464" result="false" />
  <curcuit ref="1465" result="false" />
  <curcuit ref="1466" result="false" />
  <curcuit ref="1467" result="false" />
  <curcuit ref="1468" result="false" />
  <curcuit ref="1469" result="false" />
  <curcuit ref="1470" result="false" />
  <curcuit ref="1471" result="false" />
  <curcuit ref="1472" result="false" />
  <curcuit ref="1473" result="false" />
  <curcuit ref="1474" result="false" />
  <curcuit ref="1475" result="false" />
  <curcuit ref="1476" result="false" />
  <curcuit ref="1477" result="false" />
  <curcuit ref="1478" result="false" />
  <curcuit ref="1479" result="false" />
  <curcuit ref="1480" result="false" />
  <curcuit ref="1481" result="false" />
  <curcuit ref="1482" result="false" />
  <curcuit ref="1483" result="false" />
  <curcuit ref="1484" result="false" />
  <curcuit ref="1485" result="false" />
  <curcuit ref="1486" result="false" />
  <curcuit ref="1487" result="false" />
  <curcuit ref="1488" result="false" />
  <curcuit ref="1489" result="false" />
  <curcuit ref="1490" result="false" />
  <curcuit ref="1491" result="false" />
  <curcuit ref="1492" result="false" />
  <curcuit ref="1493" result="false" />
  <curcuit ref="1494" result="false" />
  <curcuit ref="1495" result="false" />
  <curcuit ref="1496" result="false" />
  <curcuit ref="1497" result="false" />
  <curcuit ref="1498" result="false" />
  <curcuit ref="1499" result="false" />
  <curcuit ref="1500" result="false" />
  <curcuit ref="1501" result="false" />
  <curcuit ref="1502" result="false" />
  <curcuit ref="1503" result="false" />
  <curcuit ref="1504" result="false" />
  <curcuit ref="1505" result="false" />
  <curcuit ref="1506" result="false" />
  <curcuit ref="1507" result="false" />
  <curcuit ref="1508" result="false" />
  <curcuit ref="1509" result="false" />
  <curcuit ref="1510" result="false" />
  <curcuit ref="1511" result="false" />
  <curcuit ref="1512" result="false" />
  <curcuit ref="1513" result="false" />
  <curcuit ref="1514" result="false" />
  <curcuit ref="1515" result="false" />
  <curcuit ref="1516" result="false" />
  <curcuit ref="1517" result="false" />
  <curcuit ref="1518" result="false" />
  <curcuit ref="1519" result="false" />
  <curcuit ref="1520" result="false" />
  <curcuit ref="1521" result="false" />
  <curcuit ref="1522" result="false" />
  <curcuit ref="1523" result="false" />
  <curcuit ref="1524" result="false" />
  <curcuit ref="1525" result="false" />
  <curcuit ref="1526" result="false" />
  <curcuit ref="1527" result="false" />
  <curcuit ref="1528" result="false" />
  <curcuit ref="1529" result="false" />
  <curcuit ref="1530" result="false" />
  <curcuit ref="1531" result="false" />
  <curcuit ref="1532" result="false" />
  <curcuit ref="1533" result="false" />
  <curcuit ref="1534" result="false" />
  <curcuit ref="1535" result="false" />
  <curcuit ref="1536" result="false" />
  <curcuit ref="1537" result="false" />
  <curcuit ref="1538" result="false" />
  <curcuit ref="1539" result="false" />
  <curcuit ref="1540" result="false" />
  <curcuit ref="1541" result="false" />
  <curcuit ref="1542" result="false" />
  <curcuit ref="1543" result="false" />
  <curcuit ref="1544" result="false" />
  <curcuit ref="1545" result="false" />
  <curcuit ref="1546" result="false" />
  <curcuit ref="1547" result="false" />
  <curcuit ref="1548" result="false" />
  <curcuit ref="1549" result="false" />
  <curcuit ref="1550" result="false" />
  <curcuit ref="1551" result="false" />
  <curcuit ref="1552" result="false" />
  <curcuit ref="1553" result="false" />
  <curcuit ref="1554" result="false" />
  <curcuit ref="1555" result="false" />
  <curcuit ref="1556" result="false" />
  <curcuit ref="1557" result="false" />
  <curcuit ref="1558" result="false" />
  <curcuit ref="1559" result="false" />
  <curcuit ref="1560" result="false" />
  <curcuit ref="1561" result="false" />
  <curcuit ref="1562" result="false" />
  <curcuit ref="1563" result="false" />
  <curcuit ref="1564" result="false" />
  <curcuit ref="1565" result="false" />
  <curcuit ref="1566" result="false" />
  <curcuit ref="1567" result="false" />
  <curcuit ref="1568" result="false" />
  <curcuit ref="1569" result="false" />
  <curcuit ref="1570" result="false" />
  <curcuit ref="1571" result="false" />
  <curcuit ref="1572" result="false" />
  <curcuit ref="1573" result="false" />
  <curcuit ref="1574" result="false" />
  <curcuit ref="1575" result="false" />
  <curcuit ref="1576" result="false" />
  <curcuit ref="1577" result="false" />
  <curcuit ref="1578" result="false" />
  <curcuit ref="1579" result="false" />
  <curcuit ref="1580" result="false" />
  <curcuit ref="1581" result="false" />
  <curcuit ref="1582" result="false" />
  <curcuit ref="1583" result="false" />
  <curcuit ref="1584" result="false" />
  <curcuit ref="1585" result="false" />
  <curcuit ref="1586" result="false" />
  <curcuit ref="1587" result="false" />
  <curcuit ref="1588" result="false" />
  <curcuit ref="1589" result="false" />
  <curcuit ref="1590" result="false" />
  <curcuit ref="1591" result="false" />
  <curcuit ref="1592" result="false" />
  <curcuit ref="1593" result="false" />
  <curcuit ref="1594" result="false" />
  <curcuit ref="1595" result="false" />
  <curcuit ref="1596" result="false" />
  <curcuit ref="1597" result="false" />
  <curcuit ref="1598" result="false" />
  <curcuit ref="1599" result="false" />
  <curcuit ref="1600" result="false" />
  <curcuit ref="1601" result="false" />
  <curcuit ref="1602" result="false" />
  <curcuit ref="1603" result="false" />
  <curcuit ref="1604" result="false" />
  <curcuit ref="1605" result="false" />
  <curcuit ref="1606" result="false" />
  <curcuit ref="1607" result="false" />
  <curcuit ref="1608" result="false" />
  <curcuit ref="1609" result="false" />
  <curcuit ref="1610" result="false" />
  <curcuit ref="1611" result="false" />
  <curcuit ref="1612" result="false" />
  <curcuit ref="1613" result="false" />
  <curcuit ref="1614" result="false" />
  <curcuit ref="1615" result="false" />
  <curcuit ref="1616" result="false" />
  <curcuit ref="1617" result="false" />
  <curcuit ref="1618" result="false" />
  <curcuit ref="1619" result="false" />
  <curcuit ref="1620" result="false" />
  <curcuit ref="1621" result="false" />
  <curcuit ref="1622" result="false" />
  <curcuit ref="1623" result="false" />
  <curcuit ref="1624" result="false" />
  <curcuit ref="1625" result="false" />
  <curcuit ref="1626" result="false" />
  <curcuit ref="1627" result="false" />
  <curcuit ref="1628" result="false" />
  <curcuit ref="1629" result="false" />
  <curcuit ref="1630" result="false" />
  <curcuit ref="1631" result="false" />
  <curcuit ref="1632" result="false" />
  <curcuit ref="1633" result="false" />
  <curcuit ref="1634" result="false" />
  <curcuit ref="1635" result="false" />
  <curcuit ref="1636" result="false" />
  <curcuit ref="1637" result="false" />
  <curcuit ref="1638" result="false" />
  <curcuit ref="1639" result="false" />
  <curcuit ref="1640" result="false" />
  <curcuit ref="1641" result="false" />
  <curcuit ref="1642" result="false" />
  <curcuit ref="1643" result="false" />
  <curcuit ref="1644" result="false" />
  <curcuit ref="1645" result="false" />
  <curcuit ref="1646" result="false" />
  <curcuit ref="1647" result="false" />
  <curcuit ref="1648" result="false" />
  <curcuit ref="1649" result="false" />
  <curcuit ref="1650" result="false" />
  <curcuit ref="1651" result="false" />
  <curcuit ref="1652" result="false" />
  <curcuit ref="1653" result="false" />
  <curcuit ref="1654" result="false" />
  <curcuit ref="1655" result="false" />
  <curcuit ref="1656" result="false" />
  <curcuit ref="1657" result="false" />
  <curcuit ref="1658" result="false" />
  <curcuit ref="1659" result="false" />
  <curcuit ref="1660" result="false" />
  <curcuit ref="1661" result="false" />
  <curcuit ref="1662" result="false" />
  <curcuit ref="1663" result="false" />
  <curcuit ref="1664" result="false" />
  <curcuit ref="1665" result="false" />
  <curcuit ref="1666" result="false" />
  <curcuit ref="1667" result="false" />
  <curcuit ref="1668" result="false" />
  <curcuit ref="1669" result="false" />
  <curcuit ref="1670" result="false" />
  <curcuit ref="1671" result="false" />
  <curcuit ref="1672" result="false" />
  <curcuit ref="1673" result="false" />
  <curcuit ref="1674" result="false" />
  <curcuit ref="1675" result="false" />
  <curcuit ref="1676" result="false" />
  <curcuit ref="1677" result="false" />
  <curcuit ref="1678" result="false" />
  <curcuit ref="1679" result="false" />
  <curcuit ref="1680" result="false" />
  <curcuit ref="1681" result="false" />
  <curcuit ref="1682" result="false" />
  <curcuit ref="1683" result="false" />
  <curcuit ref="1684" result="false" />
  <curcuit ref="1685" result="false" />
  <curcuit ref="1686" result="false" />
  <curcuit ref="1687" result="false" />
  <curcuit ref="1688" result="false" />
  <curcuit ref="1689" result="false" />
  <curcuit ref="1690" result="false" />
  <curcuit ref="1691" result="false" />
  <curcuit ref="1692" result="false" />
  <curcuit ref="1693" result="false" />
  <curcuit ref="1694" result="false" />
  <curcuit ref="1695" result="false" />
  <curcuit ref="1696" result="false" />
  <curcuit ref="1697" result="false" />
  <curcuit ref="1698" result="false" />
  <curcuit ref="1699" result="false" />
  <curcuit ref="1700" result="false" />
  <curcuit ref="1701" result="false" />
  <curcuit ref="1702" result="false" />
  <curcuit ref="1703" result="false" />
  <curcuit ref="1704" result="false" />
  <curcuit ref="1705" result="false" />
  <curcuit ref="1706" result="false" />
  <curcuit ref="1707" result="false" />
  <curcuit ref="1708" result="false" />
  <curcuit ref="1709" result="false" />
  <curcuit ref="1710" result="false" />
  <curcuit ref="1711" result="false" />
  <curcuit ref="1712" result="false" />
  <curcuit ref="1713" result="false" />
  <curcuit ref="1714" result="false" />
  <curcuit ref="1715" result="false" />
  <curcuit ref="1716" result="false" />
  <curcuit ref="1717" result="false" />
  <curcuit ref="1718" result="false" />
  <curcuit ref="1719" result="false" />
  <curcuit ref="1720" result="false" />
  <curcuit ref="1721" result="false" />
  <curcuit ref="1722" result="false" />
  <curcuit ref="1723" result="false" />
  <curcuit ref="1724" result="false" />
  <curcuit ref="1725" result="false" />
  <curcuit ref="1726" result="false" />
  <curcuit ref="1727" result="false" />
  <curcuit ref="1728" result="false" />
  <curcuit ref="1729" result="false" />
  <curcuit ref="1730" result="false" />
  <curcuit ref="1731" result="false" />
  <curcuit ref="1732" result="false" />
  <curcuit ref="1733" result="false" />
  <curcuit ref="1734" result="false" />
  <curcuit ref="1735" result="false" />
  <curcuit ref="1736" result="false" />
  <curcuit ref="1737" result="false" />
  <curcuit ref="1738" result="false" />
  <curcuit ref="1739" result="false" />
  <curcuit ref="1740" result="false" />
  <curcuit ref="1741" result="false" />
  <curcuit ref="1742" result="false" />
  <curcuit ref="1743" result="false" />
  <curcuit ref="1744" result="false" />
  <curcuit ref="1745" result="false" />
  <curcuit ref="1746" result="false" />
  <curcuit ref="1747" result="false" />
  <curcuit ref="1748" result="false" />
  <curcuit ref="1749" result="false" />
  <curcuit ref="1750" result="false" />
  <curcuit ref="1751" result="false" />
  <curcuit ref="1752" result="false" />
  <curcuit ref="1753" result="false" />
  <curcuit ref="1754" result="false" />
  <curcuit ref="1755" result="false" />
  <curcuit ref="1756" result="false" />
  <curcuit ref="1757" result="false" />
  <curcuit ref="1758" result="false" />
  <curcuit ref="1759" result="false" />
  <curcuit ref="1760" result="false" />
  <curcuit ref="1761" result="false" />
  <curcuit ref="1762" result="false" />
  <curcuit ref="1763" result="false" />
  <curcuit ref="1764" result="false" />
  <curcuit ref="1765" result="false" />
  <curcuit ref="1766" result="false" />
  <curcuit ref="1767" result="false" />
  <curcuit ref="1768" result="false" />
  <curcuit ref="1769" result="false" />
  <curcuit ref="1770" result="false" />
  <curcuit ref="1771" result="false" />
  <curcuit ref="1772" result="false" />
  <curcuit ref="1773" result="false" />
  <curcuit ref="1774" result="false" />
  <curcuit ref="1775" result="false" />
  <curcuit ref="1776" result="false" />
  <curcuit ref="1777" result="false" />
  <curcuit ref="1778" result="false" />
  <curcuit ref="1779" result="false" />
  <curcuit ref="1780" result="false" />
  <curcuit ref="1781" result="false" />
  <curcuit ref="1782" result="false" />
  <curcuit ref="1783" result="false" />
  <curcuit ref="1784" result="false" />
  <curcuit ref="1785" result="false" />
  <curcuit ref="1786" result="false" />
  <curcuit ref="1787" result="false" />
  <curcuit ref="1788" result="false" />
  <curcuit ref="1789" result="false" />
  <curcuit ref="1790" result="false" />
  <curcuit ref="1791" result="false" />
  <curcuit ref="1792" result="false" />
  <curcuit ref="1793" result="false" />
  <curcuit ref="1794" result="false" />
  <curcuit ref="1795" result="false" />
  <curcuit ref="1796" result="false" />
  <curcuit ref="1797" result="false" />
  <curcuit ref="1798" result="false" />
  <curcuit ref="1799" result="false" />
  <curcuit ref="1800" result="false" />
  <curcuit ref="1801" result="false" />
  <curcuit ref="1802" result="false" />
  <curcuit ref="1803" result="false" />
  <curcuit ref="1804" result="false" />
  <curcuit ref="1805" result="false" />
  <curcuit ref="1806" result="false" />
  <curcuit ref="1807" result="false" />
  <curcuit ref="1808" result="false" />
  <curcuit ref="1809" result="false" />
  <curcuit ref="1810" result="false" />
  <curcuit ref="1811" result="false" />
  <curcuit ref="1812" result="false" />
  <curcuit ref="1813" result="false" />
  <curcuit ref="1814" result="false" />
  <curcuit ref="1815" result="false" />
  <curcuit ref="1816" result="false" />
  <curcuit ref="1817" result="false" />
  <curcuit ref="1818" result="false" />
  <curcuit ref="1819" result="false" />
  <curcuit ref="1820" result="false" />
  <curcuit ref="1821" result="false" />
  <curcuit ref="1822" result="false" />
  <curcuit ref="1823" result="false" />
  <curcuit ref="1824" result="false" />
  <curcuit ref="1825" result="false" />
  <curcuit ref="1826" result="false" />
  <curcuit ref="1827" result="false" />
  <curcuit ref="1828" result="false" />
  <curcuit ref="1829" result="false" />
  <curcuit ref="1830" result="false" />
  <curcuit ref="1831" result="false" />
  <curcuit ref="1832" result="false" />
  <curcuit ref="1833" result="false" />
  <curcuit ref="1834" result="false" />
  <curcuit ref="1835" result="false" />
  <curcuit ref="1836" result="false" />
  <curcuit ref="1837" result="false" />
  <curcuit ref="1838" result="false" />
  <curcuit ref="1839" result="false" />
  <curcuit ref="1840" result="false" />
  <curcuit ref="1841" result="false" />
  <curcuit ref="1842" result="false" />
  <curcuit ref="1843" result="false" />
  <curcuit ref="1844" result="false" />
  <curcuit ref="1845" result="false" />
  <curcuit ref="1846" result="false" />
  <curcuit ref="1847" result="false" />
  <curcuit ref="1848" result="false" />
  <curcuit ref="1849" result="false" />
  <curcuit ref="1850" result="false" />
  <curcuit ref="1851" result="false" />
  <curcuit ref="1852" result="false" />
  <curcuit ref="1853" result="false" />
  <curcuit ref="1854" result="false" />
  <curcuit ref="1855" result="false" />
  <curcuit ref="1856" result="false" />
  <curcuit ref="1857" result="false" />
  <curcuit ref="1858" result="false" />
  <curcuit ref="1859" result="false" />
  <curcuit ref="1860" result="false" />
  <curcuit ref="1861" result="false" />
  <curcuit ref="1862" result="false" />
  <curcuit ref="1863" result="false" />
  <curcuit ref="1864" result="false" />
  <curcuit ref="1865" result="false" />
  <curcuit ref="1866" result="false" />
  <curcuit ref="1867" result="false" />
  <curcuit ref="1868" result="false" />
  <curcuit ref="1869" result="false" />
  <curcuit ref="1870" result="false" />
  <curcuit ref="1871" result="false" />
  <curcuit ref="1872" result="false" />
  <curcuit ref="1873" result="false" />
  <curcuit ref="1874" result="false" />
  <curcuit ref="1875" result="false" />
  <curcuit ref="1876" result="false" />
  <curcuit ref="1877" result="false" />
  <curcuit ref="1878" result="false" />
  <curcuit ref="1879" result="false" />
  <curcuit ref="1880" result="false" />
  <curcuit ref="1881" result="false" />
  <curcuit ref="1882" result="false" />
  <curcuit ref="1883" result="false" />
  <curcuit ref="1884" result="false" />
  <curcuit ref="1885" result="false" />
  <curcuit ref="1886" result="false" />
  <curcuit ref="1887" result="false" />
  <curcuit ref="1888" result="false" />
  <curcuit ref="1889" result="false" />
  <curcuit ref="1890" result="false" />
  <curcuit ref="1891" result="false" />
  <curcuit ref="1892" result="false" />
  <curcuit ref="1893" result="false" />
  <curcuit ref="1894" result="false" />
  <curcuit ref="1895" result="false" />
  <curcuit ref="1896" result="false" />
  <curcuit ref="1897" result="false" />
  <curcuit ref="1898" result="false" />
  <curcuit ref="1899" result="false" />
  <curcuit ref="1900" result="false" />
  <curcuit ref="1901" result="false" />
  <curcuit ref="1902" result="false" />
  <curcuit ref="1903" result="false" />
  <curcuit ref="1904" result="false" />
  <curcuit ref="1905" result="false" />
  <curcuit ref="1906" result="false" />
  <curcuit ref="1907" result="false" />
  <curcuit ref="1908" result="false" />
  <curcuit ref="1909" result="false" />
  <curcuit ref="1910" result="false" />
  <curcuit ref="1911" result="false" />
  <curcuit ref="1912" result="false" />
  <curcuit ref="1913" result="false" />
  <curcuit ref="1914" result="false" />
  <curcuit ref="1915" result="false" />
  <curcuit ref="1916" result="false" />
  <curcuit ref="1917" result="false" />
  <curcuit ref="1918" result="false" />
  <curcuit ref="1919" result="false" />
  <curcuit ref="1920" result="false" />
  <curcuit ref="1921" result="false" />
  <curcuit ref="1922" result="false" />
  <curcuit ref="1923" result="false" />
  <curcuit ref="1924" result="false" />
  <curcuit ref="1925" result="false" />
  <curcuit ref="1926" result="false" />
  <curcuit ref="1927" result="false" />
  <curcuit ref="1928" result="false" />
  <curcuit ref="1929" result="false" />
  <curcuit ref="1930" result="false" />
  <curcuit ref="1931" result="false" />
  <curcuit ref="1932" result="false" />
  <curcuit ref="1933" result="false" />
  <curcuit ref="1934" result="false" />
  <curcuit ref="1935" result="false" />
  <curcuit ref="1936" result="false" />
  <curcuit ref="1937" result="false" />
  <curcuit ref="1938" result="false" />
  <curcuit ref="1939" result="false" />
  <curcuit ref="1940" result="false" />
  <curcuit ref="1941" result="false" />
  <curcuit ref="1942" result="false" />
  <curcuit ref="1943" result="false" />
  <curcuit ref="1944" result="false" />
  <curcuit ref="1945" result="false" />
  <curcuit ref="1946" result="false" />
  <curcuit ref="1947" result="false" />
  <curcuit ref="1948" result="false" />
  <curcuit ref="1949" result="false" />
  <curcuit ref="1950" result="false" />
  <curcuit ref="1951" result="false" />
  <curcuit ref="1952" result="false" />
  <curcuit ref="1953" result="false" />
  <curcuit ref="1954" result="false" />
  <curcuit ref="1955" result="false" />
  <curcuit ref="1956" result="false" />
  <curcuit ref="1957" result="false" />
  <curcuit ref="1958" result="false" />
  <curcuit ref="1959" result="false" />
  <curcuit ref="1960" result="false" />
  <curcuit ref="1961" result="false" />
  <curcuit ref="1962" result="false" />
  <curcuit ref="1963" result="false" />
  <curcuit ref="1964" result="false" />
  <curcuit ref="1965" result="false" />
  <curcuit ref="1966" result="false" />
  <curcuit ref="1967" result="false" />
  <curcuit ref="1968" result="false" />
  <curcuit ref="1969" result="false" />
  <curcuit ref="1970" result="false" />
  <curcuit ref="1971" result="false" />
  <curcuit ref="1972" result="false" />
  <curcuit ref="1973" result="false" />
  <curcuit ref="1974" result="false" />
  <curcuit ref="1975" result="false" />
  <curcuit ref="1976" result="false" />
  <curcuit ref="1977" result="false" />
  <curcuit ref="1978" result="false" />
  <curcuit ref="1979" result="false" />
  <curcuit ref="1980" result="false" />
  <curcuit ref="1981" result="false" />
  <curcuit ref="1982" result="false" />
  <curcuit ref="1983" result="false" />
  <curcuit ref="1984" result="false" />
  <curcuit ref="1985" result="false" />
  <curcuit ref="1986" result="false" />
  <curcuit ref="1987" result="false" />
  <curcuit ref="1988" result="false" />
  <curcuit ref="1989" result="false" />
  <curcuit ref="1990" result="false" />
  <curcuit ref="1991" result="false" />
  <curcuit ref="1992" result="false" />
  <curcuit ref="1993" result="false" />
  <curcuit ref="1994" result="false" />
  <curcuit ref="1995" result="false" />
  <curcuit ref="1996" result="false" />
  <curcuit ref="1997" result="false" />
  <curcuit ref="1998" result="false" />
  <curcuit ref="1999" result="false" />
  <curcuit ref="2000" result="false" />
  <curcuit ref="2001" result="false" />
  <curcuit ref="2002" result="false" />
  <curcuit ref="2003" result="false" />
  <curcuit ref="2004" result="false" />
  <curcuit ref="2005" result="false" />
  <curcuit ref="2006" result="false" />
  <curcuit ref="2007" result="false" />
  <curcuit ref="2008" result="false" />
  <curcuit ref="2009" result="false" />
  <curcuit ref="2010" result="false" />
  <curcuit ref="2011" result="false" />
  <curcuit ref="2012" result="false" />
  <curcuit ref="2013" result="false" />
  <curcuit ref="2014" result="false" />
  <curcuit ref="2015" result="false" />
  <curcuit ref="2016" result="false" />
  <curcuit ref="2017" result="false" />
  <curcuit ref="2018" result="false" />
  <curcuit ref="2019" result="false" />
  <curcuit ref="2020" result="false" />
  <curcuit ref="2021" result="false" />
  <curcuit ref="2022" result="false" />
  <curcuit ref="2023" result="false" />
  <curcuit ref="2024" result="false" />
  <curcuit ref="2025" result="false" />
  <curcuit ref="2026" result="false" />
  <curcuit ref="2027" result="false" />
  <curcuit ref="2028" result="false" />
  <curcuit ref="2029" result="false" />
  <curcuit ref="2030" result="false" />
  <curcuit ref="2031" result="false" />
  <curcuit ref="2032" result="false" />
  <curcuit ref="2033" result="false" />
  <curcuit ref="2034" result="false" />
  <curcuit ref="2035" result="false" />
  <curcuit ref="2036" result="false" />
  <curcuit ref="2037" result="false" />
  <curcuit ref="2038" result="false" />
  <curcuit ref="2039" result="false" />
  <curcuit ref="2040" result="false" />
  <curcuit ref="2041" result="false" />
  <curcuit ref="2042" result="false" />
  <curcuit ref="2043" result="false" />
  <curcuit ref="2044" result="false" />
  <curcuit ref="2045" result="false" />
  <curcuit ref="2046" result="false" />
  <curcuit ref="2047" result="false" />
  <curcuit ref="2048" result="false" />
  <curcuit ref="2049" result="false" />
  <curcuit ref="2050" result="false" />
  <curcuit ref="2051" result="false" />
  <curcuit ref="2052" result="false" />
  <curcuit ref="2053" result="false" />
  <curcuit ref="2054" result="false" />
  <curcuit ref="2055" result="false" />
  <curcuit ref="2056" result="false" />
  <curcuit ref="2057" result="false" />
  <curcuit ref="2058" result="false" />
  <curcuit ref="2059" result="false" />
  <curcuit ref="2060" result="false" />
  <curcuit ref="2061" result="false" />
  <curcuit ref="2062" result="false" />
  <curcuit ref="2063" result="false" />
  <curcuit ref="2064" result="false" />
  <curcuit ref="2065" result="false" />
  <curcuit ref="2066" result="false" />
  <curcuit ref="2067" result="false" />
  <curcuit ref="2068" result="false" />
  <curcuit ref="2069" result="false" />
  <curcuit ref="2070" result="false" />
  <curcuit ref="2071" result="false" />
  <curcuit ref="2072" result="false" />
  <curcuit ref="2073" result="false" />
  <curcuit ref="2074" result="false" />
  <curcuit ref="2075" result="false" />
  <curcuit ref="2076" result="false" />
  <curcuit ref="2077" result="false" />
  <curcuit ref="2078" result="false" />
  <curcuit ref="2079" result="false" />
  <curcuit ref="2080" result="false" />
  <curcuit ref="2081" result="false" />
  <curcuit ref="2082" result="false" />
  <curcuit ref="2083" result="false" />
  <curcuit ref="2084" result="false" />
  <curcuit ref="2085" result="false" />
  <curcuit ref="2086" result="false" />
  <curcuit ref="2087" result="false" />
  <curcuit ref="2088" result="false" />
  <curcuit ref="2089" result="false" />
  <curcuit ref="2090" result="false" />
  <curcuit ref="2091" result="false" />
  <curcuit ref="2092" result="false" />
  <curcuit ref="2093" result="false" />
  <curcuit ref="2094" result="false" />
  <curcuit ref="2095" result="false" />
  <curcuit ref="2096" result="false" />
  <curcuit ref="2097" result="false" />
  <curcuit ref="2098" result="false" />
  <curcuit ref="2099" result="false" />
  <curcuit ref="2100" result="false" />
  <curcuit ref="2101" result="false" />
  <curcuit ref="2102" result="false" />
  <curcuit ref="2103" result="false" />
  <curcuit ref="2104" result="false" />
  <curcuit ref="2105" result="false" />
  <curcuit ref="2106" result="false" />
</isContainedTrap>