﻿<?xml version="1.0" encoding="utf-8"?>
<curcuitfile isEnd="true">
  <curcuit id="0">
    <place ref="Eat_4" />
    <place ref="Fork_3" />
  </curcuit>
  <curcuit id="1">
    <place ref="Catch2_4" />
    <place ref="Eat_4" />
    <place ref="Think_4" />
  </curcuit>
  <curcuit id="2">
    <place ref="Catch1_4" />
    <place ref="Eat_4" />
    <place ref="Think_4" />
  </curcuit>
  <curcuit id="3">
    <place ref="Catch2_5" />
    <place ref="Eat_5" />
    <place ref="Think_5" />
  </curcuit>
  <curcuit id="4">
    <place ref="Catch1_5" />
    <place ref="Eat_5" />
    <place ref="Think_5" />
  </curcuit>
  <curcuit id="5">
    <place ref="Eat_1" />
    <place ref="Eat_2" />
    <place ref="Eat_3" />
    <place ref="Eat_4" />
    <place ref="Eat_5" />
    <place ref="Fork_1" />
    <place ref="Fork_2" />
    <place ref="Fork_3" />
    <place ref="Fork_4" />
    <place ref="Fork_5" />
  </curcuit>
  <curcuit id="6">
    <place ref="Eat_5" />
    <place ref="Fork_5" />
  </curcuit>
  <curcuit id="7">
    <place ref="Catch1_1" />
    <place ref="Eat_1" />
    <place ref="Eat_2" />
    <place ref="Eat_3" />
    <place ref="Eat_4" />
    <place ref="Eat_5" />
    <place ref="Fork_1" />
    <place ref="Fork_2" />
    <place ref="Fork_3" />
    <place ref="Fork_4" />
    <place ref="Fork_5" />
  </curcuit>
  <curcuit id="8">
    <place ref="Catch2_5" />
    <place ref="Eat_5" />
    <place ref="Fork_5" />
  </curcuit>
  <curcuit id="9">
    <place ref="Eat_5" />
    <place ref="Fork_4" />
  </curcuit>
  <curcuit id="10">
    <place ref="Eat_4" />
    <place ref="Fork_4" />
  </curcuit>
  <curcuit id="11">
    <place ref="Catch2_4" />
    <place ref="Eat_4" />
    <place ref="Fork_4" />
  </curcuit>
  <curcuit id="12">
    <place ref="Catch1_5" />
    <place ref="Eat_1" />
    <place ref="Eat_2" />
    <place ref="Eat_3" />
    <place ref="Eat_4" />
    <place ref="Eat_5" />
    <place ref="Fork_1" />
    <place ref="Fork_2" />
    <place ref="Fork_3" />
    <place ref="Fork_4" />
    <place ref="Fork_5" />
  </curcuit>
  <curcuit id="13">
    <place ref="Catch1_1" />
    <place ref="Catch1_5" />
    <place ref="Eat_1" />
    <place ref="Eat_2" />
    <place ref="Eat_3" />
    <place ref="Eat_4" />
    <place ref="Eat_5" />
    <place ref="Fork_1" />
    <place ref="Fork_2" />
    <place ref="Fork_3" />
    <place ref="Fork_4" />
    <place ref="Fork_5" />
  </curcuit>
  <curcuit id="14">
    <place ref="Catch1_5" />
    <place ref="Eat_5" />
    <place ref="Fork_4" />
  </curcuit>
  <curcuit id="15">
    <place ref="Eat_3" />
    <place ref="Fork_3" />
  </curcuit>
  <curcuit id="16">
    <place ref="Catch2_3" />
    <place ref="Eat_3" />
    <place ref="Fork_3" />
  </curcuit>
  <curcuit id="17">
    <place ref="Catch1_4" />
    <place ref="Eat_4" />
    <place ref="Fork_3" />
  </curcuit>
  <curcuit id="18">
    <place ref="Catch1_4" />
    <place ref="Eat_1" />
    <place ref="Eat_2" />
    <place ref="Eat_3" />
    <place ref="Eat_4" />
    <place ref="Eat_5" />
    <place ref="Fork_1" />
    <place ref="Fork_2" />
    <place ref="Fork_3" />
    <place ref="Fork_4" />
    <place ref="Fork_5" />
  </curcuit>
  <curcuit id="19">
    <place ref="Catch1_1" />
    <place ref="Catch1_4" />
    <place ref="Eat_1" />
    <place ref="Eat_2" />
    <place ref="Eat_3" />
    <place ref="Eat_4" />
    <place ref="Eat_5" />
    <place ref="Fork_1" />
    <place ref="Fork_2" />
    <place ref="Fork_3" />
    <place ref="Fork_4" />
    <place ref="Fork_5" />
  </curcuit>
  <curcuit id="20">
    <place ref="Catch1_4" />
    <place ref="Catch1_5" />
    <place ref="Eat_1" />
    <place ref="Eat_2" />
    <place ref="Eat_3" />
    <place ref="Eat_4" />
    <place ref="Eat_5" />
    <place ref="Fork_1" />
    <place ref="Fork_2" />
    <place ref="Fork_3" />
    <place ref="Fork_4" />
    <place ref="Fork_5" />
  </curcuit>
  <curcuit id="21">
    <place ref="Catch1_1" />
    <place ref="Catch1_4" />
    <place ref="Catch1_5" />
    <place ref="Eat_1" />
    <place ref="Eat_2" />
    <place ref="Eat_3" />
    <place ref="Eat_4" />
    <place ref="Eat_5" />
    <place ref="Fork_1" />
    <place ref="Fork_2" />
    <place ref="Fork_3" />
    <place ref="Fork_4" />
    <place ref="Fork_5" />
  </curcuit>
  <curcuit id="22">
    <place ref="Catch2_3" />
    <place ref="Eat_3" />
    <place ref="Think_3" />
  </curcuit>
  <curcuit id="23">
    <place ref="Catch1_3" />
    <place ref="Eat_3" />
    <place ref="Think_3" />
  </curcuit>
  <curcuit id="24">
    <place ref="Eat_3" />
    <place ref="Fork_2" />
  </curcuit>
  <curcuit id="25">
    <place ref="Eat_2" />
    <place ref="Fork_2" />
  </curcuit>
  <curcuit id="26">
    <place ref="Catch2_2" />
    <place ref="Eat_2" />
    <place ref="Fork_2" />
  </curcuit>
  <curcuit id="27">
    <place ref="Catch1_3" />
    <place ref="Eat_1" />
    <place ref="Eat_2" />
    <place ref="Eat_3" />
    <place ref="Eat_4" />
    <place ref="Eat_5" />
    <place ref="Fork_1" />
    <place ref="Fork_2" />
    <place ref="Fork_3" />
    <place ref="Fork_4" />
    <place ref="Fork_5" />
  </curcuit>
  <curcuit id="28">
    <place ref="Catch1_1" />
    <place ref="Catch1_3" />
    <place ref="Eat_1" />
    <place ref="Eat_2" />
    <place ref="Eat_3" />
    <place ref="Eat_4" />
    <place ref="Eat_5" />
    <place ref="Fork_1" />
    <place ref="Fork_2" />
    <place ref="Fork_3" />
    <place ref="Fork_4" />
    <place ref="Fork_5" />
  </curcuit>
  <curcuit id="29">
    <place ref="Catch1_3" />
    <place ref="Catch1_5" />
    <place ref="Eat_1" />
    <place ref="Eat_2" />
    <place ref="Eat_3" />
    <place ref="Eat_4" />
    <place ref="Eat_5" />
    <place ref="Fork_1" />
    <place ref="Fork_2" />
    <place ref="Fork_3" />
    <place ref="Fork_4" />
    <place ref="Fork_5" />
  </curcuit>
  <curcuit id="30">
    <place ref="Catch1_1" />
    <place ref="Catch1_3" />
    <place ref="Catch1_5" />
    <place ref="Eat_1" />
    <place ref="Eat_2" />
    <place ref="Eat_3" />
    <place ref="Eat_4" />
    <place ref="Eat_5" />
    <place ref="Fork_1" />
    <place ref="Fork_2" />
    <place ref="Fork_3" />
    <place ref="Fork_4" />
    <place ref="Fork_5" />
  </curcuit>
  <curcuit id="31">
    <place ref="Catch1_3" />
    <place ref="Catch1_4" />
    <place ref="Eat_1" />
    <place ref="Eat_2" />
    <place ref="Eat_3" />
    <place ref="Eat_4" />
    <place ref="Eat_5" />
    <place ref="Fork_1" />
    <place ref="Fork_2" />
    <place ref="Fork_3" />
    <place ref="Fork_4" />
    <place ref="Fork_5" />
  </curcuit>
  <curcuit id="32">
    <place ref="Catch1_1" />
    <place ref="Catch1_3" />
    <place ref="Catch1_4" />
    <place ref="Eat_1" />
    <place ref="Eat_2" />
    <place ref="Eat_3" />
    <place ref="Eat_4" />
    <place ref="Eat_5" />
    <place ref="Fork_1" />
    <place ref="Fork_2" />
    <place ref="Fork_3" />
    <place ref="Fork_4" />
    <place ref="Fork_5" />
  </curcuit>
  <curcuit id="33">
    <place ref="Catch1_3" />
    <place ref="Catch1_4" />
    <place ref="Catch1_5" />
    <place ref="Eat_1" />
    <place ref="Eat_2" />
    <place ref="Eat_3" />
    <place ref="Eat_4" />
    <place ref="Eat_5" />
    <place ref="Fork_1" />
    <place ref="Fork_2" />
    <place ref="Fork_3" />
    <place ref="Fork_4" />
    <place ref="Fork_5" />
  </curcuit>
  <curcuit id="34">
    <place ref="Catch1_1" />
    <place ref="Catch1_3" />
    <place ref="Catch1_4" />
    <place ref="Catch1_5" />
    <place ref="Eat_1" />
    <place ref="Eat_2" />
    <place ref="Eat_3" />
    <place ref="Eat_4" />
    <place ref="Eat_5" />
    <place ref="Fork_1" />
    <place ref="Fork_2" />
    <place ref="Fork_3" />
    <place ref="Fork_4" />
    <place ref="Fork_5" />
  </curcuit>
  <curcuit id="35">
    <place ref="Catch1_3" />
    <place ref="Eat_3" />
    <place ref="Fork_2" />
  </curcuit>
  <curcuit id="36">
    <place ref="Catch2_2" />
    <place ref="Eat_2" />
    <place ref="Think_2" />
  </curcuit>
  <curcuit id="37">
    <place ref="Catch1_2" />
    <place ref="Eat_2" />
    <place ref="Think_2" />
  </curcuit>
  <curcuit id="38">
    <place ref="Eat_2" />
    <place ref="Fork_1" />
  </curcuit>
  <curcuit id="39">
    <place ref="Eat_1" />
    <place ref="Fork_1" />
  </curcuit>
  <curcuit id="40">
    <place ref="Catch2_1" />
    <place ref="Eat_1" />
    <place ref="Fork_1" />
  </curcuit>
  <curcuit id="41">
    <place ref="Catch1_2" />
    <place ref="Eat_1" />
    <place ref="Eat_2" />
    <place ref="Eat_3" />
    <place ref="Eat_4" />
    <place ref="Eat_5" />
    <place ref="Fork_1" />
    <place ref="Fork_2" />
    <place ref="Fork_3" />
    <place ref="Fork_4" />
    <place ref="Fork_5" />
  </curcuit>
  <curcuit id="42">
    <place ref="Catch1_1" />
    <place ref="Catch1_2" />
    <place ref="Eat_1" />
    <place ref="Eat_2" />
    <place ref="Eat_3" />
    <place ref="Eat_4" />
    <place ref="Eat_5" />
    <place ref="Fork_1" />
    <place ref="Fork_2" />
    <place ref="Fork_3" />
    <place ref="Fork_4" />
    <place ref="Fork_5" />
  </curcuit>
  <curcuit id="43">
    <place ref="Catch1_2" />
    <place ref="Catch1_5" />
    <place ref="Eat_1" />
    <place ref="Eat_2" />
    <place ref="Eat_3" />
    <place ref="Eat_4" />
    <place ref="Eat_5" />
    <place ref="Fork_1" />
    <place ref="Fork_2" />
    <place ref="Fork_3" />
    <place ref="Fork_4" />
    <place ref="Fork_5" />
  </curcuit>
  <curcuit id="44">
    <place ref="Catch1_1" />
    <place ref="Catch1_2" />
    <place ref="Catch1_5" />
    <place ref="Eat_1" />
    <place ref="Eat_2" />
    <place ref="Eat_3" />
    <place ref="Eat_4" />
    <place ref="Eat_5" />
    <place ref="Fork_1" />
    <place ref="Fork_2" />
    <place ref="Fork_3" />
    <place ref="Fork_4" />
    <place ref="Fork_5" />
  </curcuit>
  <curcuit id="45">
    <place ref="Catch1_2" />
    <place ref="Catch1_4" />
    <place ref="Eat_1" />
    <place ref="Eat_2" />
    <place ref="Eat_3" />
    <place ref="Eat_4" />
    <place ref="Eat_5" />
    <place ref="Fork_1" />
    <place ref="Fork_2" />
    <place ref="Fork_3" />
    <place ref="Fork_4" />
    <place ref="Fork_5" />
  </curcuit>
  <curcuit id="46">
    <place ref="Catch1_1" />
    <place ref="Catch1_2" />
    <place ref="Catch1_4" />
    <place ref="Eat_1" />
    <place ref="Eat_2" />
    <place ref="Eat_3" />
    <place ref="Eat_4" />
    <place ref="Eat_5" />
    <place ref="Fork_1" />
    <place ref="Fork_2" />
    <place ref="Fork_3" />
    <place ref="Fork_4" />
    <place ref="Fork_5" />
  </curcuit>
  <curcuit id="47">
    <place ref="Catch1_2" />
    <place ref="Catch1_4" />
    <place ref="Catch1_5" />
    <place ref="Eat_1" />
    <place ref="Eat_2" />
    <place ref="Eat_3" />
    <place ref="Eat_4" />
    <place ref="Eat_5" />
    <place ref="Fork_1" />
    <place ref="Fork_2" />
    <place ref="Fork_3" />
    <place ref="Fork_4" />
    <place ref="Fork_5" />
  </curcuit>
  <curcuit id="48">
    <place ref="Catch1_1" />
    <place ref="Catch1_2" />
    <place ref="Catch1_4" />
    <place ref="Catch1_5" />
    <place ref="Eat_1" />
    <place ref="Eat_2" />
    <place ref="Eat_3" />
    <place ref="Eat_4" />
    <place ref="Eat_5" />
    <place ref="Fork_1" />
    <place ref="Fork_2" />
    <place ref="Fork_3" />
    <place ref="Fork_4" />
    <place ref="Fork_5" />
  </curcuit>
  <curcuit id="49">
    <place ref="Catch1_2" />
    <place ref="Catch1_3" />
    <place ref="Eat_1" />
    <place ref="Eat_2" />
    <place ref="Eat_3" />
    <place ref="Eat_4" />
    <place ref="Eat_5" />
    <place ref="Fork_1" />
    <place ref="Fork_2" />
    <place ref="Fork_3" />
    <place ref="Fork_4" />
    <place ref="Fork_5" />
  </curcuit>
  <curcuit id="50">
    <place ref="Catch1_1" />
    <place ref="Catch1_2" />
    <place ref="Catch1_3" />
    <place ref="Eat_1" />
    <place ref="Eat_2" />
    <place ref="Eat_3" />
    <place ref="Eat_4" />
    <place ref="Eat_5" />
    <place ref="Fork_1" />
    <place ref="Fork_2" />
    <place ref="Fork_3" />
    <place ref="Fork_4" />
    <place ref="Fork_5" />
  </curcuit>
  <curcuit id="51">
    <place ref="Catch1_2" />
    <place ref="Catch1_3" />
    <place ref="Catch1_5" />
    <place ref="Eat_1" />
    <place ref="Eat_2" />
    <place ref="Eat_3" />
    <place ref="Eat_4" />
    <place ref="Eat_5" />
    <place ref="Fork_1" />
    <place ref="Fork_2" />
    <place ref="Fork_3" />
    <place ref="Fork_4" />
    <place ref="Fork_5" />
  </curcuit>
  <curcuit id="52">
    <place ref="Catch1_1" />
    <place ref="Catch1_2" />
    <place ref="Catch1_3" />
    <place ref="Catch1_5" />
    <place ref="Eat_1" />
    <place ref="Eat_2" />
    <place ref="Eat_3" />
    <place ref="Eat_4" />
    <place ref="Eat_5" />
    <place ref="Fork_1" />
    <place ref="Fork_2" />
    <place ref="Fork_3" />
    <place ref="Fork_4" />
    <place ref="Fork_5" />
  </curcuit>
  <curcuit id="53">
    <place ref="Catch1_2" />
    <place ref="Catch1_3" />
    <place ref="Catch1_4" />
    <place ref="Eat_1" />
    <place ref="Eat_2" />
    <place ref="Eat_3" />
    <place ref="Eat_4" />
    <place ref="Eat_5" />
    <place ref="Fork_1" />
    <place ref="Fork_2" />
    <place ref="Fork_3" />
    <place ref="Fork_4" />
    <place ref="Fork_5" />
  </curcuit>
  <curcuit id="54">
    <place ref="Catch1_1" />
    <place ref="Catch1_2" />
    <place ref="Catch1_3" />
    <place ref="Catch1_4" />
    <place ref="Eat_1" />
    <place ref="Eat_2" />
    <place ref="Eat_3" />
    <place ref="Eat_4" />
    <place ref="Eat_5" />
    <place ref="Fork_1" />
    <place ref="Fork_2" />
    <place ref="Fork_3" />
    <place ref="Fork_4" />
    <place ref="Fork_5" />
  </curcuit>
  <curcuit id="55">
    <place ref="Catch1_2" />
    <place ref="Catch1_3" />
    <place ref="Catch1_4" />
    <place ref="Catch1_5" />
    <place ref="Eat_1" />
    <place ref="Eat_2" />
    <place ref="Eat_3" />
    <place ref="Eat_4" />
    <place ref="Eat_5" />
    <place ref="Fork_1" />
    <place ref="Fork_2" />
    <place ref="Fork_3" />
    <place ref="Fork_4" />
    <place ref="Fork_5" />
  </curcuit>
  <curcuit id="56">
    <place ref="Catch1_1" />
    <place ref="Catch1_2" />
    <place ref="Catch1_3" />
    <place ref="Catch1_4" />
    <place ref="Catch1_5" />
    <place ref="Eat_1" />
    <place ref="Eat_2" />
    <place ref="Eat_3" />
    <place ref="Eat_4" />
    <place ref="Eat_5" />
    <place ref="Fork_1" />
    <place ref="Fork_2" />
    <place ref="Fork_3" />
    <place ref="Fork_4" />
    <place ref="Fork_5" />
  </curcuit>
  <curcuit id="57">
    <place ref="Catch1_2" />
    <place ref="Eat_2" />
    <place ref="Fork_1" />
  </curcuit>
  <curcuit id="58">
    <place ref="Catch2_1" />
    <place ref="Eat_1" />
    <place ref="Think_1" />
  </curcuit>
  <curcuit id="59">
    <place ref="Eat_1" />
    <place ref="Fork_5" />
  </curcuit>
  <curcuit id="60">
    <place ref="Catch2_1" />
    <place ref="Eat_1" />
    <place ref="Eat_2" />
    <place ref="Eat_3" />
    <place ref="Eat_4" />
    <place ref="Eat_5" />
    <place ref="Fork_1" />
    <place ref="Fork_2" />
    <place ref="Fork_3" />
    <place ref="Fork_4" />
    <place ref="Fork_5" />
  </curcuit>
  <curcuit id="61">
    <place ref="Catch2_2" />
    <place ref="Eat_1" />
    <place ref="Eat_2" />
    <place ref="Eat_3" />
    <place ref="Eat_4" />
    <place ref="Eat_5" />
    <place ref="Fork_1" />
    <place ref="Fork_2" />
    <place ref="Fork_3" />
    <place ref="Fork_4" />
    <place ref="Fork_5" />
  </curcuit>
  <curcuit id="62">
    <place ref="Catch2_1" />
    <place ref="Catch2_2" />
    <place ref="Eat_1" />
    <place ref="Eat_2" />
    <place ref="Eat_3" />
    <place ref="Eat_4" />
    <place ref="Eat_5" />
    <place ref="Fork_1" />
    <place ref="Fork_2" />
    <place ref="Fork_3" />
    <place ref="Fork_4" />
    <place ref="Fork_5" />
  </curcuit>
  <curcuit id="63">
    <place ref="Catch2_3" />
    <place ref="Eat_1" />
    <place ref="Eat_2" />
    <place ref="Eat_3" />
    <place ref="Eat_4" />
    <place ref="Eat_5" />
    <place ref="Fork_1" />
    <place ref="Fork_2" />
    <place ref="Fork_3" />
    <place ref="Fork_4" />
    <place ref="Fork_5" />
  </curcuit>
  <curcuit id="64">
    <place ref="Catch2_1" />
    <place ref="Catch2_3" />
    <place ref="Eat_1" />
    <place ref="Eat_2" />
    <place ref="Eat_3" />
    <place ref="Eat_4" />
    <place ref="Eat_5" />
    <place ref="Fork_1" />
    <place ref="Fork_2" />
    <place ref="Fork_3" />
    <place ref="Fork_4" />
    <place ref="Fork_5" />
  </curcuit>
  <curcuit id="65">
    <place ref="Catch2_2" />
    <place ref="Catch2_3" />
    <place ref="Eat_1" />
    <place ref="Eat_2" />
    <place ref="Eat_3" />
    <place ref="Eat_4" />
    <place ref="Eat_5" />
    <place ref="Fork_1" />
    <place ref="Fork_2" />
    <place ref="Fork_3" />
    <place ref="Fork_4" />
    <place ref="Fork_5" />
  </curcuit>
  <curcuit id="66">
    <place ref="Catch2_1" />
    <place ref="Catch2_2" />
    <place ref="Catch2_3" />
    <place ref="Eat_1" />
    <place ref="Eat_2" />
    <place ref="Eat_3" />
    <place ref="Eat_4" />
    <place ref="Eat_5" />
    <place ref="Fork_1" />
    <place ref="Fork_2" />
    <place ref="Fork_3" />
    <place ref="Fork_4" />
    <place ref="Fork_5" />
  </curcuit>
  <curcuit id="67">
    <place ref="Catch2_4" />
    <place ref="Eat_1" />
    <place ref="Eat_2" />
    <place ref="Eat_3" />
    <place ref="Eat_4" />
    <place ref="Eat_5" />
    <place ref="Fork_1" />
    <place ref="Fork_2" />
    <place ref="Fork_3" />
    <place ref="Fork_4" />
    <place ref="Fork_5" />
  </curcuit>
  <curcuit id="68">
    <place ref="Catch2_1" />
    <place ref="Catch2_4" />
    <place ref="Eat_1" />
    <place ref="Eat_2" />
    <place ref="Eat_3" />
    <place ref="Eat_4" />
    <place ref="Eat_5" />
    <place ref="Fork_1" />
    <place ref="Fork_2" />
    <place ref="Fork_3" />
    <place ref="Fork_4" />
    <place ref="Fork_5" />
  </curcuit>
  <curcuit id="69">
    <place ref="Catch2_2" />
    <place ref="Catch2_4" />
    <place ref="Eat_1" />
    <place ref="Eat_2" />
    <place ref="Eat_3" />
    <place ref="Eat_4" />
    <place ref="Eat_5" />
    <place ref="Fork_1" />
    <place ref="Fork_2" />
    <place ref="Fork_3" />
    <place ref="Fork_4" />
    <place ref="Fork_5" />
  </curcuit>
  <curcuit id="70">
    <place ref="Catch2_1" />
    <place ref="Catch2_2" />
    <place ref="Catch2_4" />
    <place ref="Eat_1" />
    <place ref="Eat_2" />
    <place ref="Eat_3" />
    <place ref="Eat_4" />
    <place ref="Eat_5" />
    <place ref="Fork_1" />
    <place ref="Fork_2" />
    <place ref="Fork_3" />
    <place ref="Fork_4" />
    <place ref="Fork_5" />
  </curcuit>
  <curcuit id="71">
    <place ref="Catch2_3" />
    <place ref="Catch2_4" />
    <place ref="Eat_1" />
    <place ref="Eat_2" />
    <place ref="Eat_3" />
    <place ref="Eat_4" />
    <place ref="Eat_5" />
    <place ref="Fork_1" />
    <place ref="Fork_2" />
    <place ref="Fork_3" />
    <place ref="Fork_4" />
    <place ref="Fork_5" />
  </curcuit>
  <curcuit id="72">
    <place ref="Catch2_1" />
    <place ref="Catch2_3" />
    <place ref="Catch2_4" />
    <place ref="Eat_1" />
    <place ref="Eat_2" />
    <place ref="Eat_3" />
    <place ref="Eat_4" />
    <place ref="Eat_5" />
    <place ref="Fork_1" />
    <place ref="Fork_2" />
    <place ref="Fork_3" />
    <place ref="Fork_4" />
    <place ref="Fork_5" />
  </curcuit>
  <curcuit id="73">
    <place ref="Catch2_2" />
    <place ref="Catch2_3" />
    <place ref="Catch2_4" />
    <place ref="Eat_1" />
    <place ref="Eat_2" />
    <place ref="Eat_3" />
    <place ref="Eat_4" />
    <place ref="Eat_5" />
    <place ref="Fork_1" />
    <place ref="Fork_2" />
    <place ref="Fork_3" />
    <place ref="Fork_4" />
    <place ref="Fork_5" />
  </curcuit>
  <curcuit id="74">
    <place ref="Catch2_1" />
    <place ref="Catch2_2" />
    <place ref="Catch2_3" />
    <place ref="Catch2_4" />
    <place ref="Eat_1" />
    <place ref="Eat_2" />
    <place ref="Eat_3" />
    <place ref="Eat_4" />
    <place ref="Eat_5" />
    <place ref="Fork_1" />
    <place ref="Fork_2" />
    <place ref="Fork_3" />
    <place ref="Fork_4" />
    <place ref="Fork_5" />
  </curcuit>
  <curcuit id="75">
    <place ref="Catch1_1" />
    <place ref="Eat_1" />
    <place ref="Fork_5" />
  </curcuit>
  <curcuit id="76">
    <place ref="Catch2_5" />
    <place ref="Eat_1" />
    <place ref="Eat_2" />
    <place ref="Eat_3" />
    <place ref="Eat_4" />
    <place ref="Eat_5" />
    <place ref="Fork_1" />
    <place ref="Fork_2" />
    <place ref="Fork_3" />
    <place ref="Fork_4" />
    <place ref="Fork_5" />
  </curcuit>
  <curcuit id="77">
    <place ref="Catch2_1" />
    <place ref="Catch2_5" />
    <place ref="Eat_1" />
    <place ref="Eat_2" />
    <place ref="Eat_3" />
    <place ref="Eat_4" />
    <place ref="Eat_5" />
    <place ref="Fork_1" />
    <place ref="Fork_2" />
    <place ref="Fork_3" />
    <place ref="Fork_4" />
    <place ref="Fork_5" />
  </curcuit>
  <curcuit id="78">
    <place ref="Catch2_2" />
    <place ref="Catch2_5" />
    <place ref="Eat_1" />
    <place ref="Eat_2" />
    <place ref="Eat_3" />
    <place ref="Eat_4" />
    <place ref="Eat_5" />
    <place ref="Fork_1" />
    <place ref="Fork_2" />
    <place ref="Fork_3" />
    <place ref="Fork_4" />
    <place ref="Fork_5" />
  </curcuit>
  <curcuit id="79">
    <place ref="Catch2_1" />
    <place ref="Catch2_2" />
    <place ref="Catch2_5" />
    <place ref="Eat_1" />
    <place ref="Eat_2" />
    <place ref="Eat_3" />
    <place ref="Eat_4" />
    <place ref="Eat_5" />
    <place ref="Fork_1" />
    <place ref="Fork_2" />
    <place ref="Fork_3" />
    <place ref="Fork_4" />
    <place ref="Fork_5" />
  </curcuit>
  <curcuit id="80">
    <place ref="Catch2_3" />
    <place ref="Catch2_5" />
    <place ref="Eat_1" />
    <place ref="Eat_2" />
    <place ref="Eat_3" />
    <place ref="Eat_4" />
    <place ref="Eat_5" />
    <place ref="Fork_1" />
    <place ref="Fork_2" />
    <place ref="Fork_3" />
    <place ref="Fork_4" />
    <place ref="Fork_5" />
  </curcuit>
  <curcuit id="81">
    <place ref="Catch2_1" />
    <place ref="Catch2_3" />
    <place ref="Catch2_5" />
    <place ref="Eat_1" />
    <place ref="Eat_2" />
    <place ref="Eat_3" />
    <place ref="Eat_4" />
    <place ref="Eat_5" />
    <place ref="Fork_1" />
    <place ref="Fork_2" />
    <place ref="Fork_3" />
    <place ref="Fork_4" />
    <place ref="Fork_5" />
  </curcuit>
  <curcuit id="82">
    <place ref="Catch2_2" />
    <place ref="Catch2_3" />
    <place ref="Catch2_5" />
    <place ref="Eat_1" />
    <place ref="Eat_2" />
    <place ref="Eat_3" />
    <place ref="Eat_4" />
    <place ref="Eat_5" />
    <place ref="Fork_1" />
    <place ref="Fork_2" />
    <place ref="Fork_3" />
    <place ref="Fork_4" />
    <place ref="Fork_5" />
  </curcuit>
  <curcuit id="83">
    <place ref="Catch2_1" />
    <place ref="Catch2_2" />
    <place ref="Catch2_3" />
    <place ref="Catch2_5" />
    <place ref="Eat_1" />
    <place ref="Eat_2" />
    <place ref="Eat_3" />
    <place ref="Eat_4" />
    <place ref="Eat_5" />
    <place ref="Fork_1" />
    <place ref="Fork_2" />
    <place ref="Fork_3" />
    <place ref="Fork_4" />
    <place ref="Fork_5" />
  </curcuit>
  <curcuit id="84">
    <place ref="Catch2_4" />
    <place ref="Catch2_5" />
    <place ref="Eat_1" />
    <place ref="Eat_2" />
    <place ref="Eat_3" />
    <place ref="Eat_4" />
    <place ref="Eat_5" />
    <place ref="Fork_1" />
    <place ref="Fork_2" />
    <place ref="Fork_3" />
    <place ref="Fork_4" />
    <place ref="Fork_5" />
  </curcuit>
  <curcuit id="85">
    <place ref="Catch2_1" />
    <place ref="Catch2_4" />
    <place ref="Catch2_5" />
    <place ref="Eat_1" />
    <place ref="Eat_2" />
    <place ref="Eat_3" />
    <place ref="Eat_4" />
    <place ref="Eat_5" />
    <place ref="Fork_1" />
    <place ref="Fork_2" />
    <place ref="Fork_3" />
    <place ref="Fork_4" />
    <place ref="Fork_5" />
  </curcuit>
  <curcuit id="86">
    <place ref="Catch2_2" />
    <place ref="Catch2_4" />
    <place ref="Catch2_5" />
    <place ref="Eat_1" />
    <place ref="Eat_2" />
    <place ref="Eat_3" />
    <place ref="Eat_4" />
    <place ref="Eat_5" />
    <place ref="Fork_1" />
    <place ref="Fork_2" />
    <place ref="Fork_3" />
    <place ref="Fork_4" />
    <place ref="Fork_5" />
  </curcuit>
  <curcuit id="87">
    <place ref="Catch2_1" />
    <place ref="Catch2_2" />
    <place ref="Catch2_4" />
    <place ref="Catch2_5" />
    <place ref="Eat_1" />
    <place ref="Eat_2" />
    <place ref="Eat_3" />
    <place ref="Eat_4" />
    <place ref="Eat_5" />
    <place ref="Fork_1" />
    <place ref="Fork_2" />
    <place ref="Fork_3" />
    <place ref="Fork_4" />
    <place ref="Fork_5" />
  </curcuit>
  <curcuit id="88">
    <place ref="Catch2_3" />
    <place ref="Catch2_4" />
    <place ref="Catch2_5" />
    <place ref="Eat_1" />
    <place ref="Eat_2" />
    <place ref="Eat_3" />
    <place ref="Eat_4" />
    <place ref="Eat_5" />
    <place ref="Fork_1" />
    <place ref="Fork_2" />
    <place ref="Fork_3" />
    <place ref="Fork_4" />
    <place ref="Fork_5" />
  </curcuit>
  <curcuit id="89">
    <place ref="Catch2_1" />
    <place ref="Catch2_3" />
    <place ref="Catch2_4" />
    <place ref="Catch2_5" />
    <place ref="Eat_1" />
    <place ref="Eat_2" />
    <place ref="Eat_3" />
    <place ref="Eat_4" />
    <place ref="Eat_5" />
    <place ref="Fork_1" />
    <place ref="Fork_2" />
    <place ref="Fork_3" />
    <place ref="Fork_4" />
    <place ref="Fork_5" />
  </curcuit>
  <curcuit id="90">
    <place ref="Catch2_2" />
    <place ref="Catch2_3" />
    <place ref="Catch2_4" />
    <place ref="Catch2_5" />
    <place ref="Eat_1" />
    <place ref="Eat_2" />
    <place ref="Eat_3" />
    <place ref="Eat_4" />
    <place ref="Eat_5" />
    <place ref="Fork_1" />
    <place ref="Fork_2" />
    <place ref="Fork_3" />
    <place ref="Fork_4" />
    <place ref="Fork_5" />
  </curcuit>
  <curcuit id="91">
    <place ref="Catch2_1" />
    <place ref="Catch2_2" />
    <place ref="Catch2_3" />
    <place ref="Catch2_4" />
    <place ref="Catch2_5" />
    <place ref="Eat_1" />
    <place ref="Eat_2" />
    <place ref="Eat_3" />
    <place ref="Eat_4" />
    <place ref="Eat_5" />
    <place ref="Fork_1" />
    <place ref="Fork_2" />
    <place ref="Fork_3" />
    <place ref="Fork_4" />
    <place ref="Fork_5" />
  </curcuit>
  <curcuit id="92">
    <place ref="Catch1_1" />
    <place ref="Eat_1" />
    <place ref="Think_1" />
  </curcuit>
</curcuitfile>