﻿<?xml version="1.0" encoding="utf-8"?>
<isContainedTrap isEnd="true">
  <curcuit ref="0" result="false" />
  <curcuit ref="1" result="false" />
  <curcuit ref="2" result="false" />
  <curcuit ref="3" result="false" />
  <curcuit ref="4" result="false" />
  <curcuit ref="5" result="false" />
  <curcuit ref="6" result="false" />
  <curcuit ref="7" result="false" />
  <curcuit ref="8" result="false" />
  <curcuit ref="9" result="false" />
  <curcuit ref="10" result="false" />
  <curcuit ref="11" result="false" />
  <curcuit ref="12" result="false" />
  <curcuit ref="13" result="false" />
  <curcuit ref="14" result="false" />
  <curcuit ref="15" result="false" />
  <curcuit ref="16" result="false" />
  <curcuit ref="17" result="false" />
  <curcuit ref="18" result="false" />
  <curcuit ref="19" result="false" />
  <curcuit ref="20" result="false" />
  <curcuit ref="21" result="false" />
  <curcuit ref="22" result="false" />
  <curcuit ref="23" result="false" />
  <curcuit ref="24" result="false" />
  <curcuit ref="25" result="false" />
  <curcuit ref="26" result="false" />
  <curcuit ref="27" result="false" />
  <curcuit ref="28" result="false" />
  <curcuit ref="29" result="false" />
  <curcuit ref="30" result="false" />
  <curcuit ref="31" result="false" />
  <curcuit ref="32" result="false" />
  <curcuit ref="33" result="false" />
  <curcuit ref="34" result="false" />
  <curcuit ref="35" result="false" />
  <curcuit ref="36" result="false" />
  <curcuit ref="37" result="false" />
  <curcuit ref="38" result="false" />
  <curcuit ref="39" result="false" />
  <curcuit ref="40" result="false" />
  <curcuit ref="41" result="false" />
  <curcuit ref="42" result="false" />
  <curcuit ref="43" result="false" />
  <curcuit ref="44" result="false" />
  <curcuit ref="45" result="false" />
  <curcuit ref="46" result="false" />
  <curcuit ref="47" result="false" />
  <curcuit ref="48" result="false" />
  <curcuit ref="49" result="false" />
  <curcuit ref="50" result="false" />
  <curcuit ref="51" result="false" />
  <curcuit ref="52" result="false" />
  <curcuit ref="53" result="false" />
  <curcuit ref="54" result="false" />
  <curcuit ref="55" result="false" />
  <curcuit ref="56" result="false" />
  <curcuit ref="57" result="false" />
  <curcuit ref="58" result="false" />
  <curcuit ref="59" result="false" />
  <curcuit ref="60" result="false" />
  <curcuit ref="61" result="false" />
  <curcuit ref="62" result="false" />
  <curcuit ref="63" result="false" />
  <curcuit ref="64" result="false" />
  <curcuit ref="65" result="false" />
  <curcuit ref="66" result="false" />
  <curcuit ref="67" result="false" />
  <curcuit ref="68" result="false" />
  <curcuit ref="69" result="false" />
  <curcuit ref="70" result="false" />
  <curcuit ref="71" result="false" />
  <curcuit ref="72" result="false" />
  <curcuit ref="73" result="false" />
  <curcuit ref="74" result="false" />
  <curcuit ref="75" result="false" />
  <curcuit ref="76" result="false" />
  <curcuit ref="77" result="false" />
  <curcuit ref="78" result="false" />
  <curcuit ref="79" result="false" />
  <curcuit ref="80" result="false" />
  <curcuit ref="81" result="false" />
  <curcuit ref="82" result="false" />
  <curcuit ref="83" result="false" />
  <curcuit ref="84" result="false" />
  <curcuit ref="85" result="false" />
  <curcuit ref="86" result="false" />
  <curcuit ref="87" result="false" />
  <curcuit ref="88" result="false" />
  <curcuit ref="89" result="false" />
  <curcuit ref="90" result="false" />
  <curcuit ref="91" result="false" />
  <curcuit ref="92" result="false" />
</isContainedTrap>