﻿<?xml version="1.0" encoding="utf-8"?>
<curcuitfile isEnd="true">
  <curcuit id="0">
    <place ref="psecond" />
    <place ref="pterce" />
  </curcuit>
  <curcuit id="1">
    <place ref="p" />
    <place ref="p1" />
    <place ref="p101" />
    <place ref="p106" />
    <place ref="p11" />
    <place ref="p111" />
    <place ref="p116" />
    <place ref="p121" />
    <place ref="p126" />
    <place ref="p131" />
    <place ref="p136" />
    <place ref="p141" />
    <place ref="p146" />
    <place ref="p151" />
    <place ref="p156" />
    <place ref="p16" />
    <place ref="p161" />
    <place ref="p166" />
    <place ref="p171" />
    <place ref="p176" />
    <place ref="p181" />
    <place ref="p186" />
    <place ref="p191" />
    <place ref="p196" />
    <place ref="p201" />
    <place ref="p206" />
    <place ref="p21" />
    <place ref="p211" />
    <place ref="p216" />
    <place ref="p221" />
    <place ref="p226" />
    <place ref="p231" />
    <place ref="p236" />
    <place ref="p241" />
    <place ref="p246" />
    <place ref="p251" />
    <place ref="p256" />
    <place ref="p26" />
    <place ref="p261" />
    <place ref="p266" />
    <place ref="p271" />
    <place ref="p276" />
    <place ref="p281" />
    <place ref="p286" />
    <place ref="p291" />
    <place ref="p296" />
    <place ref="p301" />
    <place ref="p306" />
    <place ref="p31" />
    <place ref="p311" />
    <place ref="p316" />
    <place ref="p321" />
    <place ref="p326" />
    <place ref="p331" />
    <place ref="p336" />
    <place ref="p341" />
    <place ref="p346" />
    <place ref="p351" />
    <place ref="p356" />
    <place ref="p36" />
    <place ref="p361" />
    <place ref="p366" />
    <place ref="p371" />
    <place ref="p376" />
    <place ref="p381" />
    <place ref="p386" />
    <place ref="p391" />
    <place ref="p396" />
    <place ref="p401" />
    <place ref="p406" />
    <place ref="p41" />
    <place ref="p411" />
    <place ref="p416" />
    <place ref="p421" />
    <place ref="p426" />
    <place ref="p431" />
    <place ref="p436" />
    <place ref="p441" />
    <place ref="p446" />
    <place ref="p451" />
    <place ref="p456" />
    <place ref="p46" />
    <place ref="p461" />
    <place ref="p466" />
    <place ref="p471" />
    <place ref="p476" />
    <place ref="p481" />
    <place ref="p486" />
    <place ref="p491" />
    <place ref="p496" />
    <place ref="p51" />
    <place ref="p56" />
    <place ref="p6" />
    <place ref="p61" />
    <place ref="p66" />
    <place ref="p71" />
    <place ref="p76" />
    <place ref="p81" />
    <place ref="p86" />
    <place ref="p91" />
    <place ref="p96" />
    <place ref="pprime" />
  </curcuit>
  <curcuit id="2">
    <place ref="p2" />
    <place ref="p3" />
  </curcuit>
  <curcuit id="3">
    <place ref="p4" />
    <place ref="p5" />
  </curcuit>
  <curcuit id="4">
    <place ref="p7" />
    <place ref="p8" />
  </curcuit>
  <curcuit id="5">
    <place ref="p10" />
    <place ref="p9" />
  </curcuit>
  <curcuit id="6">
    <place ref="p12" />
    <place ref="p13" />
  </curcuit>
  <curcuit id="7">
    <place ref="p14" />
    <place ref="p15" />
  </curcuit>
  <curcuit id="8">
    <place ref="p17" />
    <place ref="p18" />
  </curcuit>
  <curcuit id="9">
    <place ref="p19" />
    <place ref="p20" />
  </curcuit>
  <curcuit id="10">
    <place ref="p22" />
    <place ref="p23" />
  </curcuit>
  <curcuit id="11">
    <place ref="p24" />
    <place ref="p25" />
  </curcuit>
  <curcuit id="12">
    <place ref="p27" />
    <place ref="p28" />
  </curcuit>
  <curcuit id="13">
    <place ref="p29" />
    <place ref="p30" />
  </curcuit>
  <curcuit id="14">
    <place ref="p32" />
    <place ref="p33" />
  </curcuit>
  <curcuit id="15">
    <place ref="p34" />
    <place ref="p35" />
  </curcuit>
  <curcuit id="16">
    <place ref="p37" />
    <place ref="p38" />
  </curcuit>
  <curcuit id="17">
    <place ref="p39" />
    <place ref="p40" />
  </curcuit>
  <curcuit id="18">
    <place ref="p42" />
    <place ref="p43" />
  </curcuit>
  <curcuit id="19">
    <place ref="p44" />
    <place ref="p45" />
  </curcuit>
  <curcuit id="20">
    <place ref="p47" />
    <place ref="p48" />
  </curcuit>
  <curcuit id="21">
    <place ref="p49" />
    <place ref="p50" />
  </curcuit>
  <curcuit id="22">
    <place ref="p52" />
    <place ref="p53" />
  </curcuit>
  <curcuit id="23">
    <place ref="p54" />
    <place ref="p55" />
  </curcuit>
  <curcuit id="24">
    <place ref="p57" />
    <place ref="p58" />
  </curcuit>
  <curcuit id="25">
    <place ref="p59" />
    <place ref="p60" />
  </curcuit>
  <curcuit id="26">
    <place ref="p62" />
    <place ref="p63" />
  </curcuit>
  <curcuit id="27">
    <place ref="p64" />
    <place ref="p65" />
  </curcuit>
  <curcuit id="28">
    <place ref="p67" />
    <place ref="p68" />
  </curcuit>
  <curcuit id="29">
    <place ref="p69" />
    <place ref="p70" />
  </curcuit>
  <curcuit id="30">
    <place ref="p72" />
    <place ref="p73" />
  </curcuit>
  <curcuit id="31">
    <place ref="p74" />
    <place ref="p75" />
  </curcuit>
  <curcuit id="32">
    <place ref="p77" />
    <place ref="p78" />
  </curcuit>
  <curcuit id="33">
    <place ref="p79" />
    <place ref="p80" />
  </curcuit>
  <curcuit id="34">
    <place ref="p82" />
    <place ref="p83" />
  </curcuit>
  <curcuit id="35">
    <place ref="p84" />
    <place ref="p85" />
  </curcuit>
  <curcuit id="36">
    <place ref="p87" />
    <place ref="p88" />
  </curcuit>
  <curcuit id="37">
    <place ref="p89" />
    <place ref="p90" />
  </curcuit>
  <curcuit id="38">
    <place ref="p92" />
    <place ref="p93" />
  </curcuit>
  <curcuit id="39">
    <place ref="p94" />
    <place ref="p95" />
  </curcuit>
  <curcuit id="40">
    <place ref="p97" />
    <place ref="p98" />
  </curcuit>
  <curcuit id="41">
    <place ref="p100" />
    <place ref="p99" />
  </curcuit>
  <curcuit id="42">
    <place ref="p102" />
    <place ref="p103" />
  </curcuit>
  <curcuit id="43">
    <place ref="p104" />
    <place ref="p105" />
  </curcuit>
  <curcuit id="44">
    <place ref="p107" />
    <place ref="p108" />
  </curcuit>
  <curcuit id="45">
    <place ref="p109" />
    <place ref="p110" />
  </curcuit>
  <curcuit id="46">
    <place ref="p112" />
    <place ref="p113" />
  </curcuit>
  <curcuit id="47">
    <place ref="p114" />
    <place ref="p115" />
  </curcuit>
  <curcuit id="48">
    <place ref="p117" />
    <place ref="p118" />
  </curcuit>
  <curcuit id="49">
    <place ref="p119" />
    <place ref="p120" />
  </curcuit>
  <curcuit id="50">
    <place ref="p122" />
    <place ref="p123" />
  </curcuit>
  <curcuit id="51">
    <place ref="p124" />
    <place ref="p125" />
  </curcuit>
  <curcuit id="52">
    <place ref="p127" />
    <place ref="p128" />
  </curcuit>
  <curcuit id="53">
    <place ref="p129" />
    <place ref="p130" />
  </curcuit>
  <curcuit id="54">
    <place ref="p132" />
    <place ref="p133" />
  </curcuit>
  <curcuit id="55">
    <place ref="p134" />
    <place ref="p135" />
  </curcuit>
  <curcuit id="56">
    <place ref="p137" />
    <place ref="p138" />
  </curcuit>
  <curcuit id="57">
    <place ref="p139" />
    <place ref="p140" />
  </curcuit>
  <curcuit id="58">
    <place ref="p142" />
    <place ref="p143" />
  </curcuit>
  <curcuit id="59">
    <place ref="p144" />
    <place ref="p145" />
  </curcuit>
  <curcuit id="60">
    <place ref="p147" />
    <place ref="p148" />
  </curcuit>
  <curcuit id="61">
    <place ref="p149" />
    <place ref="p150" />
  </curcuit>
  <curcuit id="62">
    <place ref="p152" />
    <place ref="p153" />
  </curcuit>
  <curcuit id="63">
    <place ref="p154" />
    <place ref="p155" />
  </curcuit>
  <curcuit id="64">
    <place ref="p157" />
    <place ref="p158" />
  </curcuit>
  <curcuit id="65">
    <place ref="p159" />
    <place ref="p160" />
  </curcuit>
  <curcuit id="66">
    <place ref="p162" />
    <place ref="p163" />
  </curcuit>
  <curcuit id="67">
    <place ref="p164" />
    <place ref="p165" />
  </curcuit>
  <curcuit id="68">
    <place ref="p167" />
    <place ref="p168" />
  </curcuit>
  <curcuit id="69">
    <place ref="p169" />
    <place ref="p170" />
  </curcuit>
  <curcuit id="70">
    <place ref="p172" />
    <place ref="p173" />
  </curcuit>
  <curcuit id="71">
    <place ref="p174" />
    <place ref="p175" />
  </curcuit>
  <curcuit id="72">
    <place ref="p177" />
    <place ref="p178" />
  </curcuit>
  <curcuit id="73">
    <place ref="p179" />
    <place ref="p180" />
  </curcuit>
  <curcuit id="74">
    <place ref="p182" />
    <place ref="p183" />
  </curcuit>
  <curcuit id="75">
    <place ref="p184" />
    <place ref="p185" />
  </curcuit>
  <curcuit id="76">
    <place ref="p187" />
    <place ref="p188" />
  </curcuit>
  <curcuit id="77">
    <place ref="p189" />
    <place ref="p190" />
  </curcuit>
  <curcuit id="78">
    <place ref="p192" />
    <place ref="p193" />
  </curcuit>
  <curcuit id="79">
    <place ref="p194" />
    <place ref="p195" />
  </curcuit>
  <curcuit id="80">
    <place ref="p197" />
    <place ref="p198" />
  </curcuit>
  <curcuit id="81">
    <place ref="p199" />
    <place ref="p200" />
  </curcuit>
  <curcuit id="82">
    <place ref="p202" />
    <place ref="p203" />
  </curcuit>
  <curcuit id="83">
    <place ref="p204" />
    <place ref="p205" />
  </curcuit>
  <curcuit id="84">
    <place ref="p207" />
    <place ref="p208" />
  </curcuit>
  <curcuit id="85">
    <place ref="p209" />
    <place ref="p210" />
  </curcuit>
  <curcuit id="86">
    <place ref="p212" />
    <place ref="p213" />
  </curcuit>
  <curcuit id="87">
    <place ref="p214" />
    <place ref="p215" />
  </curcuit>
  <curcuit id="88">
    <place ref="p217" />
    <place ref="p218" />
  </curcuit>
  <curcuit id="89">
    <place ref="p219" />
    <place ref="p220" />
  </curcuit>
  <curcuit id="90">
    <place ref="p222" />
    <place ref="p223" />
  </curcuit>
  <curcuit id="91">
    <place ref="p224" />
    <place ref="p225" />
  </curcuit>
  <curcuit id="92">
    <place ref="p227" />
    <place ref="p228" />
  </curcuit>
  <curcuit id="93">
    <place ref="p229" />
    <place ref="p230" />
  </curcuit>
  <curcuit id="94">
    <place ref="p232" />
    <place ref="p233" />
  </curcuit>
  <curcuit id="95">
    <place ref="p234" />
    <place ref="p235" />
  </curcuit>
  <curcuit id="96">
    <place ref="p237" />
    <place ref="p238" />
  </curcuit>
  <curcuit id="97">
    <place ref="p239" />
    <place ref="p240" />
  </curcuit>
  <curcuit id="98">
    <place ref="p242" />
    <place ref="p243" />
  </curcuit>
  <curcuit id="99">
    <place ref="p244" />
    <place ref="p245" />
  </curcuit>
  <curcuit id="100">
    <place ref="p247" />
    <place ref="p248" />
  </curcuit>
  <curcuit id="101">
    <place ref="p249" />
    <place ref="p250" />
  </curcuit>
  <curcuit id="102">
    <place ref="p252" />
    <place ref="p253" />
  </curcuit>
  <curcuit id="103">
    <place ref="p254" />
    <place ref="p255" />
  </curcuit>
  <curcuit id="104">
    <place ref="p257" />
    <place ref="p258" />
  </curcuit>
  <curcuit id="105">
    <place ref="p259" />
    <place ref="p260" />
  </curcuit>
  <curcuit id="106">
    <place ref="p262" />
    <place ref="p263" />
  </curcuit>
  <curcuit id="107">
    <place ref="p264" />
    <place ref="p265" />
  </curcuit>
  <curcuit id="108">
    <place ref="p267" />
    <place ref="p268" />
  </curcuit>
  <curcuit id="109">
    <place ref="p269" />
    <place ref="p270" />
  </curcuit>
  <curcuit id="110">
    <place ref="p272" />
    <place ref="p273" />
  </curcuit>
  <curcuit id="111">
    <place ref="p274" />
    <place ref="p275" />
  </curcuit>
  <curcuit id="112">
    <place ref="p277" />
    <place ref="p278" />
  </curcuit>
  <curcuit id="113">
    <place ref="p279" />
    <place ref="p280" />
  </curcuit>
  <curcuit id="114">
    <place ref="p282" />
    <place ref="p283" />
  </curcuit>
  <curcuit id="115">
    <place ref="p284" />
    <place ref="p285" />
  </curcuit>
  <curcuit id="116">
    <place ref="p287" />
    <place ref="p288" />
  </curcuit>
  <curcuit id="117">
    <place ref="p289" />
    <place ref="p290" />
  </curcuit>
  <curcuit id="118">
    <place ref="p292" />
    <place ref="p293" />
  </curcuit>
  <curcuit id="119">
    <place ref="p294" />
    <place ref="p295" />
  </curcuit>
  <curcuit id="120">
    <place ref="p297" />
    <place ref="p298" />
  </curcuit>
  <curcuit id="121">
    <place ref="p299" />
    <place ref="p300" />
  </curcuit>
  <curcuit id="122">
    <place ref="p302" />
    <place ref="p303" />
  </curcuit>
  <curcuit id="123">
    <place ref="p304" />
    <place ref="p305" />
  </curcuit>
  <curcuit id="124">
    <place ref="p307" />
    <place ref="p308" />
  </curcuit>
  <curcuit id="125">
    <place ref="p309" />
    <place ref="p310" />
  </curcuit>
  <curcuit id="126">
    <place ref="p312" />
    <place ref="p313" />
  </curcuit>
  <curcuit id="127">
    <place ref="p314" />
    <place ref="p315" />
  </curcuit>
  <curcuit id="128">
    <place ref="p317" />
    <place ref="p318" />
  </curcuit>
  <curcuit id="129">
    <place ref="p319" />
    <place ref="p320" />
  </curcuit>
  <curcuit id="130">
    <place ref="p322" />
    <place ref="p323" />
  </curcuit>
  <curcuit id="131">
    <place ref="p324" />
    <place ref="p325" />
  </curcuit>
  <curcuit id="132">
    <place ref="p327" />
    <place ref="p328" />
  </curcuit>
  <curcuit id="133">
    <place ref="p329" />
    <place ref="p330" />
  </curcuit>
  <curcuit id="134">
    <place ref="p332" />
    <place ref="p333" />
  </curcuit>
  <curcuit id="135">
    <place ref="p334" />
    <place ref="p335" />
  </curcuit>
  <curcuit id="136">
    <place ref="p337" />
    <place ref="p338" />
  </curcuit>
  <curcuit id="137">
    <place ref="p339" />
    <place ref="p340" />
  </curcuit>
  <curcuit id="138">
    <place ref="p342" />
    <place ref="p343" />
  </curcuit>
  <curcuit id="139">
    <place ref="p344" />
    <place ref="p345" />
  </curcuit>
  <curcuit id="140">
    <place ref="p347" />
    <place ref="p348" />
  </curcuit>
  <curcuit id="141">
    <place ref="p349" />
    <place ref="p350" />
  </curcuit>
  <curcuit id="142">
    <place ref="p352" />
    <place ref="p353" />
  </curcuit>
  <curcuit id="143">
    <place ref="p354" />
    <place ref="p355" />
  </curcuit>
  <curcuit id="144">
    <place ref="p357" />
    <place ref="p358" />
  </curcuit>
  <curcuit id="145">
    <place ref="p359" />
    <place ref="p360" />
  </curcuit>
  <curcuit id="146">
    <place ref="p362" />
    <place ref="p363" />
  </curcuit>
  <curcuit id="147">
    <place ref="p364" />
    <place ref="p365" />
  </curcuit>
  <curcuit id="148">
    <place ref="p367" />
    <place ref="p368" />
  </curcuit>
  <curcuit id="149">
    <place ref="p369" />
    <place ref="p370" />
  </curcuit>
  <curcuit id="150">
    <place ref="p372" />
    <place ref="p373" />
  </curcuit>
  <curcuit id="151">
    <place ref="p374" />
    <place ref="p375" />
  </curcuit>
  <curcuit id="152">
    <place ref="p377" />
    <place ref="p378" />
  </curcuit>
  <curcuit id="153">
    <place ref="p379" />
    <place ref="p380" />
  </curcuit>
  <curcuit id="154">
    <place ref="p382" />
    <place ref="p383" />
  </curcuit>
  <curcuit id="155">
    <place ref="p384" />
    <place ref="p385" />
  </curcuit>
  <curcuit id="156">
    <place ref="p387" />
    <place ref="p388" />
  </curcuit>
  <curcuit id="157">
    <place ref="p389" />
    <place ref="p390" />
  </curcuit>
  <curcuit id="158">
    <place ref="p392" />
    <place ref="p393" />
  </curcuit>
  <curcuit id="159">
    <place ref="p394" />
    <place ref="p395" />
  </curcuit>
  <curcuit id="160">
    <place ref="p397" />
    <place ref="p398" />
  </curcuit>
  <curcuit id="161">
    <place ref="p399" />
    <place ref="p400" />
  </curcuit>
  <curcuit id="162">
    <place ref="p402" />
    <place ref="p403" />
  </curcuit>
  <curcuit id="163">
    <place ref="p404" />
    <place ref="p405" />
  </curcuit>
  <curcuit id="164">
    <place ref="p407" />
    <place ref="p408" />
  </curcuit>
  <curcuit id="165">
    <place ref="p409" />
    <place ref="p410" />
  </curcuit>
  <curcuit id="166">
    <place ref="p412" />
    <place ref="p413" />
  </curcuit>
  <curcuit id="167">
    <place ref="p414" />
    <place ref="p415" />
  </curcuit>
  <curcuit id="168">
    <place ref="p417" />
    <place ref="p418" />
  </curcuit>
  <curcuit id="169">
    <place ref="p419" />
    <place ref="p420" />
  </curcuit>
  <curcuit id="170">
    <place ref="p422" />
    <place ref="p423" />
  </curcuit>
  <curcuit id="171">
    <place ref="p424" />
    <place ref="p425" />
  </curcuit>
  <curcuit id="172">
    <place ref="p427" />
    <place ref="p428" />
  </curcuit>
  <curcuit id="173">
    <place ref="p429" />
    <place ref="p430" />
  </curcuit>
  <curcuit id="174">
    <place ref="p432" />
    <place ref="p433" />
  </curcuit>
  <curcuit id="175">
    <place ref="p434" />
    <place ref="p435" />
  </curcuit>
  <curcuit id="176">
    <place ref="p437" />
    <place ref="p438" />
  </curcuit>
  <curcuit id="177">
    <place ref="p439" />
    <place ref="p440" />
  </curcuit>
  <curcuit id="178">
    <place ref="p442" />
    <place ref="p443" />
  </curcuit>
  <curcuit id="179">
    <place ref="p444" />
    <place ref="p445" />
  </curcuit>
  <curcuit id="180">
    <place ref="p447" />
    <place ref="p448" />
  </curcuit>
  <curcuit id="181">
    <place ref="p449" />
    <place ref="p450" />
  </curcuit>
  <curcuit id="182">
    <place ref="p452" />
    <place ref="p453" />
  </curcuit>
  <curcuit id="183">
    <place ref="p454" />
    <place ref="p455" />
  </curcuit>
  <curcuit id="184">
    <place ref="p457" />
    <place ref="p458" />
  </curcuit>
  <curcuit id="185">
    <place ref="p459" />
    <place ref="p460" />
  </curcuit>
  <curcuit id="186">
    <place ref="p462" />
    <place ref="p463" />
  </curcuit>
  <curcuit id="187">
    <place ref="p464" />
    <place ref="p465" />
  </curcuit>
  <curcuit id="188">
    <place ref="p467" />
    <place ref="p468" />
  </curcuit>
  <curcuit id="189">
    <place ref="p469" />
    <place ref="p470" />
  </curcuit>
  <curcuit id="190">
    <place ref="p472" />
    <place ref="p473" />
  </curcuit>
  <curcuit id="191">
    <place ref="p474" />
    <place ref="p475" />
  </curcuit>
  <curcuit id="192">
    <place ref="p477" />
    <place ref="p478" />
  </curcuit>
  <curcuit id="193">
    <place ref="p479" />
    <place ref="p480" />
  </curcuit>
  <curcuit id="194">
    <place ref="p482" />
    <place ref="p483" />
  </curcuit>
  <curcuit id="195">
    <place ref="p484" />
    <place ref="p485" />
  </curcuit>
  <curcuit id="196">
    <place ref="p487" />
    <place ref="p488" />
  </curcuit>
  <curcuit id="197">
    <place ref="p489" />
    <place ref="p490" />
  </curcuit>
  <curcuit id="198">
    <place ref="p492" />
    <place ref="p493" />
  </curcuit>
  <curcuit id="199">
    <place ref="p494" />
    <place ref="p495" />
  </curcuit>
  <curcuit id="200">
    <place ref="p497" />
    <place ref="p498" />
  </curcuit>
  <curcuit id="201">
    <place ref="p499" />
    <place ref="p500" />
  </curcuit>
</curcuitfile>