﻿<?xml version="1.0" encoding="utf-8"?>
<isContainedSiphon isEnd="true">
  <curcuit ref="0" result="true">
    <place ref="psecond" />
    <place ref="pterce" />
  </curcuit>
  <curcuit ref="1" result="true">
    <place ref="p" />
    <place ref="p1" />
    <place ref="p101" />
    <place ref="p106" />
    <place ref="p11" />
    <place ref="p111" />
    <place ref="p116" />
    <place ref="p121" />
    <place ref="p126" />
    <place ref="p131" />
    <place ref="p136" />
    <place ref="p141" />
    <place ref="p146" />
    <place ref="p151" />
    <place ref="p156" />
    <place ref="p16" />
    <place ref="p161" />
    <place ref="p166" />
    <place ref="p171" />
    <place ref="p176" />
    <place ref="p181" />
    <place ref="p186" />
    <place ref="p191" />
    <place ref="p196" />
    <place ref="p201" />
    <place ref="p206" />
    <place ref="p21" />
    <place ref="p211" />
    <place ref="p216" />
    <place ref="p221" />
    <place ref="p226" />
    <place ref="p231" />
    <place ref="p236" />
    <place ref="p241" />
    <place ref="p246" />
    <place ref="p251" />
    <place ref="p256" />
    <place ref="p26" />
    <place ref="p261" />
    <place ref="p266" />
    <place ref="p271" />
    <place ref="p276" />
    <place ref="p281" />
    <place ref="p286" />
    <place ref="p291" />
    <place ref="p296" />
    <place ref="p301" />
    <place ref="p306" />
    <place ref="p31" />
    <place ref="p311" />
    <place ref="p316" />
    <place ref="p321" />
    <place ref="p326" />
    <place ref="p331" />
    <place ref="p336" />
    <place ref="p341" />
    <place ref="p346" />
    <place ref="p351" />
    <place ref="p356" />
    <place ref="p36" />
    <place ref="p361" />
    <place ref="p366" />
    <place ref="p371" />
    <place ref="p376" />
    <place ref="p381" />
    <place ref="p386" />
    <place ref="p391" />
    <place ref="p396" />
    <place ref="p401" />
    <place ref="p406" />
    <place ref="p41" />
    <place ref="p411" />
    <place ref="p416" />
    <place ref="p421" />
    <place ref="p426" />
    <place ref="p431" />
    <place ref="p436" />
    <place ref="p441" />
    <place ref="p446" />
    <place ref="p451" />
    <place ref="p456" />
    <place ref="p46" />
    <place ref="p461" />
    <place ref="p466" />
    <place ref="p471" />
    <place ref="p476" />
    <place ref="p481" />
    <place ref="p486" />
    <place ref="p491" />
    <place ref="p496" />
    <place ref="p51" />
    <place ref="p56" />
    <place ref="p6" />
    <place ref="p61" />
    <place ref="p66" />
    <place ref="p71" />
    <place ref="p76" />
    <place ref="p81" />
    <place ref="p86" />
    <place ref="p91" />
    <place ref="p96" />
    <place ref="pprime" />
  </curcuit>
  <curcuit ref="2" result="true">
    <place ref="p2" />
    <place ref="p3" />
  </curcuit>
  <curcuit ref="3" result="true">
    <place ref="p4" />
    <place ref="p5" />
  </curcuit>
  <curcuit ref="4" result="true">
    <place ref="p7" />
    <place ref="p8" />
  </curcuit>
  <curcuit ref="5" result="true">
    <place ref="p10" />
    <place ref="p9" />
  </curcuit>
  <curcuit ref="6" result="true">
    <place ref="p12" />
    <place ref="p13" />
  </curcuit>
  <curcuit ref="7" result="true">
    <place ref="p14" />
    <place ref="p15" />
  </curcuit>
  <curcuit ref="8" result="true">
    <place ref="p17" />
    <place ref="p18" />
  </curcuit>
  <curcuit ref="9" result="true">
    <place ref="p19" />
    <place ref="p20" />
  </curcuit>
  <curcuit ref="10" result="true">
    <place ref="p22" />
    <place ref="p23" />
  </curcuit>
  <curcuit ref="11" result="true">
    <place ref="p24" />
    <place ref="p25" />
  </curcuit>
  <curcuit ref="12" result="true">
    <place ref="p27" />
    <place ref="p28" />
  </curcuit>
  <curcuit ref="13" result="true">
    <place ref="p29" />
    <place ref="p30" />
  </curcuit>
  <curcuit ref="14" result="true">
    <place ref="p32" />
    <place ref="p33" />
  </curcuit>
  <curcuit ref="15" result="true">
    <place ref="p34" />
    <place ref="p35" />
  </curcuit>
  <curcuit ref="16" result="true">
    <place ref="p37" />
    <place ref="p38" />
  </curcuit>
  <curcuit ref="17" result="true">
    <place ref="p39" />
    <place ref="p40" />
  </curcuit>
  <curcuit ref="18" result="true">
    <place ref="p42" />
    <place ref="p43" />
  </curcuit>
  <curcuit ref="19" result="true">
    <place ref="p44" />
    <place ref="p45" />
  </curcuit>
  <curcuit ref="20" result="true">
    <place ref="p47" />
    <place ref="p48" />
  </curcuit>
  <curcuit ref="21" result="true">
    <place ref="p49" />
    <place ref="p50" />
  </curcuit>
  <curcuit ref="22" result="true">
    <place ref="p52" />
    <place ref="p53" />
  </curcuit>
  <curcuit ref="23" result="true">
    <place ref="p54" />
    <place ref="p55" />
  </curcuit>
  <curcuit ref="24" result="true">
    <place ref="p57" />
    <place ref="p58" />
  </curcuit>
  <curcuit ref="25" result="true">
    <place ref="p59" />
    <place ref="p60" />
  </curcuit>
  <curcuit ref="26" result="true">
    <place ref="p62" />
    <place ref="p63" />
  </curcuit>
  <curcuit ref="27" result="true">
    <place ref="p64" />
    <place ref="p65" />
  </curcuit>
  <curcuit ref="28" result="true">
    <place ref="p67" />
    <place ref="p68" />
  </curcuit>
  <curcuit ref="29" result="true">
    <place ref="p69" />
    <place ref="p70" />
  </curcuit>
  <curcuit ref="30" result="true">
    <place ref="p72" />
    <place ref="p73" />
  </curcuit>
  <curcuit ref="31" result="true">
    <place ref="p74" />
    <place ref="p75" />
  </curcuit>
  <curcuit ref="32" result="true">
    <place ref="p77" />
    <place ref="p78" />
  </curcuit>
  <curcuit ref="33" result="true">
    <place ref="p79" />
    <place ref="p80" />
  </curcuit>
  <curcuit ref="34" result="true">
    <place ref="p82" />
    <place ref="p83" />
  </curcuit>
  <curcuit ref="35" result="true">
    <place ref="p84" />
    <place ref="p85" />
  </curcuit>
  <curcuit ref="36" result="true">
    <place ref="p87" />
    <place ref="p88" />
  </curcuit>
  <curcuit ref="37" result="true">
    <place ref="p89" />
    <place ref="p90" />
  </curcuit>
  <curcuit ref="38" result="true">
    <place ref="p92" />
    <place ref="p93" />
  </curcuit>
  <curcuit ref="39" result="true">
    <place ref="p94" />
    <place ref="p95" />
  </curcuit>
  <curcuit ref="40" result="true">
    <place ref="p97" />
    <place ref="p98" />
  </curcuit>
  <curcuit ref="41" result="true">
    <place ref="p100" />
    <place ref="p99" />
  </curcuit>
  <curcuit ref="42" result="true">
    <place ref="p102" />
    <place ref="p103" />
  </curcuit>
  <curcuit ref="43" result="true">
    <place ref="p104" />
    <place ref="p105" />
  </curcuit>
  <curcuit ref="44" result="true">
    <place ref="p107" />
    <place ref="p108" />
  </curcuit>
  <curcuit ref="45" result="true">
    <place ref="p109" />
    <place ref="p110" />
  </curcuit>
  <curcuit ref="46" result="true">
    <place ref="p112" />
    <place ref="p113" />
  </curcuit>
  <curcuit ref="47" result="true">
    <place ref="p114" />
    <place ref="p115" />
  </curcuit>
  <curcuit ref="48" result="true">
    <place ref="p117" />
    <place ref="p118" />
  </curcuit>
  <curcuit ref="49" result="true">
    <place ref="p119" />
    <place ref="p120" />
  </curcuit>
  <curcuit ref="50" result="true">
    <place ref="p122" />
    <place ref="p123" />
  </curcuit>
  <curcuit ref="51" result="true">
    <place ref="p124" />
    <place ref="p125" />
  </curcuit>
  <curcuit ref="52" result="true">
    <place ref="p127" />
    <place ref="p128" />
  </curcuit>
  <curcuit ref="53" result="true">
    <place ref="p129" />
    <place ref="p130" />
  </curcuit>
  <curcuit ref="54" result="true">
    <place ref="p132" />
    <place ref="p133" />
  </curcuit>
  <curcuit ref="55" result="true">
    <place ref="p134" />
    <place ref="p135" />
  </curcuit>
  <curcuit ref="56" result="true">
    <place ref="p137" />
    <place ref="p138" />
  </curcuit>
  <curcuit ref="57" result="true">
    <place ref="p139" />
    <place ref="p140" />
  </curcuit>
  <curcuit ref="58" result="true">
    <place ref="p142" />
    <place ref="p143" />
  </curcuit>
  <curcuit ref="59" result="true">
    <place ref="p144" />
    <place ref="p145" />
  </curcuit>
  <curcuit ref="60" result="true">
    <place ref="p147" />
    <place ref="p148" />
  </curcuit>
  <curcuit ref="61" result="true">
    <place ref="p149" />
    <place ref="p150" />
  </curcuit>
  <curcuit ref="62" result="true">
    <place ref="p152" />
    <place ref="p153" />
  </curcuit>
  <curcuit ref="63" result="true">
    <place ref="p154" />
    <place ref="p155" />
  </curcuit>
  <curcuit ref="64" result="true">
    <place ref="p157" />
    <place ref="p158" />
  </curcuit>
  <curcuit ref="65" result="true">
    <place ref="p159" />
    <place ref="p160" />
  </curcuit>
  <curcuit ref="66" result="true">
    <place ref="p162" />
    <place ref="p163" />
  </curcuit>
  <curcuit ref="67" result="true">
    <place ref="p164" />
    <place ref="p165" />
  </curcuit>
  <curcuit ref="68" result="true">
    <place ref="p167" />
    <place ref="p168" />
  </curcuit>
  <curcuit ref="69" result="true">
    <place ref="p169" />
    <place ref="p170" />
  </curcuit>
  <curcuit ref="70" result="true">
    <place ref="p172" />
    <place ref="p173" />
  </curcuit>
  <curcuit ref="71" result="true">
    <place ref="p174" />
    <place ref="p175" />
  </curcuit>
  <curcuit ref="72" result="true">
    <place ref="p177" />
    <place ref="p178" />
  </curcuit>
  <curcuit ref="73" result="true">
    <place ref="p179" />
    <place ref="p180" />
  </curcuit>
  <curcuit ref="74" result="true">
    <place ref="p182" />
    <place ref="p183" />
  </curcuit>
  <curcuit ref="75" result="true">
    <place ref="p184" />
    <place ref="p185" />
  </curcuit>
  <curcuit ref="76" result="true">
    <place ref="p187" />
    <place ref="p188" />
  </curcuit>
  <curcuit ref="77" result="true">
    <place ref="p189" />
    <place ref="p190" />
  </curcuit>
  <curcuit ref="78" result="true">
    <place ref="p192" />
    <place ref="p193" />
  </curcuit>
  <curcuit ref="79" result="true">
    <place ref="p194" />
    <place ref="p195" />
  </curcuit>
  <curcuit ref="80" result="true">
    <place ref="p197" />
    <place ref="p198" />
  </curcuit>
  <curcuit ref="81" result="true">
    <place ref="p199" />
    <place ref="p200" />
  </curcuit>
  <curcuit ref="82" result="true">
    <place ref="p202" />
    <place ref="p203" />
  </curcuit>
  <curcuit ref="83" result="true">
    <place ref="p204" />
    <place ref="p205" />
  </curcuit>
  <curcuit ref="84" result="true">
    <place ref="p207" />
    <place ref="p208" />
  </curcuit>
  <curcuit ref="85" result="true">
    <place ref="p209" />
    <place ref="p210" />
  </curcuit>
  <curcuit ref="86" result="true">
    <place ref="p212" />
    <place ref="p213" />
  </curcuit>
  <curcuit ref="87" result="true">
    <place ref="p214" />
    <place ref="p215" />
  </curcuit>
  <curcuit ref="88" result="true">
    <place ref="p217" />
    <place ref="p218" />
  </curcuit>
  <curcuit ref="89" result="true">
    <place ref="p219" />
    <place ref="p220" />
  </curcuit>
  <curcuit ref="90" result="true">
    <place ref="p222" />
    <place ref="p223" />
  </curcuit>
  <curcuit ref="91" result="true">
    <place ref="p224" />
    <place ref="p225" />
  </curcuit>
  <curcuit ref="92" result="true">
    <place ref="p227" />
    <place ref="p228" />
  </curcuit>
  <curcuit ref="93" result="true">
    <place ref="p229" />
    <place ref="p230" />
  </curcuit>
  <curcuit ref="94" result="true">
    <place ref="p232" />
    <place ref="p233" />
  </curcuit>
  <curcuit ref="95" result="true">
    <place ref="p234" />
    <place ref="p235" />
  </curcuit>
  <curcuit ref="96" result="true">
    <place ref="p237" />
    <place ref="p238" />
  </curcuit>
  <curcuit ref="97" result="true">
    <place ref="p239" />
    <place ref="p240" />
  </curcuit>
  <curcuit ref="98" result="true">
    <place ref="p242" />
    <place ref="p243" />
  </curcuit>
  <curcuit ref="99" result="true">
    <place ref="p244" />
    <place ref="p245" />
  </curcuit>
  <curcuit ref="100" result="true">
    <place ref="p247" />
    <place ref="p248" />
  </curcuit>
  <curcuit ref="101" result="true">
    <place ref="p249" />
    <place ref="p250" />
  </curcuit>
  <curcuit ref="102" result="true">
    <place ref="p252" />
    <place ref="p253" />
  </curcuit>
  <curcuit ref="103" result="true">
    <place ref="p254" />
    <place ref="p255" />
  </curcuit>
  <curcuit ref="104" result="true">
    <place ref="p257" />
    <place ref="p258" />
  </curcuit>
  <curcuit ref="105" result="true">
    <place ref="p259" />
    <place ref="p260" />
  </curcuit>
  <curcuit ref="106" result="true">
    <place ref="p262" />
    <place ref="p263" />
  </curcuit>
  <curcuit ref="107" result="true">
    <place ref="p264" />
    <place ref="p265" />
  </curcuit>
  <curcuit ref="108" result="true">
    <place ref="p267" />
    <place ref="p268" />
  </curcuit>
  <curcuit ref="109" result="true">
    <place ref="p269" />
    <place ref="p270" />
  </curcuit>
  <curcuit ref="110" result="true">
    <place ref="p272" />
    <place ref="p273" />
  </curcuit>
  <curcuit ref="111" result="true">
    <place ref="p274" />
    <place ref="p275" />
  </curcuit>
  <curcuit ref="112" result="true">
    <place ref="p277" />
    <place ref="p278" />
  </curcuit>
  <curcuit ref="113" result="true">
    <place ref="p279" />
    <place ref="p280" />
  </curcuit>
  <curcuit ref="114" result="true">
    <place ref="p282" />
    <place ref="p283" />
  </curcuit>
  <curcuit ref="115" result="true">
    <place ref="p284" />
    <place ref="p285" />
  </curcuit>
  <curcuit ref="116" result="true">
    <place ref="p287" />
    <place ref="p288" />
  </curcuit>
  <curcuit ref="117" result="true">
    <place ref="p289" />
    <place ref="p290" />
  </curcuit>
  <curcuit ref="118" result="true">
    <place ref="p292" />
    <place ref="p293" />
  </curcuit>
  <curcuit ref="119" result="true">
    <place ref="p294" />
    <place ref="p295" />
  </curcuit>
  <curcuit ref="120" result="true">
    <place ref="p297" />
    <place ref="p298" />
  </curcuit>
  <curcuit ref="121" result="true">
    <place ref="p299" />
    <place ref="p300" />
  </curcuit>
  <curcuit ref="122" result="true">
    <place ref="p302" />
    <place ref="p303" />
  </curcuit>
  <curcuit ref="123" result="true">
    <place ref="p304" />
    <place ref="p305" />
  </curcuit>
  <curcuit ref="124" result="true">
    <place ref="p307" />
    <place ref="p308" />
  </curcuit>
  <curcuit ref="125" result="true">
    <place ref="p309" />
    <place ref="p310" />
  </curcuit>
  <curcuit ref="126" result="true">
    <place ref="p312" />
    <place ref="p313" />
  </curcuit>
  <curcuit ref="127" result="true">
    <place ref="p314" />
    <place ref="p315" />
  </curcuit>
  <curcuit ref="128" result="true">
    <place ref="p317" />
    <place ref="p318" />
  </curcuit>
  <curcuit ref="129" result="true">
    <place ref="p319" />
    <place ref="p320" />
  </curcuit>
  <curcuit ref="130" result="true">
    <place ref="p322" />
    <place ref="p323" />
  </curcuit>
  <curcuit ref="131" result="true">
    <place ref="p324" />
    <place ref="p325" />
  </curcuit>
  <curcuit ref="132" result="true">
    <place ref="p327" />
    <place ref="p328" />
  </curcuit>
  <curcuit ref="133" result="true">
    <place ref="p329" />
    <place ref="p330" />
  </curcuit>
  <curcuit ref="134" result="true">
    <place ref="p332" />
    <place ref="p333" />
  </curcuit>
  <curcuit ref="135" result="true">
    <place ref="p334" />
    <place ref="p335" />
  </curcuit>
  <curcuit ref="136" result="true">
    <place ref="p337" />
    <place ref="p338" />
  </curcuit>
  <curcuit ref="137" result="true">
    <place ref="p339" />
    <place ref="p340" />
  </curcuit>
  <curcuit ref="138" result="true">
    <place ref="p342" />
    <place ref="p343" />
  </curcuit>
  <curcuit ref="139" result="true">
    <place ref="p344" />
    <place ref="p345" />
  </curcuit>
  <curcuit ref="140" result="true">
    <place ref="p347" />
    <place ref="p348" />
  </curcuit>
  <curcuit ref="141" result="true">
    <place ref="p349" />
    <place ref="p350" />
  </curcuit>
  <curcuit ref="142" result="true">
    <place ref="p352" />
    <place ref="p353" />
  </curcuit>
  <curcuit ref="143" result="true">
    <place ref="p354" />
    <place ref="p355" />
  </curcuit>
  <curcuit ref="144" result="true">
    <place ref="p357" />
    <place ref="p358" />
  </curcuit>
  <curcuit ref="145" result="true">
    <place ref="p359" />
    <place ref="p360" />
  </curcuit>
  <curcuit ref="146" result="true">
    <place ref="p362" />
    <place ref="p363" />
  </curcuit>
  <curcuit ref="147" result="true">
    <place ref="p364" />
    <place ref="p365" />
  </curcuit>
  <curcuit ref="148" result="true">
    <place ref="p367" />
    <place ref="p368" />
  </curcuit>
  <curcuit ref="149" result="true">
    <place ref="p369" />
    <place ref="p370" />
  </curcuit>
  <curcuit ref="150" result="true">
    <place ref="p372" />
    <place ref="p373" />
  </curcuit>
  <curcuit ref="151" result="true">
    <place ref="p374" />
    <place ref="p375" />
  </curcuit>
  <curcuit ref="152" result="true">
    <place ref="p377" />
    <place ref="p378" />
  </curcuit>
  <curcuit ref="153" result="true">
    <place ref="p379" />
    <place ref="p380" />
  </curcuit>
  <curcuit ref="154" result="true">
    <place ref="p382" />
    <place ref="p383" />
  </curcuit>
  <curcuit ref="155" result="true">
    <place ref="p384" />
    <place ref="p385" />
  </curcuit>
  <curcuit ref="156" result="true">
    <place ref="p387" />
    <place ref="p388" />
  </curcuit>
  <curcuit ref="157" result="true">
    <place ref="p389" />
    <place ref="p390" />
  </curcuit>
  <curcuit ref="158" result="true">
    <place ref="p392" />
    <place ref="p393" />
  </curcuit>
  <curcuit ref="159" result="true">
    <place ref="p394" />
    <place ref="p395" />
  </curcuit>
  <curcuit ref="160" result="true">
    <place ref="p397" />
    <place ref="p398" />
  </curcuit>
  <curcuit ref="161" result="true">
    <place ref="p399" />
    <place ref="p400" />
  </curcuit>
  <curcuit ref="162" result="true">
    <place ref="p402" />
    <place ref="p403" />
  </curcuit>
  <curcuit ref="163" result="true">
    <place ref="p404" />
    <place ref="p405" />
  </curcuit>
  <curcuit ref="164" result="true">
    <place ref="p407" />
    <place ref="p408" />
  </curcuit>
  <curcuit ref="165" result="true">
    <place ref="p409" />
    <place ref="p410" />
  </curcuit>
  <curcuit ref="166" result="true">
    <place ref="p412" />
    <place ref="p413" />
  </curcuit>
  <curcuit ref="167" result="true">
    <place ref="p414" />
    <place ref="p415" />
  </curcuit>
  <curcuit ref="168" result="true">
    <place ref="p417" />
    <place ref="p418" />
  </curcuit>
  <curcuit ref="169" result="true">
    <place ref="p419" />
    <place ref="p420" />
  </curcuit>
  <curcuit ref="170" result="true">
    <place ref="p422" />
    <place ref="p423" />
  </curcuit>
  <curcuit ref="171" result="true">
    <place ref="p424" />
    <place ref="p425" />
  </curcuit>
  <curcuit ref="172" result="true">
    <place ref="p427" />
    <place ref="p428" />
  </curcuit>
  <curcuit ref="173" result="true">
    <place ref="p429" />
    <place ref="p430" />
  </curcuit>
  <curcuit ref="174" result="true">
    <place ref="p432" />
    <place ref="p433" />
  </curcuit>
  <curcuit ref="175" result="true">
    <place ref="p434" />
    <place ref="p435" />
  </curcuit>
  <curcuit ref="176" result="true">
    <place ref="p437" />
    <place ref="p438" />
  </curcuit>
  <curcuit ref="177" result="true">
    <place ref="p439" />
    <place ref="p440" />
  </curcuit>
  <curcuit ref="178" result="true">
    <place ref="p442" />
    <place ref="p443" />
  </curcuit>
  <curcuit ref="179" result="true">
    <place ref="p444" />
    <place ref="p445" />
  </curcuit>
  <curcuit ref="180" result="true">
    <place ref="p447" />
    <place ref="p448" />
  </curcuit>
  <curcuit ref="181" result="true">
    <place ref="p449" />
    <place ref="p450" />
  </curcuit>
  <curcuit ref="182" result="true">
    <place ref="p452" />
    <place ref="p453" />
  </curcuit>
  <curcuit ref="183" result="true">
    <place ref="p454" />
    <place ref="p455" />
  </curcuit>
  <curcuit ref="184" result="true">
    <place ref="p457" />
    <place ref="p458" />
  </curcuit>
  <curcuit ref="185" result="true">
    <place ref="p459" />
    <place ref="p460" />
  </curcuit>
  <curcuit ref="186" result="true">
    <place ref="p462" />
    <place ref="p463" />
  </curcuit>
  <curcuit ref="187" result="true">
    <place ref="p464" />
    <place ref="p465" />
  </curcuit>
  <curcuit ref="188" result="true">
    <place ref="p467" />
    <place ref="p468" />
  </curcuit>
  <curcuit ref="189" result="true">
    <place ref="p469" />
    <place ref="p470" />
  </curcuit>
  <curcuit ref="190" result="true">
    <place ref="p472" />
    <place ref="p473" />
  </curcuit>
  <curcuit ref="191" result="true">
    <place ref="p474" />
    <place ref="p475" />
  </curcuit>
  <curcuit ref="192" result="true">
    <place ref="p477" />
    <place ref="p478" />
  </curcuit>
  <curcuit ref="193" result="true">
    <place ref="p479" />
    <place ref="p480" />
  </curcuit>
  <curcuit ref="194" result="true">
    <place ref="p482" />
    <place ref="p483" />
  </curcuit>
  <curcuit ref="195" result="true">
    <place ref="p484" />
    <place ref="p485" />
  </curcuit>
  <curcuit ref="196" result="true">
    <place ref="p487" />
    <place ref="p488" />
  </curcuit>
  <curcuit ref="197" result="true">
    <place ref="p489" />
    <place ref="p490" />
  </curcuit>
  <curcuit ref="198" result="true">
    <place ref="p492" />
    <place ref="p493" />
  </curcuit>
  <curcuit ref="199" result="true">
    <place ref="p494" />
    <place ref="p495" />
  </curcuit>
  <curcuit ref="200" result="true">
    <place ref="p497" />
    <place ref="p498" />
  </curcuit>
  <curcuit ref="201" result="true">
    <place ref="p499" />
    <place ref="p500" />
  </curcuit>
</isContainedSiphon>