﻿<?xml version="1.0" encoding="utf-8"?>
<isContainedTrap isEnd="true">
  <curcuit ref="0" result="true">
    <place ref="psecond" />
    <place ref="pterce" />
  </curcuit>
  <curcuit ref="1" result="true">
    <place ref="p" />
    <place ref="p1" />
    <place ref="p101" />
    <place ref="p106" />
    <place ref="p11" />
    <place ref="p111" />
    <place ref="p116" />
    <place ref="p121" />
    <place ref="p126" />
    <place ref="p131" />
    <place ref="p136" />
    <place ref="p141" />
    <place ref="p146" />
    <place ref="p151" />
    <place ref="p156" />
    <place ref="p16" />
    <place ref="p161" />
    <place ref="p166" />
    <place ref="p171" />
    <place ref="p176" />
    <place ref="p181" />
    <place ref="p186" />
    <place ref="p191" />
    <place ref="p196" />
    <place ref="p21" />
    <place ref="p26" />
    <place ref="p31" />
    <place ref="p36" />
    <place ref="p41" />
    <place ref="p46" />
    <place ref="p51" />
    <place ref="p56" />
    <place ref="p6" />
    <place ref="p61" />
    <place ref="p66" />
    <place ref="p71" />
    <place ref="p76" />
    <place ref="p81" />
    <place ref="p86" />
    <place ref="p91" />
    <place ref="p96" />
    <place ref="pprime" />
  </curcuit>
  <curcuit ref="2" result="true">
    <place ref="p2" />
    <place ref="p3" />
  </curcuit>
  <curcuit ref="3" result="true">
    <place ref="p4" />
    <place ref="p5" />
  </curcuit>
  <curcuit ref="4" result="true">
    <place ref="p7" />
    <place ref="p8" />
  </curcuit>
  <curcuit ref="5" result="true">
    <place ref="p10" />
    <place ref="p9" />
  </curcuit>
  <curcuit ref="6" result="true">
    <place ref="p12" />
    <place ref="p13" />
  </curcuit>
  <curcuit ref="7" result="true">
    <place ref="p14" />
    <place ref="p15" />
  </curcuit>
  <curcuit ref="8" result="true">
    <place ref="p17" />
    <place ref="p18" />
  </curcuit>
  <curcuit ref="9" result="true">
    <place ref="p19" />
    <place ref="p20" />
  </curcuit>
  <curcuit ref="10" result="true">
    <place ref="p22" />
    <place ref="p23" />
  </curcuit>
  <curcuit ref="11" result="true">
    <place ref="p24" />
    <place ref="p25" />
  </curcuit>
  <curcuit ref="12" result="true">
    <place ref="p27" />
    <place ref="p28" />
  </curcuit>
  <curcuit ref="13" result="true">
    <place ref="p29" />
    <place ref="p30" />
  </curcuit>
  <curcuit ref="14" result="true">
    <place ref="p32" />
    <place ref="p33" />
  </curcuit>
  <curcuit ref="15" result="true">
    <place ref="p34" />
    <place ref="p35" />
  </curcuit>
  <curcuit ref="16" result="true">
    <place ref="p37" />
    <place ref="p38" />
  </curcuit>
  <curcuit ref="17" result="true">
    <place ref="p39" />
    <place ref="p40" />
  </curcuit>
  <curcuit ref="18" result="true">
    <place ref="p42" />
    <place ref="p43" />
  </curcuit>
  <curcuit ref="19" result="true">
    <place ref="p44" />
    <place ref="p45" />
  </curcuit>
  <curcuit ref="20" result="true">
    <place ref="p47" />
    <place ref="p48" />
  </curcuit>
  <curcuit ref="21" result="true">
    <place ref="p49" />
    <place ref="p50" />
  </curcuit>
  <curcuit ref="22" result="true">
    <place ref="p52" />
    <place ref="p53" />
  </curcuit>
  <curcuit ref="23" result="true">
    <place ref="p54" />
    <place ref="p55" />
  </curcuit>
  <curcuit ref="24" result="true">
    <place ref="p57" />
    <place ref="p58" />
  </curcuit>
  <curcuit ref="25" result="true">
    <place ref="p59" />
    <place ref="p60" />
  </curcuit>
  <curcuit ref="26" result="true">
    <place ref="p62" />
    <place ref="p63" />
  </curcuit>
  <curcuit ref="27" result="true">
    <place ref="p64" />
    <place ref="p65" />
  </curcuit>
  <curcuit ref="28" result="true">
    <place ref="p67" />
    <place ref="p68" />
  </curcuit>
  <curcuit ref="29" result="true">
    <place ref="p69" />
    <place ref="p70" />
  </curcuit>
  <curcuit ref="30" result="true">
    <place ref="p72" />
    <place ref="p73" />
  </curcuit>
  <curcuit ref="31" result="true">
    <place ref="p74" />
    <place ref="p75" />
  </curcuit>
  <curcuit ref="32" result="true">
    <place ref="p77" />
    <place ref="p78" />
  </curcuit>
  <curcuit ref="33" result="true">
    <place ref="p79" />
    <place ref="p80" />
  </curcuit>
  <curcuit ref="34" result="true">
    <place ref="p82" />
    <place ref="p83" />
  </curcuit>
  <curcuit ref="35" result="true">
    <place ref="p84" />
    <place ref="p85" />
  </curcuit>
  <curcuit ref="36" result="true">
    <place ref="p87" />
    <place ref="p88" />
  </curcuit>
  <curcuit ref="37" result="true">
    <place ref="p89" />
    <place ref="p90" />
  </curcuit>
  <curcuit ref="38" result="true">
    <place ref="p92" />
    <place ref="p93" />
  </curcuit>
  <curcuit ref="39" result="true">
    <place ref="p94" />
    <place ref="p95" />
  </curcuit>
  <curcuit ref="40" result="true">
    <place ref="p97" />
    <place ref="p98" />
  </curcuit>
  <curcuit ref="41" result="true">
    <place ref="p100" />
    <place ref="p99" />
  </curcuit>
  <curcuit ref="42" result="true">
    <place ref="p102" />
    <place ref="p103" />
  </curcuit>
  <curcuit ref="43" result="true">
    <place ref="p104" />
    <place ref="p105" />
  </curcuit>
  <curcuit ref="44" result="true">
    <place ref="p107" />
    <place ref="p108" />
  </curcuit>
  <curcuit ref="45" result="true">
    <place ref="p109" />
    <place ref="p110" />
  </curcuit>
  <curcuit ref="46" result="true">
    <place ref="p112" />
    <place ref="p113" />
  </curcuit>
  <curcuit ref="47" result="true">
    <place ref="p114" />
    <place ref="p115" />
  </curcuit>
  <curcuit ref="48" result="true">
    <place ref="p117" />
    <place ref="p118" />
  </curcuit>
  <curcuit ref="49" result="true">
    <place ref="p119" />
    <place ref="p120" />
  </curcuit>
  <curcuit ref="50" result="true">
    <place ref="p122" />
    <place ref="p123" />
  </curcuit>
  <curcuit ref="51" result="true">
    <place ref="p124" />
    <place ref="p125" />
  </curcuit>
  <curcuit ref="52" result="true">
    <place ref="p127" />
    <place ref="p128" />
  </curcuit>
  <curcuit ref="53" result="true">
    <place ref="p129" />
    <place ref="p130" />
  </curcuit>
  <curcuit ref="54" result="true">
    <place ref="p132" />
    <place ref="p133" />
  </curcuit>
  <curcuit ref="55" result="true">
    <place ref="p134" />
    <place ref="p135" />
  </curcuit>
  <curcuit ref="56" result="true">
    <place ref="p137" />
    <place ref="p138" />
  </curcuit>
  <curcuit ref="57" result="true">
    <place ref="p139" />
    <place ref="p140" />
  </curcuit>
  <curcuit ref="58" result="true">
    <place ref="p142" />
    <place ref="p143" />
  </curcuit>
  <curcuit ref="59" result="true">
    <place ref="p144" />
    <place ref="p145" />
  </curcuit>
  <curcuit ref="60" result="true">
    <place ref="p147" />
    <place ref="p148" />
  </curcuit>
  <curcuit ref="61" result="true">
    <place ref="p149" />
    <place ref="p150" />
  </curcuit>
  <curcuit ref="62" result="true">
    <place ref="p152" />
    <place ref="p153" />
  </curcuit>
  <curcuit ref="63" result="true">
    <place ref="p154" />
    <place ref="p155" />
  </curcuit>
  <curcuit ref="64" result="true">
    <place ref="p157" />
    <place ref="p158" />
  </curcuit>
  <curcuit ref="65" result="true">
    <place ref="p159" />
    <place ref="p160" />
  </curcuit>
  <curcuit ref="66" result="true">
    <place ref="p162" />
    <place ref="p163" />
  </curcuit>
  <curcuit ref="67" result="true">
    <place ref="p164" />
    <place ref="p165" />
  </curcuit>
  <curcuit ref="68" result="true">
    <place ref="p167" />
    <place ref="p168" />
  </curcuit>
  <curcuit ref="69" result="true">
    <place ref="p169" />
    <place ref="p170" />
  </curcuit>
  <curcuit ref="70" result="true">
    <place ref="p172" />
    <place ref="p173" />
  </curcuit>
  <curcuit ref="71" result="true">
    <place ref="p174" />
    <place ref="p175" />
  </curcuit>
  <curcuit ref="72" result="true">
    <place ref="p177" />
    <place ref="p178" />
  </curcuit>
  <curcuit ref="73" result="true">
    <place ref="p179" />
    <place ref="p180" />
  </curcuit>
  <curcuit ref="74" result="true">
    <place ref="p182" />
    <place ref="p183" />
  </curcuit>
  <curcuit ref="75" result="true">
    <place ref="p184" />
    <place ref="p185" />
  </curcuit>
  <curcuit ref="76" result="true">
    <place ref="p187" />
    <place ref="p188" />
  </curcuit>
  <curcuit ref="77" result="true">
    <place ref="p189" />
    <place ref="p190" />
  </curcuit>
  <curcuit ref="78" result="true">
    <place ref="p192" />
    <place ref="p193" />
  </curcuit>
  <curcuit ref="79" result="true">
    <place ref="p194" />
    <place ref="p195" />
  </curcuit>
  <curcuit ref="80" result="true">
    <place ref="p197" />
    <place ref="p198" />
  </curcuit>
  <curcuit ref="81" result="true">
    <place ref="p199" />
    <place ref="p200" />
  </curcuit>
  <curcuit ref="82" result="true">
    <place ref="p202" />
    <place ref="p203" />
  </curcuit>
  <curcuit ref="83" result="true">
    <place ref="p204" />
    <place ref="p205" />
  </curcuit>
  <curcuit ref="84" result="true">
    <place ref="p207" />
    <place ref="p208" />
  </curcuit>
  <curcuit ref="85" result="true">
    <place ref="p209" />
    <place ref="p210" />
  </curcuit>
  <curcuit ref="86" result="true">
    <place ref="p212" />
    <place ref="p213" />
  </curcuit>
  <curcuit ref="87" result="true">
    <place ref="p214" />
    <place ref="p215" />
  </curcuit>
  <curcuit ref="88" result="true">
    <place ref="p217" />
    <place ref="p218" />
  </curcuit>
  <curcuit ref="89" result="true">
    <place ref="p219" />
    <place ref="p220" />
  </curcuit>
  <curcuit ref="90" result="true">
    <place ref="p222" />
    <place ref="p223" />
  </curcuit>
  <curcuit ref="91" result="true">
    <place ref="p224" />
    <place ref="p225" />
  </curcuit>
  <curcuit ref="92" result="true">
    <place ref="p227" />
    <place ref="p228" />
  </curcuit>
  <curcuit ref="93" result="true">
    <place ref="p229" />
    <place ref="p230" />
  </curcuit>
  <curcuit ref="94" result="true">
    <place ref="p232" />
    <place ref="p233" />
  </curcuit>
  <curcuit ref="95" result="true">
    <place ref="p234" />
    <place ref="p235" />
  </curcuit>
  <curcuit ref="96" result="true">
    <place ref="p237" />
    <place ref="p238" />
  </curcuit>
  <curcuit ref="97" result="true">
    <place ref="p239" />
    <place ref="p240" />
  </curcuit>
  <curcuit ref="98" result="true">
    <place ref="p242" />
    <place ref="p243" />
  </curcuit>
  <curcuit ref="99" result="true">
    <place ref="p244" />
    <place ref="p245" />
  </curcuit>
  <curcuit ref="100" result="true">
    <place ref="p247" />
    <place ref="p248" />
  </curcuit>
  <curcuit ref="101" result="true">
    <place ref="p249" />
    <place ref="p250" />
  </curcuit>
</isContainedTrap>