﻿<?xml version="1.0" encoding="utf-8"?>
<curcuitfile isEnd="true">
  <curcuit id="0">
    <place ref="psecond" />
    <place ref="pterce" />
  </curcuit>
  <curcuit id="1">
    <place ref="p" />
    <place ref="p1" />
    <place ref="p11" />
    <place ref="p16" />
    <place ref="p21" />
    <place ref="p26" />
    <place ref="p31" />
    <place ref="p6" />
    <place ref="pprime" />
  </curcuit>
  <curcuit id="2">
    <place ref="p2" />
    <place ref="p3" />
  </curcuit>
  <curcuit id="3">
    <place ref="p4" />
    <place ref="p5" />
  </curcuit>
  <curcuit id="4">
    <place ref="p7" />
    <place ref="p8" />
  </curcuit>
  <curcuit id="5">
    <place ref="p10" />
    <place ref="p9" />
  </curcuit>
  <curcuit id="6">
    <place ref="p12" />
    <place ref="p13" />
  </curcuit>
  <curcuit id="7">
    <place ref="p14" />
    <place ref="p15" />
  </curcuit>
  <curcuit id="8">
    <place ref="p17" />
    <place ref="p18" />
  </curcuit>
  <curcuit id="9">
    <place ref="p19" />
    <place ref="p20" />
  </curcuit>
  <curcuit id="10">
    <place ref="p22" />
    <place ref="p23" />
  </curcuit>
  <curcuit id="11">
    <place ref="p24" />
    <place ref="p25" />
  </curcuit>
  <curcuit id="12">
    <place ref="p27" />
    <place ref="p28" />
  </curcuit>
  <curcuit id="13">
    <place ref="p29" />
    <place ref="p30" />
  </curcuit>
  <curcuit id="14">
    <place ref="p32" />
    <place ref="p33" />
  </curcuit>
  <curcuit id="15">
    <place ref="p34" />
    <place ref="p35" />
  </curcuit>
</curcuitfile>