﻿<?xml version="1.0" encoding="utf-8"?>
<isContainedTrap isEnd="true">
  <curcuit ref="0" result="true">
    <place ref="psecond" />
    <place ref="pterce" />
  </curcuit>
  <curcuit ref="1" result="true">
    <place ref="p" />
    <place ref="p1" />
    <place ref="p101" />
    <place ref="p11" />
    <place ref="p16" />
    <place ref="p21" />
    <place ref="p26" />
    <place ref="p31" />
    <place ref="p36" />
    <place ref="p41" />
    <place ref="p46" />
    <place ref="p51" />
    <place ref="p56" />
    <place ref="p6" />
    <place ref="p61" />
    <place ref="p66" />
    <place ref="p71" />
    <place ref="p76" />
    <place ref="p81" />
    <place ref="p86" />
    <place ref="p91" />
    <place ref="p96" />
    <place ref="pprime" />
  </curcuit>
  <curcuit ref="2" result="true">
    <place ref="p2" />
    <place ref="p3" />
  </curcuit>
  <curcuit ref="3" result="true">
    <place ref="p4" />
    <place ref="p5" />
  </curcuit>
  <curcuit ref="4" result="true">
    <place ref="p7" />
    <place ref="p8" />
  </curcuit>
  <curcuit ref="5" result="true">
    <place ref="p10" />
    <place ref="p9" />
  </curcuit>
  <curcuit ref="6" result="true">
    <place ref="p12" />
    <place ref="p13" />
  </curcuit>
  <curcuit ref="7" result="true">
    <place ref="p14" />
    <place ref="p15" />
  </curcuit>
  <curcuit ref="8" result="true">
    <place ref="p17" />
    <place ref="p18" />
  </curcuit>
  <curcuit ref="9" result="true">
    <place ref="p19" />
    <place ref="p20" />
  </curcuit>
  <curcuit ref="10" result="true">
    <place ref="p22" />
    <place ref="p23" />
  </curcuit>
  <curcuit ref="11" result="true">
    <place ref="p24" />
    <place ref="p25" />
  </curcuit>
  <curcuit ref="12" result="true">
    <place ref="p27" />
    <place ref="p28" />
  </curcuit>
  <curcuit ref="13" result="true">
    <place ref="p29" />
    <place ref="p30" />
  </curcuit>
  <curcuit ref="14" result="true">
    <place ref="p32" />
    <place ref="p33" />
  </curcuit>
  <curcuit ref="15" result="true">
    <place ref="p34" />
    <place ref="p35" />
  </curcuit>
  <curcuit ref="16" result="true">
    <place ref="p37" />
    <place ref="p38" />
  </curcuit>
  <curcuit ref="17" result="true">
    <place ref="p39" />
    <place ref="p40" />
  </curcuit>
  <curcuit ref="18" result="true">
    <place ref="p42" />
    <place ref="p43" />
  </curcuit>
  <curcuit ref="19" result="true">
    <place ref="p44" />
    <place ref="p45" />
  </curcuit>
  <curcuit ref="20" result="true">
    <place ref="p47" />
    <place ref="p48" />
  </curcuit>
  <curcuit ref="21" result="true">
    <place ref="p49" />
    <place ref="p50" />
  </curcuit>
  <curcuit ref="22" result="true">
    <place ref="p52" />
    <place ref="p53" />
  </curcuit>
  <curcuit ref="23" result="true">
    <place ref="p54" />
    <place ref="p55" />
  </curcuit>
  <curcuit ref="24" result="true">
    <place ref="p57" />
    <place ref="p58" />
  </curcuit>
  <curcuit ref="25" result="true">
    <place ref="p59" />
    <place ref="p60" />
  </curcuit>
  <curcuit ref="26" result="true">
    <place ref="p62" />
    <place ref="p63" />
  </curcuit>
  <curcuit ref="27" result="true">
    <place ref="p64" />
    <place ref="p65" />
  </curcuit>
  <curcuit ref="28" result="true">
    <place ref="p67" />
    <place ref="p68" />
  </curcuit>
  <curcuit ref="29" result="true">
    <place ref="p69" />
    <place ref="p70" />
  </curcuit>
  <curcuit ref="30" result="true">
    <place ref="p72" />
    <place ref="p73" />
  </curcuit>
  <curcuit ref="31" result="true">
    <place ref="p74" />
    <place ref="p75" />
  </curcuit>
  <curcuit ref="32" result="true">
    <place ref="p77" />
    <place ref="p78" />
  </curcuit>
  <curcuit ref="33" result="true">
    <place ref="p79" />
    <place ref="p80" />
  </curcuit>
  <curcuit ref="34" result="true">
    <place ref="p82" />
    <place ref="p83" />
  </curcuit>
  <curcuit ref="35" result="true">
    <place ref="p84" />
    <place ref="p85" />
  </curcuit>
  <curcuit ref="36" result="true">
    <place ref="p87" />
    <place ref="p88" />
  </curcuit>
  <curcuit ref="37" result="true">
    <place ref="p89" />
    <place ref="p90" />
  </curcuit>
  <curcuit ref="38" result="true">
    <place ref="p92" />
    <place ref="p93" />
  </curcuit>
  <curcuit ref="39" result="true">
    <place ref="p94" />
    <place ref="p95" />
  </curcuit>
  <curcuit ref="40" result="true">
    <place ref="p97" />
    <place ref="p98" />
  </curcuit>
  <curcuit ref="41" result="true">
    <place ref="p100" />
    <place ref="p99" />
  </curcuit>
  <curcuit ref="42" result="true">
    <place ref="p102" />
    <place ref="p103" />
  </curcuit>
  <curcuit ref="43" result="true">
    <place ref="p104" />
    <place ref="p105" />
  </curcuit>
  <curcuit ref="44" result="true">
    <place ref="p107" />
    <place ref="p108" />
  </curcuit>
  <curcuit ref="45" result="true">
    <place ref="p109" />
    <place ref="p110" />
  </curcuit>
  <curcuit ref="46" result="true">
    <place ref="p112" />
    <place ref="p113" />
  </curcuit>
  <curcuit ref="47" result="true">
    <place ref="p114" />
    <place ref="p115" />
  </curcuit>
  <curcuit ref="48" result="true">
    <place ref="p117" />
    <place ref="p118" />
  </curcuit>
  <curcuit ref="49" result="true">
    <place ref="p119" />
    <place ref="p120" />
  </curcuit>
  <curcuit ref="50" result="true">
    <place ref="p122" />
    <place ref="p123" />
  </curcuit>
  <curcuit ref="51" result="true">
    <place ref="p124" />
    <place ref="p125" />
  </curcuit>
</isContainedTrap>