﻿<?xml version="1.0" encoding="utf-8"?>
<isContainedSiphon isEnd="true">
  <curcuit ref="0" result="true">
    <place ref="psecond" />
    <place ref="pterce" />
  </curcuit>
  <curcuit ref="1" result="true">
    <place ref="p" />
    <place ref="p1" />
    <place ref="p11" />
    <place ref="p16" />
    <place ref="p21" />
    <place ref="p26" />
    <place ref="p31" />
    <place ref="p36" />
    <place ref="p6" />
    <place ref="pprime" />
  </curcuit>
  <curcuit ref="2" result="true">
    <place ref="p2" />
    <place ref="p3" />
  </curcuit>
  <curcuit ref="3" result="true">
    <place ref="p4" />
    <place ref="p5" />
  </curcuit>
  <curcuit ref="4" result="true">
    <place ref="p7" />
    <place ref="p8" />
  </curcuit>
  <curcuit ref="5" result="true">
    <place ref="p10" />
    <place ref="p9" />
  </curcuit>
  <curcuit ref="6" result="true">
    <place ref="p12" />
    <place ref="p13" />
  </curcuit>
  <curcuit ref="7" result="true">
    <place ref="p14" />
    <place ref="p15" />
  </curcuit>
  <curcuit ref="8" result="true">
    <place ref="p17" />
    <place ref="p18" />
  </curcuit>
  <curcuit ref="9" result="true">
    <place ref="p19" />
    <place ref="p20" />
  </curcuit>
  <curcuit ref="10" result="true">
    <place ref="p22" />
    <place ref="p23" />
  </curcuit>
  <curcuit ref="11" result="true">
    <place ref="p24" />
    <place ref="p25" />
  </curcuit>
  <curcuit ref="12" result="true">
    <place ref="p27" />
    <place ref="p28" />
  </curcuit>
  <curcuit ref="13" result="true">
    <place ref="p29" />
    <place ref="p30" />
  </curcuit>
  <curcuit ref="14" result="true">
    <place ref="p32" />
    <place ref="p33" />
  </curcuit>
  <curcuit ref="15" result="true">
    <place ref="p34" />
    <place ref="p35" />
  </curcuit>
  <curcuit ref="16" result="true">
    <place ref="p37" />
    <place ref="p38" />
  </curcuit>
  <curcuit ref="17" result="true">
    <place ref="p39" />
    <place ref="p40" />
  </curcuit>
  <curcuit ref="18" result="true">
    <place ref="p42" />
    <place ref="p43" />
  </curcuit>
  <curcuit ref="19" result="true">
    <place ref="p44" />
    <place ref="p45" />
  </curcuit>
  <curcuit ref="20" result="true">
    <place ref="p47" />
    <place ref="p48" />
  </curcuit>
  <curcuit ref="21" result="true">
    <place ref="p49" />
    <place ref="p50" />
  </curcuit>
</isContainedSiphon>