﻿<?xml version="1.0" encoding="utf-8"?>
<curcuitfile isEnd="true">
  <curcuit id="0">
    <place ref="psecond" />
    <place ref="pterce" />
  </curcuit>
  <curcuit id="1">
    <place ref="p" />
    <place ref="p1" />
    <place ref="p101" />
    <place ref="p106" />
    <place ref="p11" />
    <place ref="p111" />
    <place ref="p116" />
    <place ref="p121" />
    <place ref="p126" />
    <place ref="p131" />
    <place ref="p136" />
    <place ref="p141" />
    <place ref="p146" />
    <place ref="p151" />
    <place ref="p156" />
    <place ref="p16" />
    <place ref="p161" />
    <place ref="p166" />
    <place ref="p171" />
    <place ref="p176" />
    <place ref="p181" />
    <place ref="p186" />
    <place ref="p191" />
    <place ref="p196" />
    <place ref="p21" />
    <place ref="p26" />
    <place ref="p31" />
    <place ref="p36" />
    <place ref="p41" />
    <place ref="p46" />
    <place ref="p51" />
    <place ref="p56" />
    <place ref="p6" />
    <place ref="p61" />
    <place ref="p66" />
    <place ref="p71" />
    <place ref="p76" />
    <place ref="p81" />
    <place ref="p86" />
    <place ref="p91" />
    <place ref="p96" />
    <place ref="pprime" />
  </curcuit>
  <curcuit id="2">
    <place ref="p2" />
    <place ref="p3" />
  </curcuit>
  <curcuit id="3">
    <place ref="p4" />
    <place ref="p5" />
  </curcuit>
  <curcuit id="4">
    <place ref="p7" />
    <place ref="p8" />
  </curcuit>
  <curcuit id="5">
    <place ref="p10" />
    <place ref="p9" />
  </curcuit>
  <curcuit id="6">
    <place ref="p12" />
    <place ref="p13" />
  </curcuit>
  <curcuit id="7">
    <place ref="p14" />
    <place ref="p15" />
  </curcuit>
  <curcuit id="8">
    <place ref="p17" />
    <place ref="p18" />
  </curcuit>
  <curcuit id="9">
    <place ref="p19" />
    <place ref="p20" />
  </curcuit>
  <curcuit id="10">
    <place ref="p22" />
    <place ref="p23" />
  </curcuit>
  <curcuit id="11">
    <place ref="p24" />
    <place ref="p25" />
  </curcuit>
  <curcuit id="12">
    <place ref="p27" />
    <place ref="p28" />
  </curcuit>
  <curcuit id="13">
    <place ref="p29" />
    <place ref="p30" />
  </curcuit>
  <curcuit id="14">
    <place ref="p32" />
    <place ref="p33" />
  </curcuit>
  <curcuit id="15">
    <place ref="p34" />
    <place ref="p35" />
  </curcuit>
  <curcuit id="16">
    <place ref="p37" />
    <place ref="p38" />
  </curcuit>
  <curcuit id="17">
    <place ref="p39" />
    <place ref="p40" />
  </curcuit>
  <curcuit id="18">
    <place ref="p42" />
    <place ref="p43" />
  </curcuit>
  <curcuit id="19">
    <place ref="p44" />
    <place ref="p45" />
  </curcuit>
  <curcuit id="20">
    <place ref="p47" />
    <place ref="p48" />
  </curcuit>
  <curcuit id="21">
    <place ref="p49" />
    <place ref="p50" />
  </curcuit>
  <curcuit id="22">
    <place ref="p52" />
    <place ref="p53" />
  </curcuit>
  <curcuit id="23">
    <place ref="p54" />
    <place ref="p55" />
  </curcuit>
  <curcuit id="24">
    <place ref="p57" />
    <place ref="p58" />
  </curcuit>
  <curcuit id="25">
    <place ref="p59" />
    <place ref="p60" />
  </curcuit>
  <curcuit id="26">
    <place ref="p62" />
    <place ref="p63" />
  </curcuit>
  <curcuit id="27">
    <place ref="p64" />
    <place ref="p65" />
  </curcuit>
  <curcuit id="28">
    <place ref="p67" />
    <place ref="p68" />
  </curcuit>
  <curcuit id="29">
    <place ref="p69" />
    <place ref="p70" />
  </curcuit>
  <curcuit id="30">
    <place ref="p72" />
    <place ref="p73" />
  </curcuit>
  <curcuit id="31">
    <place ref="p74" />
    <place ref="p75" />
  </curcuit>
  <curcuit id="32">
    <place ref="p77" />
    <place ref="p78" />
  </curcuit>
  <curcuit id="33">
    <place ref="p79" />
    <place ref="p80" />
  </curcuit>
  <curcuit id="34">
    <place ref="p82" />
    <place ref="p83" />
  </curcuit>
  <curcuit id="35">
    <place ref="p84" />
    <place ref="p85" />
  </curcuit>
  <curcuit id="36">
    <place ref="p87" />
    <place ref="p88" />
  </curcuit>
  <curcuit id="37">
    <place ref="p89" />
    <place ref="p90" />
  </curcuit>
  <curcuit id="38">
    <place ref="p92" />
    <place ref="p93" />
  </curcuit>
  <curcuit id="39">
    <place ref="p94" />
    <place ref="p95" />
  </curcuit>
  <curcuit id="40">
    <place ref="p97" />
    <place ref="p98" />
  </curcuit>
  <curcuit id="41">
    <place ref="p100" />
    <place ref="p99" />
  </curcuit>
  <curcuit id="42">
    <place ref="p102" />
    <place ref="p103" />
  </curcuit>
  <curcuit id="43">
    <place ref="p104" />
    <place ref="p105" />
  </curcuit>
  <curcuit id="44">
    <place ref="p107" />
    <place ref="p108" />
  </curcuit>
  <curcuit id="45">
    <place ref="p109" />
    <place ref="p110" />
  </curcuit>
  <curcuit id="46">
    <place ref="p112" />
    <place ref="p113" />
  </curcuit>
  <curcuit id="47">
    <place ref="p114" />
    <place ref="p115" />
  </curcuit>
  <curcuit id="48">
    <place ref="p117" />
    <place ref="p118" />
  </curcuit>
  <curcuit id="49">
    <place ref="p119" />
    <place ref="p120" />
  </curcuit>
  <curcuit id="50">
    <place ref="p122" />
    <place ref="p123" />
  </curcuit>
  <curcuit id="51">
    <place ref="p124" />
    <place ref="p125" />
  </curcuit>
  <curcuit id="52">
    <place ref="p127" />
    <place ref="p128" />
  </curcuit>
  <curcuit id="53">
    <place ref="p129" />
    <place ref="p130" />
  </curcuit>
  <curcuit id="54">
    <place ref="p132" />
    <place ref="p133" />
  </curcuit>
  <curcuit id="55">
    <place ref="p134" />
    <place ref="p135" />
  </curcuit>
  <curcuit id="56">
    <place ref="p137" />
    <place ref="p138" />
  </curcuit>
  <curcuit id="57">
    <place ref="p139" />
    <place ref="p140" />
  </curcuit>
  <curcuit id="58">
    <place ref="p142" />
    <place ref="p143" />
  </curcuit>
  <curcuit id="59">
    <place ref="p144" />
    <place ref="p145" />
  </curcuit>
  <curcuit id="60">
    <place ref="p147" />
    <place ref="p148" />
  </curcuit>
  <curcuit id="61">
    <place ref="p149" />
    <place ref="p150" />
  </curcuit>
  <curcuit id="62">
    <place ref="p152" />
    <place ref="p153" />
  </curcuit>
  <curcuit id="63">
    <place ref="p154" />
    <place ref="p155" />
  </curcuit>
  <curcuit id="64">
    <place ref="p157" />
    <place ref="p158" />
  </curcuit>
  <curcuit id="65">
    <place ref="p159" />
    <place ref="p160" />
  </curcuit>
  <curcuit id="66">
    <place ref="p162" />
    <place ref="p163" />
  </curcuit>
  <curcuit id="67">
    <place ref="p164" />
    <place ref="p165" />
  </curcuit>
  <curcuit id="68">
    <place ref="p167" />
    <place ref="p168" />
  </curcuit>
  <curcuit id="69">
    <place ref="p169" />
    <place ref="p170" />
  </curcuit>
  <curcuit id="70">
    <place ref="p172" />
    <place ref="p173" />
  </curcuit>
  <curcuit id="71">
    <place ref="p174" />
    <place ref="p175" />
  </curcuit>
  <curcuit id="72">
    <place ref="p177" />
    <place ref="p178" />
  </curcuit>
  <curcuit id="73">
    <place ref="p179" />
    <place ref="p180" />
  </curcuit>
  <curcuit id="74">
    <place ref="p182" />
    <place ref="p183" />
  </curcuit>
  <curcuit id="75">
    <place ref="p184" />
    <place ref="p185" />
  </curcuit>
  <curcuit id="76">
    <place ref="p187" />
    <place ref="p188" />
  </curcuit>
  <curcuit id="77">
    <place ref="p189" />
    <place ref="p190" />
  </curcuit>
  <curcuit id="78">
    <place ref="p192" />
    <place ref="p193" />
  </curcuit>
  <curcuit id="79">
    <place ref="p194" />
    <place ref="p195" />
  </curcuit>
  <curcuit id="80">
    <place ref="p197" />
    <place ref="p198" />
  </curcuit>
  <curcuit id="81">
    <place ref="p199" />
    <place ref="p200" />
  </curcuit>
  <curcuit id="82">
    <place ref="p202" />
    <place ref="p203" />
  </curcuit>
  <curcuit id="83">
    <place ref="p204" />
    <place ref="p205" />
  </curcuit>
  <curcuit id="84">
    <place ref="p207" />
    <place ref="p208" />
  </curcuit>
  <curcuit id="85">
    <place ref="p209" />
    <place ref="p210" />
  </curcuit>
  <curcuit id="86">
    <place ref="p212" />
    <place ref="p213" />
  </curcuit>
  <curcuit id="87">
    <place ref="p214" />
    <place ref="p215" />
  </curcuit>
  <curcuit id="88">
    <place ref="p217" />
    <place ref="p218" />
  </curcuit>
  <curcuit id="89">
    <place ref="p219" />
    <place ref="p220" />
  </curcuit>
  <curcuit id="90">
    <place ref="p222" />
    <place ref="p223" />
  </curcuit>
  <curcuit id="91">
    <place ref="p224" />
    <place ref="p225" />
  </curcuit>
  <curcuit id="92">
    <place ref="p227" />
    <place ref="p228" />
  </curcuit>
  <curcuit id="93">
    <place ref="p229" />
    <place ref="p230" />
  </curcuit>
  <curcuit id="94">
    <place ref="p232" />
    <place ref="p233" />
  </curcuit>
  <curcuit id="95">
    <place ref="p234" />
    <place ref="p235" />
  </curcuit>
  <curcuit id="96">
    <place ref="p237" />
    <place ref="p238" />
  </curcuit>
  <curcuit id="97">
    <place ref="p239" />
    <place ref="p240" />
  </curcuit>
  <curcuit id="98">
    <place ref="p242" />
    <place ref="p243" />
  </curcuit>
  <curcuit id="99">
    <place ref="p244" />
    <place ref="p245" />
  </curcuit>
  <curcuit id="100">
    <place ref="p247" />
    <place ref="p248" />
  </curcuit>
  <curcuit id="101">
    <place ref="p249" />
    <place ref="p250" />
  </curcuit>
</curcuitfile>