﻿<?xml version="1.0" encoding="utf-8"?>
<isContainedSiphon isEnd="true">
  <curcuit ref="0" result="true">
    <place ref="psecond" />
    <place ref="pterce" />
  </curcuit>
  <curcuit ref="1" result="true">
    <place ref="p" />
    <place ref="p1" />
    <place ref="p6" />
    <place ref="pprime" />
  </curcuit>
  <curcuit ref="2" result="true">
    <place ref="p2" />
    <place ref="p3" />
  </curcuit>
  <curcuit ref="3" result="true">
    <place ref="p4" />
    <place ref="p5" />
  </curcuit>
  <curcuit ref="4" result="true">
    <place ref="p7" />
    <place ref="p8" />
  </curcuit>
  <curcuit ref="5" result="true">
    <place ref="p10" />
    <place ref="p9" />
  </curcuit>
</isContainedSiphon>