﻿<?xml version="1.0" encoding="utf-8"?>
<isContainedSiphon isEnd="true">
  <curcuit ref="0" result="false" />
  <curcuit ref="1" result="true">
    <place ref="po2_1_1" />
    <place ref="pol2_1_1" />
  </curcuit>
  <curcuit ref="2" result="false" />
  <curcuit ref="3" result="true">
    <place ref="po3_1_1" />
    <place ref="pol3_1_1" />
  </curcuit>
  <curcuit ref="4" result="false" />
  <curcuit ref="5" result="true">
    <place ref="pb1_1_1" />
    <place ref="pb2_1_1" />
    <place ref="pb3_1_1" />
    <place ref="pbl_1_1" />
  </curcuit>
  <curcuit ref="6" result="true">
    <place ref="pi3_1_1" />
    <place ref="pil3_1_1" />
  </curcuit>
  <curcuit ref="7" result="true">
    <place ref="pi2_1_1" />
    <place ref="pil2_1_1" />
  </curcuit>
  <curcuit ref="8" result="false" />
  <curcuit ref="9" result="false" />
  <curcuit ref="10" result="true">
    <place ref="pi3_1_1" />
    <place ref="pil3_1_1" />
  </curcuit>
  <curcuit ref="11" result="false" />
  <curcuit ref="12" result="true">
    <place ref="pi3_1_1" />
    <place ref="pil3_1_1" />
  </curcuit>
  <curcuit ref="13" result="true">
    <place ref="pi3_1_1" />
    <place ref="pil3_1_1" />
  </curcuit>
  <curcuit ref="14" result="true">
    <place ref="pi3_1_1" />
    <place ref="pil3_1_1" />
  </curcuit>
  <curcuit ref="15" result="false" />
  <curcuit ref="16" result="false" />
  <curcuit ref="17" result="false" />
  <curcuit ref="18" result="false" />
  <curcuit ref="19" result="true">
    <place ref="pi2_1_1" />
    <place ref="pil2_1_1" />
  </curcuit>
  <curcuit ref="20" result="true">
    <place ref="pi2_1_1" />
    <place ref="pil2_1_1" />
  </curcuit>
  <curcuit ref="21" result="true">
    <place ref="pi2_1_1" />
    <place ref="pil2_1_1" />
  </curcuit>
  <curcuit ref="22" result="true">
    <place ref="pi2_1_1" />
    <place ref="pil2_1_1" />
  </curcuit>
  <curcuit ref="23" result="false" />
  <curcuit ref="24" result="true">
    <place ref="pi1_1_1" />
    <place ref="pil1_1_1" />
  </curcuit>
  <curcuit ref="25" result="true">
    <place ref="pi1_1_1" />
    <place ref="pil1_1_1" />
  </curcuit>
  <curcuit ref="26" result="true">
    <place ref="pi1_1_1" />
    <place ref="pil1_1_1" />
  </curcuit>
  <curcuit ref="27" result="true">
    <place ref="pi1_1_1" />
    <place ref="pil1_1_1" />
  </curcuit>
  <curcuit ref="28" result="true">
    <place ref="pi1_1_1" />
    <place ref="pil1_1_1" />
  </curcuit>
  <curcuit ref="29" result="true">
    <place ref="pi1_1_1" />
    <place ref="pil1_1_1" />
  </curcuit>
  <curcuit ref="30" result="true">
    <place ref="pi1_1_1" />
    <place ref="pil1_1_1" />
  </curcuit>
  <curcuit ref="31" result="true">
    <place ref="pi1_1_1" />
    <place ref="pil1_1_1" />
  </curcuit>
  <curcuit ref="32" result="true">
    <place ref="po1_1_1" />
    <place ref="pol1_1_1" />
  </curcuit>
  <curcuit ref="33" result="true">
    <place ref="pb1_1_1" />
    <place ref="pb2_1_1" />
    <place ref="pb3_1_1" />
    <place ref="pbl_1_1" />
  </curcuit>
  <curcuit ref="34" result="true">
    <place ref="pi3_1_1" />
    <place ref="pil3_1_1" />
  </curcuit>
  <curcuit ref="35" result="false" />
  <curcuit ref="36" result="true">
    <place ref="pi3_1_1" />
    <place ref="pil3_1_1" />
  </curcuit>
  <curcuit ref="37" result="true">
    <place ref="pi2_1_1" />
    <place ref="pil2_1_1" />
  </curcuit>
  <curcuit ref="38" result="true">
    <place ref="pb1_1_1" />
    <place ref="pb2_1_1" />
    <place ref="pb3_1_1" />
    <place ref="pbl_1_1" />
  </curcuit>
  <curcuit ref="39" result="true">
    <place ref="pi2_1_1" />
    <place ref="pil2_1_1" />
  </curcuit>
  <curcuit ref="40" result="true">
    <place ref="pb1_1_1" />
    <place ref="pb2_1_1" />
    <place ref="pb3_1_1" />
    <place ref="pi1_1_1" />
    <place ref="pi2_1_1" />
    <place ref="pi3_1_1" />
    <place ref="po1_1_1" />
    <place ref="po2_1_1" />
    <place ref="po3_1_1" />
  </curcuit>
  <curcuit ref="41" result="false" />
  <curcuit ref="42" result="true">
    <place ref="pi3_1_1" />
    <place ref="pil3_1_1" />
  </curcuit>
  <curcuit ref="43" result="false" />
  <curcuit ref="44" result="true">
    <place ref="pi2_1_1" />
    <place ref="pil2_1_1" />
  </curcuit>
  <curcuit ref="45" result="false" />
</isContainedSiphon>