﻿<?xml version="1.0" encoding="utf-8"?>
<curcuitfile isEnd="true">
  <curcuit id="0">
    <place ref="pb2_1_1" />
    <place ref="pbl_1_1" />
  </curcuit>
  <curcuit id="1">
    <place ref="po2_1_1" />
    <place ref="pol2_1_1" />
  </curcuit>
  <curcuit id="2">
    <place ref="pb2_1_1" />
    <place ref="pb3_1_1" />
    <place ref="pbl_1_1" />
    <place ref="pi2_1_1" />
    <place ref="po2_1_1" />
  </curcuit>
  <curcuit id="3">
    <place ref="po3_1_1" />
    <place ref="pol3_1_1" />
  </curcuit>
  <curcuit id="4">
    <place ref="pb2_1_1" />
    <place ref="pb3_1_1" />
    <place ref="pi2_1_1" />
    <place ref="pi3_1_1" />
    <place ref="po2_1_1" />
    <place ref="po3_1_1" />
  </curcuit>
  <curcuit id="5">
    <place ref="pb1_1_1" />
    <place ref="pb2_1_1" />
    <place ref="pb3_1_1" />
    <place ref="pbl_1_1" />
    <place ref="pi2_1_1" />
    <place ref="pi3_1_1" />
    <place ref="po2_1_1" />
    <place ref="po3_1_1" />
  </curcuit>
  <curcuit id="6">
    <place ref="pi3_1_1" />
    <place ref="pil3_1_1" />
  </curcuit>
  <curcuit id="7">
    <place ref="pi2_1_1" />
    <place ref="pil2_1_1" />
  </curcuit>
  <curcuit id="8">
    <place ref="pb1_1_1" />
    <place ref="pb2_1_1" />
    <place ref="pbl_1_1" />
    <place ref="pi2_1_1" />
    <place ref="po2_1_1" />
  </curcuit>
  <curcuit id="9">
    <place ref="pbl_1_1" />
    <place ref="pil3_1_1" />
    <place ref="pol3_1_1" />
  </curcuit>
  <curcuit id="10">
    <place ref="pb1_1_1" />
    <place ref="pbl_1_1" />
    <place ref="pi3_1_1" />
    <place ref="pil3_1_1" />
  </curcuit>
  <curcuit id="11">
    <place ref="pb1_1_1" />
    <place ref="pbl_1_1" />
  </curcuit>
  <curcuit id="12">
    <place ref="pb2_1_1" />
    <place ref="pbl_1_1" />
    <place ref="pi3_1_1" />
    <place ref="pil3_1_1" />
  </curcuit>
  <curcuit id="13">
    <place ref="pb2_1_1" />
    <place ref="pb3_1_1" />
    <place ref="pbl_1_1" />
    <place ref="pi2_1_1" />
    <place ref="pi3_1_1" />
    <place ref="pil3_1_1" />
    <place ref="po2_1_1" />
  </curcuit>
  <curcuit id="14">
    <place ref="pb1_1_1" />
    <place ref="pb2_1_1" />
    <place ref="pbl_1_1" />
    <place ref="pi2_1_1" />
    <place ref="pi3_1_1" />
    <place ref="pil3_1_1" />
    <place ref="po2_1_1" />
  </curcuit>
  <curcuit id="15">
    <place ref="pb3_1_1" />
    <place ref="pbl_1_1" />
  </curcuit>
  <curcuit id="16">
    <place ref="pb2_1_1" />
    <place ref="pb3_1_1" />
    <place ref="pbl_1_1" />
    <place ref="pi3_1_1" />
    <place ref="po3_1_1" />
  </curcuit>
  <curcuit id="17">
    <place ref="pb1_1_1" />
    <place ref="pb3_1_1" />
    <place ref="pbl_1_1" />
    <place ref="pi3_1_1" />
    <place ref="po3_1_1" />
  </curcuit>
  <curcuit id="18">
    <place ref="pbl_1_1" />
    <place ref="pil2_1_1" />
    <place ref="pol2_1_1" />
  </curcuit>
  <curcuit id="19">
    <place ref="pb1_1_1" />
    <place ref="pbl_1_1" />
    <place ref="pi2_1_1" />
    <place ref="pil2_1_1" />
  </curcuit>
  <curcuit id="20">
    <place ref="pb3_1_1" />
    <place ref="pbl_1_1" />
    <place ref="pi2_1_1" />
    <place ref="pil2_1_1" />
  </curcuit>
  <curcuit id="21">
    <place ref="pb2_1_1" />
    <place ref="pb3_1_1" />
    <place ref="pbl_1_1" />
    <place ref="pi2_1_1" />
    <place ref="pi3_1_1" />
    <place ref="pil2_1_1" />
    <place ref="po3_1_1" />
  </curcuit>
  <curcuit id="22">
    <place ref="pb1_1_1" />
    <place ref="pb3_1_1" />
    <place ref="pbl_1_1" />
    <place ref="pi2_1_1" />
    <place ref="pi3_1_1" />
    <place ref="pil2_1_1" />
    <place ref="po3_1_1" />
  </curcuit>
  <curcuit id="23">
    <place ref="pbl_1_1" />
    <place ref="pil1_1_1" />
    <place ref="pol1_1_1" />
  </curcuit>
  <curcuit id="24">
    <place ref="pi1_1_1" />
    <place ref="pil1_1_1" />
  </curcuit>
  <curcuit id="25">
    <place ref="pb2_1_1" />
    <place ref="pbl_1_1" />
    <place ref="pi1_1_1" />
    <place ref="pil1_1_1" />
  </curcuit>
  <curcuit id="26">
    <place ref="pb2_1_1" />
    <place ref="pb3_1_1" />
    <place ref="pbl_1_1" />
    <place ref="pi1_1_1" />
    <place ref="pi2_1_1" />
    <place ref="pil1_1_1" />
    <place ref="po2_1_1" />
  </curcuit>
  <curcuit id="27">
    <place ref="pb1_1_1" />
    <place ref="pb2_1_1" />
    <place ref="pb3_1_1" />
    <place ref="pbl_1_1" />
    <place ref="pi1_1_1" />
    <place ref="pi2_1_1" />
    <place ref="pi3_1_1" />
    <place ref="pil1_1_1" />
    <place ref="po2_1_1" />
    <place ref="po3_1_1" />
  </curcuit>
  <curcuit id="28">
    <place ref="pb1_1_1" />
    <place ref="pb2_1_1" />
    <place ref="pbl_1_1" />
    <place ref="pi1_1_1" />
    <place ref="pi2_1_1" />
    <place ref="pil1_1_1" />
    <place ref="po2_1_1" />
  </curcuit>
  <curcuit id="29">
    <place ref="pb3_1_1" />
    <place ref="pbl_1_1" />
    <place ref="pi1_1_1" />
    <place ref="pil1_1_1" />
  </curcuit>
  <curcuit id="30">
    <place ref="pb2_1_1" />
    <place ref="pb3_1_1" />
    <place ref="pbl_1_1" />
    <place ref="pi1_1_1" />
    <place ref="pi3_1_1" />
    <place ref="pil1_1_1" />
    <place ref="po3_1_1" />
  </curcuit>
  <curcuit id="31">
    <place ref="pb1_1_1" />
    <place ref="pb3_1_1" />
    <place ref="pbl_1_1" />
    <place ref="pi1_1_1" />
    <place ref="pi3_1_1" />
    <place ref="pil1_1_1" />
    <place ref="po3_1_1" />
  </curcuit>
  <curcuit id="32">
    <place ref="po1_1_1" />
    <place ref="pol1_1_1" />
  </curcuit>
  <curcuit id="33">
    <place ref="pb1_1_1" />
    <place ref="pb2_1_1" />
    <place ref="pb3_1_1" />
    <place ref="pbl_1_1" />
    <place ref="pi1_1_1" />
    <place ref="pi2_1_1" />
    <place ref="po1_1_1" />
    <place ref="po2_1_1" />
  </curcuit>
  <curcuit id="34">
    <place ref="pb1_1_1" />
    <place ref="pb3_1_1" />
    <place ref="pbl_1_1" />
    <place ref="pi1_1_1" />
    <place ref="pi3_1_1" />
    <place ref="pil3_1_1" />
    <place ref="po1_1_1" />
  </curcuit>
  <curcuit id="35">
    <place ref="pb1_1_1" />
    <place ref="pb3_1_1" />
    <place ref="pbl_1_1" />
    <place ref="pi1_1_1" />
    <place ref="po1_1_1" />
  </curcuit>
  <curcuit id="36">
    <place ref="pb1_1_1" />
    <place ref="pb2_1_1" />
    <place ref="pb3_1_1" />
    <place ref="pbl_1_1" />
    <place ref="pi1_1_1" />
    <place ref="pi2_1_1" />
    <place ref="pi3_1_1" />
    <place ref="pil3_1_1" />
    <place ref="po1_1_1" />
    <place ref="po2_1_1" />
  </curcuit>
  <curcuit id="37">
    <place ref="pb1_1_1" />
    <place ref="pb3_1_1" />
    <place ref="pbl_1_1" />
    <place ref="pi1_1_1" />
    <place ref="pi2_1_1" />
    <place ref="pil2_1_1" />
    <place ref="po1_1_1" />
  </curcuit>
  <curcuit id="38">
    <place ref="pb1_1_1" />
    <place ref="pb2_1_1" />
    <place ref="pb3_1_1" />
    <place ref="pbl_1_1" />
    <place ref="pi1_1_1" />
    <place ref="pi3_1_1" />
    <place ref="po1_1_1" />
    <place ref="po3_1_1" />
  </curcuit>
  <curcuit id="39">
    <place ref="pb1_1_1" />
    <place ref="pb2_1_1" />
    <place ref="pb3_1_1" />
    <place ref="pbl_1_1" />
    <place ref="pi1_1_1" />
    <place ref="pi2_1_1" />
    <place ref="pi3_1_1" />
    <place ref="pil2_1_1" />
    <place ref="po1_1_1" />
    <place ref="po3_1_1" />
  </curcuit>
  <curcuit id="40">
    <place ref="pb1_1_1" />
    <place ref="pb2_1_1" />
    <place ref="pb3_1_1" />
    <place ref="pi1_1_1" />
    <place ref="pi2_1_1" />
    <place ref="pi3_1_1" />
    <place ref="po1_1_1" />
    <place ref="po2_1_1" />
    <place ref="po3_1_1" />
  </curcuit>
  <curcuit id="41">
    <place ref="pb1_1_1" />
    <place ref="pb3_1_1" />
    <place ref="pi1_1_1" />
    <place ref="pi3_1_1" />
    <place ref="po1_1_1" />
    <place ref="po3_1_1" />
  </curcuit>
  <curcuit id="42">
    <place ref="pb1_1_1" />
    <place ref="pb2_1_1" />
    <place ref="pbl_1_1" />
    <place ref="pi1_1_1" />
    <place ref="pi3_1_1" />
    <place ref="pil3_1_1" />
    <place ref="po1_1_1" />
  </curcuit>
  <curcuit id="43">
    <place ref="pb1_1_1" />
    <place ref="pb2_1_1" />
    <place ref="pbl_1_1" />
    <place ref="pi1_1_1" />
    <place ref="po1_1_1" />
  </curcuit>
  <curcuit id="44">
    <place ref="pb1_1_1" />
    <place ref="pb2_1_1" />
    <place ref="pbl_1_1" />
    <place ref="pi1_1_1" />
    <place ref="pi2_1_1" />
    <place ref="pil2_1_1" />
    <place ref="po1_1_1" />
  </curcuit>
  <curcuit id="45">
    <place ref="pb1_1_1" />
    <place ref="pb2_1_1" />
    <place ref="pi1_1_1" />
    <place ref="pi2_1_1" />
    <place ref="po1_1_1" />
    <place ref="po2_1_1" />
  </curcuit>
</curcuitfile>