﻿<?xml version="1.0" encoding="utf-8"?>
<petrinet name="Untitled">
  <page id="page0" name="page0">
    <place id="id0" name="p1" initialmarking="2" portdir="None" capacity="0">
      <location x="218" y="225" />
      <size width="50" height="30" />
    </place>
    <place id="id1" name="p2" initialmarking="0" portdir="None" capacity="0">
      <location x="430" y="226" />
      <size width="50" height="30" />
    </place>
    <place id="id8" name="p3" initialmarking="0" portdir="None" capacity="0">
      <location x="23" y="227" />
      <size width="50" height="30" />
    </place>
    <transition id="id2" name="t1" portdir="None">
      <location x="320" y="154" />
      <size width="50" height="20" />
    </transition>
    <transition id="id4" name="t2" portdir="None">
      <location x="322" y="294" />
      <size width="50" height="20" />
    </transition>
    <transition id="id3" name="t3" portdir="None">
      <location x="122" y="155" />
      <size width="50" height="20" />
    </transition>
    <transition id="id7" name="t4" portdir="None">
      <location x="124" y="301" />
      <size width="50" height="20" />
    </transition>
    <arc id="id5" source="id0" target="id2" delay="0" weight="1">
      <points>
        <point x="238" y="217" />
        <point x="295" y="164" />
      </points>
    </arc>
    <arc id="id6" source="id2" target="id1" delay="0" weight="1">
      <points>
        <point x="345" y="164" />
        <point x="410" y="218" />
      </points>
    </arc>
    <arc id="id9" source="id1" target="id4" delay="0" weight="1">
      <points>
        <point x="409" y="233" />
        <point x="347" y="284" />
      </points>
    </arc>
    <arc id="id10" source="id4" target="id0" delay="0" weight="1">
      <points>
        <point x="297" y="284" />
        <point x="238" y="233" />
      </points>
    </arc>
    <arc id="id11" source="id0" target="id3" delay="0" weight="1">
      <points>
        <point x="198" y="217" />
        <point x="147" y="165" />
      </points>
    </arc>
    <arc id="id12" source="id3" target="id8" delay="0" weight="1">
      <points>
        <point x="97" y="165" />
        <point x="42" y="218" />
      </points>
    </arc>
    <arc id="id13" source="id8" target="id7" delay="0" weight="1">
      <points>
        <point x="43" y="235" />
        <point x="99" y="291" />
      </points>
    </arc>
    <arc id="id14" source="id7" target="id0" delay="0" weight="1">
      <points>
        <point x="149" y="291" />
        <point x="200" y="235" />
      </points>
    </arc>
  </page>
</petrinet>