﻿<?xml version="1.0" encoding="utf-8"?>
<petrinet name="Untitled">
  <page id="page0" name="page0">
    <place id="id0" name="p1" initialmarking="2" portdir="None" capacity="0">
      <location x="221" y="240" />
      <size width="50" height="30" />
    </place>
    <place id="id4" name="p4" initialmarking="0" portdir="None" capacity="0">
      <location x="180" y="358" />
      <size width="50" height="30" />
    </place>
    <place id="id5" name="p3" initialmarking="1" portdir="None" capacity="0">
      <location x="391" y="250" />
      <size width="50" height="30" />
    </place>
    <place id="id6" name="p2" initialmarking="0" portdir="None" capacity="0">
      <location x="386" y="128" />
      <size width="50" height="30" />
    </place>
    <transition id="id1" name="t1" portdir="None">
      <location x="304" y="178" />
      <size width="50" height="20" />
    </transition>
    <transition id="id2" name="t2" portdir="None">
      <location x="121" y="190" />
      <size width="50" height="20" />
    </transition>
    <transition id="id3" name="t3" portdir="None">
      <location x="313" y="318" />
      <size width="50" height="20" />
    </transition>
    <arc id="id7" source="id2" target="id0" delay="0" weight="1">
      <points>
        <point x="146" y="200" />
        <point x="199" y="233" />
      </points>
    </arc>
    <arc id="id8" source="id0" target="id1" delay="0" weight="2">
      <points>
        <point x="241" y="232" />
        <point x="279" y="188" />
      </points>
    </arc>
    <arc id="id9" source="id1" target="id5" delay="0" weight="1">
      <points>
        <point x="329" y="188" />
        <point x="374" y="240" />
      </points>
    </arc>
    <arc id="id10" source="id5" target="id3" delay="0" weight="1">
      <points>
        <point x="373" y="259" />
        <point x="338" y="308" />
      </points>
    </arc>
    <arc id="id11" source="id3" target="id0" delay="0" weight="1">
      <points>
        <point x="288" y="308" />
        <point x="238" y="250" />
      </points>
    </arc>
    <arc id="id12" source="id3" target="id4" delay="0" weight="2">
      <points>
        <point x="288" y="328" />
        <point x="204" y="354" />
      </points>
    </arc>
    <arc id="id13" source="id4" target="id2" delay="0" weight="2">
      <points>
        <point x="158" y="352" />
        <point x="72" y="310" />
        <point x="146" y="200" />
      </points>
    </arc>
    <arc id="id14" source="id1" target="id6" delay="0" weight="1">
      <points>
        <point x="329" y="168" />
        <point x="366" y="136" />
      </points>
    </arc>
    <arc id="id15" source="id6" target="id2" delay="0" weight="1">
      <points>
        <point x="362" y="125" />
        <point x="142" y="78" />
        <point x="146" y="180" />
      </points>
    </arc>
  </page>
</petrinet>