﻿<?xml version="1.0" encoding="utf-8"?>
<petrinet name="Untitled">
  <page id="page0" name="ex1">
    <place id="id0" name="p1" initialmarking="0" portdir="None" capacity="0">
      <location x="118" y="148" />
      <size width="50" height="30" />
    </place>
    <place id="id1" name="p2" initialmarking="1" portdir="None" capacity="0">
      <location x="312" y="152" />
      <size width="50" height="30" />
    </place>
    <place id="id2" name="p3" initialmarking="0" portdir="None" capacity="0">
      <location x="117" y="260" />
      <size width="50" height="30" />
    </place>
    <place id="id3" name="p4" initialmarking="1" portdir="None" capacity="0">
      <location x="122" y="356" />
      <size width="50" height="30" />
    </place>
    <place id="id4" name="p5" initialmarking="0" portdir="None" capacity="0">
      <location x="329" y="349" />
      <size width="50" height="30" />
    </place>
    <transition id="id5" name="t1" portdir="None">
      <location x="212" y="97" />
      <size width="50" height="20" />
    </transition>
    <transition id="id6" name="t2" portdir="None">
      <location x="216" y="207" />
      <size width="50" height="20" />
    </transition>
    <transition id="id7" name="t3" portdir="None">
      <location x="220" y="306" />
      <size width="50" height="20" />
    </transition>
    <transition id="id8" name="t4" portdir="None">
      <location x="223" y="404" />
      <size width="50" height="20" />
    </transition>
    <arc id="id9" source="id5" target="id1" delay="0" weight="1">
      <points>
        <point x="237" y="107" />
        <point x="291" y="145" />
      </points>
    </arc>
    <arc id="id10" source="id1" target="id6" delay="0" weight="1">
      <points>
        <point x="291" y="159" />
        <point x="241" y="197" />
      </points>
    </arc>
    <arc id="id11" source="id6" target="id0" delay="0" weight="1">
      <points>
        <point x="191" y="197" />
        <point x="138" y="156" />
      </points>
    </arc>
    <arc id="id12" source="id0" target="id5" delay="0" weight="1">
      <points>
        <point x="139" y="141" />
        <point x="187" y="107" />
      </points>
    </arc>
    <arc id="id13" source="id6" target="id2" delay="0" weight="1">
      <points>
        <point x="191" y="217" />
        <point x="138" y="253" />
      </points>
    </arc>
    <arc id="id14" source="id2" target="id7" delay="0" weight="1">
      <points>
        <point x="139" y="266" />
        <point x="195" y="296" />
      </points>
    </arc>
    <arc id="id15" source="id7" target="id4" delay="0" weight="1">
      <points>
        <point x="245" y="316" />
        <point x="306" y="344" />
      </points>
    </arc>
    <arc id="id16" source="id4" target="id8" delay="0" weight="1">
      <points>
        <point x="307" y="355" />
        <point x="248" y="394" />
      </points>
    </arc>
    <arc id="id17" source="id8" target="id3" delay="0" weight="1">
      <points>
        <point x="198" y="394" />
        <point x="144" y="362" />
      </points>
    </arc>
    <arc id="id18" source="id3" target="id7" delay="0" weight="1">
      <points>
        <point x="144" y="350" />
        <point x="195" y="316" />
      </points>
    </arc>
  </page>
</petrinet>