﻿<?xml version="1.0" encoding="utf-8"?>
<petrinet name="Untitled">
  <page id="page0" name="page0">
    <place id="id4" name="p1" initialmarking="1" portdir="None" capacity="2">
      <location x="142" y="140" />
      <size width="50" height="30" />
    </place>
    <place id="id5" name="p2" initialmarking="0" portdir="None" capacity="1">
      <location x="369" y="144" />
      <size width="50" height="30" />
    </place>
    <transition id="id0" name="t2" portdir="None">
      <location x="44" y="78" />
      <size width="50" height="20" />
    </transition>
    <transition id="id1" name="t1" portdir="None">
      <location x="46" y="205" />
      <size width="50" height="20" />
    </transition>
    <transition id="id2" name="t3" portdir="None">
      <location x="274" y="144" />
      <size width="50" height="20" />
    </transition>
    <transition id="id3" name="t4" portdir="None">
      <location x="492" y="149" />
      <size width="50" height="20" />
    </transition>
    <arc id="id6" source="id1" target="id4" delay="0" weight="1">
      <points>
        <point x="71" y="195" />
        <point x="123" y="149" />
      </points>
    </arc>
    <arc id="id7" source="id4" target="id0" delay="0" weight="2">
      <points>
        <point x="121" y="132" />
        <point x="69" y="88" />
      </points>
    </arc>
    <arc id="id8" source="id4" target="id2" delay="0" weight="2">
      <points>
        <point x="166" y="140" />
        <point x="249" y="140" />
      </points>
    </arc>
    <arc id="id9" source="id2" target="id5" delay="0" weight="1">
      <points>
        <point x="299" y="144" />
        <point x="344" y="144" />
      </points>
    </arc>
    <arc id="id10" source="id5" target="id3" delay="0" weight="1">
      <points>
        <point x="393" y="144" />
        <point x="467" y="144" />
      </points>
    </arc>
  </page>
</petrinet>