﻿<?xml version="1.0" encoding="utf-8"?>
<petrinet name="Untitled">
  <page id="page0" name="page0">
    <place id="id0" name="H2" initialmarking="2" portdir="None" capacity="0">
      <location x="73" y="95" />
      <size width="50" height="30" />
    </place>
    <place id="id1" name="O2" initialmarking="1" portdir="None" capacity="0">
      <location x="69" y="251" />
      <size width="50" height="30" />
    </place>
    <place id="id3" name="H2O" initialmarking="0" portdir="None" capacity="0">
      <location x="350" y="174" />
      <size width="50" height="30" />
    </place>
    <transition id="id2" name="t" portdir="None">
      <location x="220" y="173" />
      <size width="50" height="20" />
    </transition>
    <arc id="id4" source="id0" target="id2" delay="0" weight="2">
      <points>
        <point x="95" y="102" />
        <point x="195" y="163" />
      </points>
    </arc>
    <arc id="id5" source="id2" target="id3" delay="0" weight="2">
      <points>
        <point x="245" y="174" />
        <point x="325" y="174" />
      </points>
    </arc>
    <arc id="id6" source="id1" target="id2" delay="0" weight="1">
      <points>
        <point x="91" y="245" />
        <point x="195" y="183" />
      </points>
    </arc>
  </page>
</petrinet>