﻿<?xml version="1.0" encoding="utf-8"?>
<petrinet name="Untitled">
  <page id="page0" name="ex2">
    <place id="id0" name="p1" initialmarking="1" portdir="None" capacity="0">
      <location x="306" y="90" />
      <size width="50" height="30" />
    </place>
    <place id="id1" name="p2" initialmarking="0" portdir="None" capacity="0">
      <location x="157" y="224" />
      <size width="50" height="30" />
    </place>
    <place id="id2" name="p3" initialmarking="0" portdir="None" capacity="0">
      <location x="156" y="421" />
      <size width="50" height="30" />
    </place>
    <place id="id3" name="p4" initialmarking="0" portdir="None" capacity="0">
      <location x="450" y="222" />
      <size width="50" height="30" />
    </place>
    <place id="id4" name="p5" initialmarking="0" portdir="None" capacity="0">
      <location x="448" y="428" />
      <size width="50" height="30" />
    </place>
    <transition id="id5" name="t1" portdir="None">
      <location x="302" y="175" />
      <size width="50" height="20" />
    </transition>
    <transition id="id6" name="t2" portdir="None">
      <location x="147" y="319" />
      <size width="50" height="20" />
    </transition>
    <transition id="id7" name="t3" portdir="None">
      <location x="449" y="330" />
      <size width="50" height="20" />
    </transition>
    <transition id="id8" name="t4" portdir="None">
      <location x="307" y="496" />
      <size width="50" height="20" />
    </transition>
    <arc id="id9" source="id0" target="id5" delay="0" weight="1">
      <points>
        <point x="305" y="104" />
        <point x="305" y="165" />
      </points>
    </arc>
    <arc id="id10" source="id5" target="id1" delay="0" weight="1">
      <points>
        <point x="277" y="185" />
        <point x="180" y="220" />
      </points>
    </arc>
    <arc id="id11" source="id1" target="id6" delay="0" weight="1">
      <points>
        <point x="155" y="238" />
        <point x="155" y="309" />
      </points>
    </arc>
    <arc id="id12" source="id6" target="id2" delay="0" weight="1">
      <points>
        <point x="156" y="329" />
        <point x="156" y="406" />
      </points>
    </arc>
    <arc id="id13" source="id2" target="id8" delay="0" weight="1">
      <points>
        <point x="178" y="427" />
        <point x="282" y="486" />
      </points>
    </arc>
    <arc id="id14" source="id8" target="id1" delay="0" weight="1">
      <points>
        <point x="282" y="486" />
        <point x="167" y="237" />
      </points>
    </arc>
    <arc id="id15" source="id5" target="id3" delay="0" weight="1">
      <points>
        <point x="327" y="185" />
        <point x="427" y="218" />
      </points>
    </arc>
    <arc id="id16" source="id3" target="id7" delay="0" weight="1">
      <points>
        <point x="450" y="236" />
        <point x="450" y="320" />
      </points>
    </arc>
    <arc id="id17" source="id7" target="id4" delay="0" weight="1">
      <points>
        <point x="448" y="340" />
        <point x="448" y="413" />
      </points>
    </arc>
    <arc id="id18" source="id4" target="id8" delay="0" weight="1">
      <points>
        <point x="426" y="434" />
        <point x="332" y="486" />
      </points>
    </arc>
    <arc id="id19" source="id8" target="id0" delay="0" weight="1">
      <points>
        <point x="332" y="486" />
        <point x="413" y="270" />
        <point x="307" y="104" />
      </points>
    </arc>
  </page>
</petrinet>