﻿<?xml version="1.0" encoding="utf-8"?>
<petrinet name="Untitled">
  <page id="page0" name="page0">
    <place id="id0" name="p1" initialmarking="1" portdir="None" capacity="0">
      <location x="398" y="51" />
      <size width="50" height="30" />
    </place>
    <place id="id1" name="p2" initialmarking="0" portdir="None" capacity="0">
      <location x="395" y="217" />
      <size width="50" height="30" />
    </place>
    <place id="id2" name="p3" initialmarking="1" portdir="None" capacity="0">
      <location x="275" y="402" />
      <size width="50" height="30" />
    </place>
    <place id="id3" name="p4" initialmarking="0" portdir="None" capacity="0">
      <location x="541" y="400" />
      <size width="50" height="30" />
    </place>
    <transition id="id4" name="t3" portdir="None">
      <location x="403" y="326" />
      <size width="50" height="20" />
    </transition>
    <transition id="id5" name="t4" portdir="None">
      <location x="399" y="489" />
      <size width="50" height="20" />
    </transition>
    <transition id="id6" name="t1" portdir="None">
      <location x="282" y="142" />
      <size width="50" height="20" />
    </transition>
    <transition id="id7" name="t2" portdir="None">
      <location x="535" y="133" />
      <size width="50" height="20" />
    </transition>
    <arc id="id8" source="id6" target="id0" delay="0" weight="1">
      <points>
        <point x="307" y="132" />
        <point x="380" y="60" />
      </points>
    </arc>
    <arc id="id9" source="id0" target="id7" delay="0" weight="1">
      <points>
        <point x="419" y="58" />
        <point x="510" y="123" />
      </points>
    </arc>
    <arc id="id10" source="id7" target="id1" delay="0" weight="1">
      <points>
        <point x="510" y="143" />
        <point x="416" y="209" />
      </points>
    </arc>
    <arc id="id11" source="id1" target="id6" delay="0" weight="1">
      <points>
        <point x="375" y="209" />
        <point x="307" y="152" />
      </points>
    </arc>
    <arc id="id12" source="id2" target="id4" delay="0" weight="1">
      <points>
        <point x="296" y="395" />
        <point x="378" y="336" />
      </points>
    </arc>
    <arc id="id13" source="id4" target="id3" delay="0" weight="1">
      <points>
        <point x="428" y="336" />
        <point x="520" y="393" />
      </points>
    </arc>
    <arc id="id14" source="id3" target="id5" delay="0" weight="1">
      <points>
        <point x="520" y="407" />
        <point x="424" y="479" />
      </points>
    </arc>
    <arc id="id15" source="id5" target="id2" delay="0" weight="1">
      <points>
        <point x="374" y="479" />
        <point x="294" y="411" />
      </points>
    </arc>
    <arc id="id16" source="id1" target="id4" delay="0" weight="1">
      <points>
        <point x="396" y="231" />
        <point x="396" y="316" />
      </points>
    </arc>
  </page>
</petrinet>