﻿<?xml version="1.0" encoding="utf-8"?>
<petrinet name="Untitled">
  <page id="page0" name="page0">
    <place id="id0" name="p1" initialmarking="1" portdir="None" capacity="0">
      <location x="287" y="79" />
      <size width="50" height="30" />
    </place>
    <place id="id1" name="p2" initialmarking="0" portdir="None" capacity="0">
      <location x="283" y="329" />
      <size width="50" height="30" />
    </place>
    <transition id="id2" name="t1" portdir="None">
      <location x="151" y="203" />
      <size width="50" height="20" />
    </transition>
    <transition id="id3" name="t2" portdir="None">
      <location x="413" y="208" />
      <size width="50" height="20" />
    </transition>
    <transition id="id4" name="t3" portdir="None">
      <location x="282" y="478" />
      <size width="50" height="20" />
    </transition>
    <arc id="id5" source="id2" target="id0" delay="0" weight="1">
      <points>
        <point x="176" y="193" />
        <point x="270" y="89" />
      </points>
    </arc>
    <arc id="id6" source="id2" target="id1" delay="0" weight="1">
      <points>
        <point x="176" y="213" />
        <point x="267" y="318" />
      </points>
    </arc>
    <arc id="id7" source="id1" target="id3" delay="0" weight="1">
      <points>
        <point x="301" y="319" />
        <point x="388" y="218" />
      </points>
    </arc>
    <arc id="id8" source="id3" target="id0" delay="0" weight="1">
      <points>
        <point x="388" y="198" />
        <point x="303" y="90" />
      </points>
    </arc>
    <arc id="id9" source="id0" target="id3" delay="0" weight="1">
      <points>
        <point x="311" y="79" />
        <point x="415" y="86" />
        <point x="388" y="198" />
      </points>
    </arc>
    <arc id="id10" source="id0" target="id2" delay="0" weight="1">
      <points>
        <point x="262" y="79" />
        <point x="152" y="79" />
        <point x="176" y="193" />
      </points>
    </arc>
    <arc id="id11" source="id4" target="id1" delay="0" weight="1">
      <points>
        <point x="283" y="468" />
        <point x="283" y="358" />
        <point x="283" y="344" />
      </points>
    </arc>
  </page>
</petrinet>