﻿<?xml version="1.0" encoding="utf-8"?>
<petrinet name="Untitled">
  <page id="page0" name="page0">
    <place id="id5" name="p1" initialmarking="0" portdir="None" capacity="0">
      <location x="558" y="388" />
      <size width="50" height="30" />
    </place>
    <place id="id6" name="p2" initialmarking="0" portdir="None" capacity="0">
      <location x="396" y="390" />
      <size width="50" height="30" />
    </place>
    <place id="id7" name="p3" initialmarking="1" portdir="None" capacity="0">
      <location x="556" y="222" />
      <size width="50" height="30" />
    </place>
    <place id="id8" name="p4" initialmarking="0" portdir="None" capacity="0">
      <location x="712" y="389" />
      <size width="50" height="30" />
    </place>
    <place id="id9" name="p5" initialmarking="0" portdir="None" capacity="0">
      <location x="557" y="552" />
      <size width="50" height="30" />
    </place>
    <place id="id10" name="p6" initialmarking="0" portdir="None" capacity="0">
      <location x="280" y="471" />
      <size width="50" height="30" />
    </place>
    <place id="id11" name="p7" initialmarking="1" portdir="None" capacity="0">
      <location x="284" y="305" />
      <size width="50" height="30" />
    </place>
    <place id="id12" name="p8" initialmarking="0" portdir="None" capacity="0">
      <location x="392" y="93" />
      <size width="50" height="30" />
    </place>
    <place id="id13" name="p9" initialmarking="0" portdir="None" capacity="0">
      <location x="399" y="721" />
      <size width="50" height="30" />
    </place>
    <transition id="id0" name="t1" portdir="None">
      <location x="399" y="221" />
      <size width="50" height="20" />
    </transition>
    <transition id="id1" name="t2" portdir="None">
      <location x="399" y="551" />
      <size width="50" height="20" />
    </transition>
    <transition id="id2" name="t3" portdir="None">
      <location x="161" y="391" />
      <size width="50" height="20" />
    </transition>
    <transition id="id3" name="t4" portdir="None">
      <location x="710" y="222" />
      <size width="50" height="20" />
    </transition>
    <transition id="id4" name="t5" portdir="None">
      <location x="714" y="551" />
      <size width="50" height="20" />
    </transition>
    <arc id="id14" source="id2" target="id11" delay="0" weight="1">
      <points>
        <point x="186" y="381" />
        <point x="265" y="314" />
      </points>
    </arc>
    <arc id="id15" source="id11" target="id0" delay="0" weight="1">
      <points>
        <point x="304" y="297" />
        <point x="374" y="231" />
      </points>
    </arc>
    <arc id="id16" source="id3" target="id7" delay="0" weight="1">
      <points>
        <point x="685" y="222" />
        <point x="581" y="222" />
      </points>
    </arc>
    <arc id="id17" source="id7" target="id0" delay="0" weight="1">
      <points>
        <point x="532" y="222" />
        <point x="424" y="222" />
      </points>
    </arc>
    <arc id="id18" source="id0" target="id5" delay="0" weight="1">
      <points>
        <point x="424" y="231" />
        <point x="542" y="377" />
      </points>
    </arc>
    <arc id="id19" source="id5" target="id4" delay="0" weight="1">
      <points>
        <point x="575" y="398" />
        <point x="689" y="541" />
      </points>
    </arc>
    <arc id="id20" source="id4" target="id8" delay="0" weight="1">
      <points>
        <point x="712" y="541" />
        <point x="712" y="404" />
      </points>
    </arc>
    <arc id="id21" source="id8" target="id3" delay="0" weight="1">
      <points>
        <point x="712" y="375" />
        <point x="712" y="232" />
      </points>
    </arc>
    <arc id="id26" source="id4" target="id13" delay="0" weight="1">
      <points>
        <point x="689" y="561" />
        <point x="420" y="714" />
      </points>
    </arc>
    <arc id="id27" source="id13" target="id2" delay="0" weight="1">
      <points>
        <point x="375" y="721" />
        <point x="207" y="716" />
        <point x="186" y="401" />
      </points>
    </arc>
    <arc id="id28" source="id1" target="id9" delay="0" weight="1">
      <points>
        <point x="424" y="552" />
        <point x="532" y="552" />
      </points>
    </arc>
    <arc id="id29" source="id9" target="id4" delay="0" weight="1">
      <points>
        <point x="581" y="552" />
        <point x="689" y="552" />
      </points>
    </arc>
    <arc id="id30" source="id0" target="id6" delay="0" weight="1">
      <points>
        <point x="396" y="231" />
        <point x="396" y="375" />
      </points>
    </arc>
    <arc id="id31" source="id6" target="id1" delay="0" weight="1">
      <points>
        <point x="396" y="404" />
        <point x="396" y="541" />
      </points>
    </arc>
    <arc id="id24" source="id1" target="id10" delay="0" weight="1">
      <points>
        <point x="374" y="541" />
        <point x="300" y="479" />
      </points>
    </arc>
    <arc id="id25" source="id10" target="id2" delay="0" weight="1">
      <points>
        <point x="260" y="463" />
        <point x="186" y="401" />
      </points>
    </arc>
    <arc id="id22" source="id2" target="id12" delay="0" weight="1">
      <points>
        <point x="186" y="381" />
        <point x="217" y="84" />
        <point x="378" y="105" />
      </points>
    </arc>
    <arc id="id23" source="id12" target="id3" delay="0" weight="1">
      <points>
        <point x="415" y="98" />
        <point x="685" y="212" />
      </points>
    </arc>
  </page>
</petrinet>