0.1,0.128417792,0.122662093
0.2,0.161058816,0.155334246
0.3,0.19272745,0.188137472
0.4,0.221673062,0.21875671
0.5,0.254821171,0.253189325
0.6,0.283648819,0.281853952
0.7,0.312016077,0.310838067
0.8,0.339442893,0.339180749
0.9,0.367496397,0.367885517
1,0.403284787,0.404783104
1.1,0.431091712,0.432493363
1.2,0.45841367,0.460692685
1.3,0.485738086,0.488892006
1.4,0.512919142,0.516685005
1.5,0.539108147,0.543757926
1.6,0.565886157,0.570393395
1.7,0.592490496,0.596947763
1.8,0.616835482,0.61865001
1.9,0.640879821,0.641680179
2,0.681435955,0.66538537
2.1,0.705227162,0.706768077
2.2,0.728777523,0.729953894
2.3,0.751983002,0.751742976
2.4,0.775185203,0.774802637
2.5,0.798398054,0.799753011
2.6,0.82166825,0.82187305
2.7,0.844568166,0.843842355
2.8,0.86748119,0.866206515
2.9,0.890517914,0.891169997
3,0.912778854,0.913013146
3.1,0.935747584,0.934171443
3.2,0.958179738,0.959721472
3.3,0.980863386,0.979432243
3.4,1.004588237,1.001090253
3.5,1.028154163,1.024842138
3.6,1.051116339,1.046817178
3.7,1.074274304,1.067846042
3.8,1.097376563,1.090711552
3.9,1.119779226,1.112453939
4,1.142355558,1.134152909
4.1,1.165048218,1.155682304
4.2,1.215278285,1.177567232
4.3,1.243099955,1.199480013
4.4,1.265455923,1.221138022
4.5,1.28770048,1.2758016
4.6,1.310254694,1.297000038
4.7,1.332996506,1.318524518
4.8,1.355262362,1.339182285
4.9,1.376944128,1.361543987
5,1.399139533,1.383164314
5.1,1.421013811,1.403856486
5.2,1.442686566,1.424798515
5.3,1.464849203,1.44755753
5.4,1.486456422,1.468341453
5.5,1.508569088,1.48984791
5.6,1.530914406,1.509378458
5.7,1.553241702,1.531434598
5.8,1.574137856,1.553631642
5.9,1.596430746,1.573840486
6,1.618491802,1.59352832
6.1,1.63935273,1.615543501
6.2,1.660863283,1.635415654
6.3,1.682179686,1.656245453
6.4,1.703073382,1.678095974
6.5,1.724495462,1.698090189
6.6,1.745718477,1.717826355
6.7,1.766804685,1.738595533
6.8,1.787530445,1.760667238
6.9,1.808922214,1.780696678
7,1.829731533,1.80028457
7.1,1.850547405,1.821730406
7.2,1.871555789,1.843265536
7.3,1.89215703,1.862980403
7.4,1.91318999,1.882037453
7.5,1.934005043,1.903555379
7.6,1.95606528,1.924691558
7.7,1.977503744,1.943969792
7.8,1.998914355,1.965287834
7.9,2.020190618,1.9844096
8,2.041283379,2.003628851
8.1,2.062340096,2.024840397
8.2,2.083260006,2.045687398
8.3,2.103926784,2.064112026
8.4,2.123774362,2.083735962
8.5,2.14432727,2.104431411
8.6,2.164124058,2.125837926
8.7,2.184575386,2.143809536
8.8,2.204960358,2.163460506
8.9,2.22486528,2.185211085
9,2.245097882,2.204462285
9.1,2.332110848,2.22372823
9.2,2.351805235,2.24457687
9.3,2.371648717,2.262808166
9.4,2.391267738,2.281578496
9.5,2.411573248,2.369947238
9.6,2.43124224,2.389343437
9.7,2.451360154,2.408316109
9.8,2.471909786,2.428411904
9.9,2.491316634,2.448480666
10,2.511666381,2.467844096
10.1,2.531599974,2.485600256
10.2,2.551054336,2.506348134
10.3,2.570810163,2.527153357
10.4,2.590283366,2.545664
10.5,2.610241536,2.563772416
10.6,2.629800755,2.587149107
10.7,2.64991703,2.603297997
10.8,2.670024294,2.622232986
10.9,2.68940247,2.64305623
11,2.709277082,2.661922406
11.1,2.728852685,2.679883366
11.2,2.748046541,2.6994688
11.3,2.766907802,2.719290982
11.4,2.785574912,2.738334925
11.5,2.802665062,2.75645399
11.6,2.820775117,2.776090214
11.7,2.839598694,2.795588813
11.8,2.85800448,2.813497344
11.9,2.877299917,2.832339763
12,2.896130048,2.851668787
12.1,2.916009574,2.869943501
12.2,2.935226368,2.889184051
12.3,2.954452992,2.908769485
12.4,2.973303603,2.927357952
12.5,2.992338534,2.946071757
12.6,3.012242637,2.96539095
12.7,3.03168471,2.983704166
12.8,3.050364109,3.002639974
12.9,3.068905062,3.021320192
13,3.088082534,3.039501517
13.1,3.106507981,3.05901568
13.2,3.124860518,3.077600051
13.3,3.143663616,3.09580759
13.4,3.162129203,3.114064282
13.5,3.18088233,3.133952
13.6,3.199269274,3.151756493
13.7,3.2180224,3.170761933
13.8,3.236714086,3.188894106
13.9,3.256061952,3.207529267
14,3.275286938,3.225690931
14.1,3.294140006,3.244729139
14.2,3.313037312,3.263111987
14.3,3.331470131,3.281429299
14.4,3.350591078,3.299464806
14.5,3.368524186,3.317982003
14.6,3.387181466,3.335921664
14.7,3.405456998,3.354176717
14.8,3.424341197,3.373174784
14.9,3.443488358,3.391417549
15,3.461808947,3.409286758
15.1,3.479964877,3.428155392
15.2,3.498153574,3.445035008
15.3,3.516710912,3.463415398
15.4,3.534204928,3.482431488
15.5,3.552374784,3.500149146
15.6,3.570952602,3.517663642
15.7,3.589246157,3.535957197
15.8,3.607329178,3.554572698
15.9,3.625100083,3.571888947
16,3.643112653,3.589524685
16.1,3.66101463,3.608071373
16.2,3.67928361,3.626491904
16.3,3.697568154,3.643850752
16.4,3.7154816,3.66132183
16.5,3.733028045,3.680765542
16.6,3.75170089,3.697405952
16.7,3.769472614,3.715271885
16.8,3.787155866,3.733208269
16.9,3.804611379,3.750323814
17,3.823077786,3.768420762
17.1,3.841684275,3.786702848
17.2,3.859856589,3.803987149
17.3,3.877165466,3.821415629
17.4,3.894969139,3.839238144
17.5,3.912616346,3.857572659
17.6,3.929949798,3.87419095
17.7,3.947473306,3.891523584
17.8,3.964984525,3.909646746
17.9,3.982403174,3.928150835
18,3.999673549,3.944387379
18.1,4.017242112,3.963421491
18.2,4.034208563,3.980295373
18.3,4.052562739,3.997045555
18.4,4.070304973,4.014902477
18.5,4.087282893,4.032770867
18.6,4.104689254,4.050142003
18.7,4.122098893,4.066748826
18.8,4.140700467,4.083975782
18.9,4.158871962,4.102069453
19,4.17614889,4.119496294
19.1,4.19326935,4.13566976
19.2,4.210644582,4.153281741
19.3,4.228114842,4.17140736
19.4,4.24613888,4.187745485
19.5,4.262986547,4.20557865
19.6,4.280161894,4.222077338
19.7,4.297383936,4.239181414
19.8,4.314679706,4.256068403
19.9,4.331557683,4.274590515
20,4.348582298,4.291022848
20.1,4.45817897,4.307972915
20.2,4.51720233,4.324424909
20.3,4.533836186,4.342575104
20.4,4.551333478,4.359494042
20.5,4.568797184,4.375752704
20.6,4.585546547,4.419815834
20.7,4.601920717,4.545107558
20.8,4.618739712,4.560995942
20.9,4.635118797,4.57766912
21,4.652529254,4.594372608
21.1,4.66930729,4.611349709
21.2,4.686000128,4.62850048
21.3,4.702864179,4.646168166
21.4,4.718987674,4.661979546
21.5,4.735304499,4.67885097
21.6,4.752371712,4.695850189
21.7,4.769084211,4.712677376
21.8,4.78628823,4.728511693
21.9,4.803283354,4.744967782
22,4.820180992,4.762741965
22.1,4.836829594,4.779542938
22.2,4.852954726,4.795516518
22.3,4.868955341,4.811680154
22.4,4.885793178,4.82921513
22.5,4.902591693,4.845134643
22.6,4.918991258,4.861426893
22.7,4.934660096,4.87898071
22.8,4.951017062,4.894830592
22.9,4.967437926,4.911284224
23,4.982846259,4.92811305
23.1,5.000295219,4.944766566
23.2,5.016411341,4.960930202
23.3,5.032384922,4.977464934
23.4,5.047854694,4.99450921
23.5,5.063030374,5.009661952
23.6,5.078242099,5.025845248
23.7,5.09443113,5.042832998
23.8,5.11066112,5.059763405
23.9,5.126239027,5.07547648
24,5.141898854,5.092602675
24.1,5.157629133,5.10728192
24.2,5.172941619,5.123427533
24.3,5.18829097,5.14096087
24.4,5.203255296,5.157346509
24.5,5.21884713,5.171911066
24.6,5.234599526,5.188340941
24.7,5.249565491,5.204992819
24.8,5.265025434,5.221067162
24.9,5.281600307,5.23629527
25,5.297265869,5.253483725
25.1,5.31278889,5.26932951
25.2,5.32801536,5.285600461
25.3,5.344400998,5.301080064
25.4,5.360019046,5.31818496
25.5,5.375790285,5.332568474
25.6,5.391463219,5.349493965
25.7,5.407154995,5.365743616
25.8,5.423115469,5.381018419
25.9,5.438526259,5.396453786
26,5.455435366,5.412714086
26.1,5.471696486,5.429139866
26.2,5.487316992,5.444068147
26.3,5.502888346,5.459688653
26.4,5.518091878,5.476752589
26.5,5.53385001,5.492400947
26.6,5.549661389,5.507474227
26.7,5.566110106,5.522368102
26.8,5.581325926,5.540076749
26.9,5.596787507,5.553865523
27,5.612463718,5.570639462
27.1,5.627468186,5.586403328
27.2,5.643395891,5.601031782
27.3,5.658696909,5.617369907
27.4,5.674183885,5.634077491
27.5,5.690592461,5.64835369
27.6,5.706561126,5.663489229
27.7,5.721407488,5.680648192
27.8,5.736572518,5.696067994
27.9,5.751937434,5.710536704
28,5.767309722,5.725795123
28.1,5.783430758,5.742718157
28.2,5.799724646,5.757366272
28.3,5.815190323,5.774095974
28.4,5.830613402,5.788840755
28.5,5.845692416,5.802920346
28.6,5.860677222,5.818781696
28.7,5.87639767,5.834918298
28.8,5.891888742,5.850233242
28.9,5.90708736,5.865060762
29,5.922513715,5.880653414
29.1,5.937596006,5.896424653
29.2,5.952995328,5.911005594
29.3,5.96872151,5.926148506
29.4,5.983331942,5.942033613
29.5,5.998009549,5.957083955
29.6,6.013106586,5.972769997
29.7,6.029050675,5.988905779
29.8,6.043928166,6.001996595
29.9,6.05873111,6.018161869
30,6.073839616,6.03225047
30.1,6.08853033,6.047930778
30.2,6.102880256,6.062400307
30.3,6.117809357,6.078025728
30.4,6.132774502,6.093123584
30.5,6.147115418,6.107951104
30.6,6.161965875,6.123341414
30.7,6.175816909,6.138458112
30.8,6.190385562,6.155002675
30.9,6.204662579,6.168153293
31,6.218568499,6.183827046
31.1,6.232693146,6.19873321
31.2,6.247346176,6.213359206
31.3,6.26302976,6.228179354
31.4,6.277858099,6.242656256
31.5,6.292345651,6.25695703
31.6,6.307038822,6.272275251
31.7,6.322293965,6.286967603
31.8,6.336515277,6.301922918
31.9,6.350832435,6.316773376
32,6.364638413,6.331364147
32.1,6.378056909,6.345760768
32.2,6.390857728,6.360030413
32.3,6.405082317,6.374951322
32.4,6.419315098,6.389494579
32.5,6.432754893,6.404883251
32.6,6.447074509,6.418416435
32.7,6.461597286,6.433676493
32.8,6.476173312,6.448238592
32.9,6.490974618,6.462427955
33,6.504319386,6.476706611
33.1,6.517365146,6.492148531
33.2,6.530971238,6.506566451
33.3,6.544892723,6.519679386
33.4,6.558877286,6.534919782
33.5,6.573125632,6.550120038
33.6,6.586952909,6.56418816
33.7,6.600808038,6.57732649
33.8,6.614552576,6.592601293
33.9,6.628912333,6.607203533
34,6.643689882,6.621231514
34.1,6.657857946,6.635797709
34.2,6.67175977,6.649847808
34.3,6.685891789,6.663571866
34.4,6.700355584,6.678500966
34.5,6.715154432,6.693704499
34.6,6.72932823,6.70688297
34.7,6.743499571,6.720966656
34.8,6.757890458,6.736075162
34.9,6.772794163,6.750040064
35,6.786896691,6.763208704
35.1,6.80075264,6.77762089
35.2,6.814407885,6.792408269
35.3,6.82842112,6.805680947
35.4,6.842026394,6.821974835
35.5,6.855584973,6.833890918
35.6,6.869184512,6.84704809
35.7,6.882657894,6.862451507
35.8,6.896242688,6.876801434
35.9,6.909603021,6.88914432
36,6.923493376,6.903077274
36.1,6.937511526,6.917786829
36.2,6.951677133,6.931365069
36.3,6.965823898,6.944455066
36.4,6.980155802,6.95897129
36.5,6.993578394,6.973534208
36.6,7.007048499,6.986404659
36.7,7.020445696,6.999659315
36.8,7.034000179,7.015120896
36.9,7.047544013,7.026250547
37,7.061918515,7.042487091
37.1,7.076939366,7.056261939
37.2,7.09025792,7.067847066
37.3,7.103828787,7.081573581
37.4,7.117224346,7.097081037
37.5,7.130806682,7.109989171
37.6,7.144564326,7.122214093
37.7,7.158093414,7.136479642
37.8,7.171846144,7.151511962
37.9,7.185113907,7.164091597
38,7.198878106,7.176599962
38.1,7.211856691,7.190975283
38.2,7.224625562,7.205701222
38.3,7.238212813,7.217414963
38.4,7.251886899,7.232607027
38.5,7.266373632,7.24423721
38.6,7.279325184,7.256781619
38.7,7.292611789,7.271676314
38.8,7.30525696,7.285037466
38.9,7.318265856,7.297461453
39,7.33154345,7.310453146
39.1,7.345102848,7.325259366
39.2,7.359452774,7.338131456
39.3,7.372977766,7.349909094
39.4,7.385422234,7.36414761
39.5,7.397934694,7.378249318
39.6,7.410604442,7.390234214
39.7,7.423105434,7.40568023
39.8,7.435469619,7.417178522
39.9,7.448541594,7.429114266
40,7.4610688,7.443376538
40.1,7.474166989,7.457173504
40.2,7.487783731,7.467958272
40.3,7.500439552,7.481187533
40.4,7.513234637,7.495492403
40.5,7.525935514,7.50824407
40.6,7.538989466,7.520489472
40.7,7.552394035,7.533739213
40.8,7.565518438,7.547203584
40.9,7.579108147,7.559082803
41,7.59223255,7.572004045
41.1,7.605471642,7.586287616
41.2,7.618689434,7.597572096
41.3,7.631731098,7.610721894
41.4,7.644691661,7.623404749
41.5,7.657376154,7.635266765
41.6,7.670410445,7.647929139
41.7,7.683260416,7.661395968
41.8,7.696207053,7.674195968
41.9,7.708508979,7.686137446
42,7.721196749,7.699782042
42.1,7.734729933,7.712925286
42.2,7.747513549,7.724142592
42.3,7.760105472,7.737146573
42.4,7.772362342,7.749988352
42.5,7.784470938,7.761669325
42.6,7.796682752,7.775432704
42.7,7.809001062,7.787429069
42.8,7.821233357,7.798575923
42.9,7.833882624,7.811815014
43,7.846761267,7.824812442
43.1,7.859429376,7.836273869
43.2,7.871872205,7.84804823
43.3,7.884987597,7.86117673
43.4,7.897161728,7.873989837
43.5,7.909258035,7.88529152
43.6,7.92194089,7.897462374
43.7,7.934482842,7.91001088
43.8,7.947241882,7.922167808
43.9,7.959888691,7.934041293
44,7.972859085,7.946469376
44.1,7.985461658,7.958388736
44.2,7.997502259,7.97023191
44.3,8.009012838,7.982526464
44.4,8.020946944,7.994481869
44.5,8.032437043,8.006452019
44.6,8.044577587,8.018793267
44.7,8.056170906,8.031295078
44.8,8.068046848,8.042326426
44.9,8.080320922,8.054588211
45,8.092329574,8.06674432
45.1,8.104313651,8.07865385
45.2,8.116246118,8.090425754
45.3,8.128805274,8.102762906
45.4,8.141371802,8.113750016
45.5,8.152865178,8.125570253
45.6,8.164891034,8.137812378
45.7,8.17708073,8.149470413
45.8,8.188771533,8.160423936
45.9,8.201330688,8.172237619
46,8.213990605,8.184263475
46.1,8.225997619,8.195865805
46.2,8.237203456,8.206679245
46.3,8.249153946,8.218601882
46.4,8.261094605,8.230577766
46.5,8.27260928,8.241107763
46.6,8.284304998,8.252538061
46.7,8.295985971,8.26606633
46.8,8.307634995,8.276037632
46.9,8.319623168,8.288499302
47,8.330742989,8.299465933
47.1,8.342442803,8.310176154
47.2,8.354561229,8.321662976
47.3,8.367245722,8.333928038
47.4,8.379162624,8.344865997
47.5,8.391058227,8.355401728
47.6,8.556069683,8.366744371
47.7,8.677021286,8.378428621
47.8,8.693478195,8.656533914
47.9,8.70544425,8.667870003
48,8.71750615,8.679518208
48.1,8.729474662,8.691039437
48.2,8.741013094,8.701795533
48.3,8.7519232,8.712699904
48.4,8.763786854,8.723208602
48.5,8.77507543,8.732943155
48.6,8.786901402,8.745286042
48.7,8.798513562,8.756740915
48.8,8.810138829,8.766299341
48.9,8.821333197,8.776932557
49,8.832489062,8.788962509
49.1,8.843912806,8.799329485
49.2,8.855465984,8.808511898
49.3,8.866661171,8.820781875
49.4,8.878301184,8.831268454
49.5,8.889349734,8.841192243
49.6,8.90074071,8.852248986
49.7,8.911420621,8.862349722
49.8,8.922659226,8.873617818
49.9,8.93383639,8.883925811
50,8.94584832,8.893847142
50.1,8.956652749,8.904436941
50.2,8.968197734,8.915150438
50.3,8.980041728,8.92465152
50.4,8.991395021,8.935297024
50.5,9.001940582,8.946224333
50.6,9.012781056,8.956566733
50.7,9.023972966,8.966334054
50.8,9.034378445,8.976903373
50.9,9.04549417,8.986979533
51,9.056160154,8.997308006
51.1,9.06788864,9.007570125
51.2,9.078560358,9.016347853
51.3,9.08921815,9.025903821
51.4,9.100153651,9.036960563
51.5,9.110901555,9.046501786
51.6,9.12224256,9.055430246
51.7,9.13314857,9.065503949
51.8,9.143581082,9.075698893
51.9,9.154269184,9.085073818
52,9.16529152,9.094149734
52.1,9.176467866,9.104535552
52.2,9.187138765,9.114554368
52.3,9.197930086,9.122605466
52.4,9.209454592,9.134849229
52.5,9.21988137,9.141444608
52.6,9.230200832,9.150847386
52.7,9.240795546,9.161159475
52.8,9.251005235,9.169938022
52.9,9.262392115,9.17835776
53,9.27325225,9.188522394
53.1,9.283595469,9.19834624
53.2,9.293725696,9.206058189
53.3,9.304348262,9.214604902
53.4,9.315708109,9.224272282
53.5,9.326016102,9.233046733
53.6,9.336419123,9.241512346
53.7,9.346567373,9.250308915
53.8,9.356660736,9.258994893
53.9,9.366677094,9.267326976
54,9.376899072,9.27535104
54.1,9.386808115,9.284083712
54.2,9.39764695,9.292479693
54.3,9.408049971,9.300353024
54.4,9.418552115,9.308291891
54.5,9.429038694,9.316389683
54.6,9.439879987,9.324483379
54.7,9.450876109,9.33282857
54.8,9.46176983,9.340116992
54.9,9.47208192,9.347783885
55,9.48194263,9.356163482
55.1,9.491489587,9.363795149
55.2,9.50145024,9.371077837
55.3,9.51135273,9.379024077
55.4,9.521154458,9.386414899
55.5,9.531169997,9.393455923
55.6,9.540664525,9.400869683
55.7,9.550023066,9.40798935
55.8,9.560173773,9.415432602
55.9,9.569429094,9.422276198
56,9.579108762,9.428737229
56.1,9.588649984,9.436586803
56.2,9.598178099,9.442725069
56.3,9.607959347,9.448802714
56.4,9.618525389,9.456570368
56.5,9.629607526,9.463494246
56.6,9.640261222,9.469027942
56.7,9.650337382,9.475777331
56.8,9.660328346,9.482238362
56.9,9.669800755,9.488583066
57,9.679123251,9.495252992
57.1,9.688822579,9.500980838
57.2,9.697940275,9.507015885
57.3,9.706982605,9.514160947
57.4,9.71649024,9.518915584
57.5,9.725533389,9.525042381
57.6,9.734982042,9.5314944
57.7,9.744411853,9.537137869
57.8,9.754092339,9.54282967
57.9,9.763611443,9.549154714
58,9.772448154,9.55556823
58.1,9.781077606,9.561201869
58.2,9.78996183,9.567238554
58.3,9.798878003,9.57264937
58.4,9.807555789,9.577754624
58.5,9.817350144,9.584910336
58.6,9.827036365,9.590718464
58.7,9.837131366,9.595120026
58.8,9.845845197,9.600999424
58.9,9.854666342,9.607820902
59,9.863405568,9.612857344
59.1,9.871804006,9.618316493
59.2,9.880598938,9.624713626
59.3,9.889203814,9.63007529
59.4,9.898181427,9.635136307
59.5,9.907175424,9.641965978
59.6,9.916392243,9.646917222
59.7,9.924891443,9.651725926
59.8,9.933606093,9.657482445
59.9,9.942402662,9.663250432
60,9.95077079,9.66843433
60.1,9.959304397,9.673248768
60.2,9.967641395,9.679255962
60.3,9.975902208,9.684597965
60.4,9.985277952,9.68930263
60.5,9.994544742,9.694471782
60.6,10.00303575,9.700026778
60.7,10.01213379,9.70554409
60.8,10.02185523,9.709942374
60.9,10.03045274,9.717038285
61,10.03856282,9.719774413
61.1,10.04716605,9.72491735
61.2,10.05475103,9.730537062
61.3,10.06302986,9.734452838
61.4,10.07090401,9.73966295
61.5,10.0787372,9.745310515
61.6,10.08662938,9.749715354
61.7,10.09458299,9.753689293
61.8,10.10264556,9.759345869
61.9,10.11052134,9.764599398
62,10.11810796,9.768287437
62.1,10.1261951,9.772988006
62.2,10.13383086,9.779103334
62.3,10.1409964,9.782271181
62.4,10.14943498,9.788065382
62.5,10.15777034,9.792088474
62.6,10.16535695,9.79653673
62.7,10.17300337,9.801197158
62.8,10.18061455,9.805787955
62.9,10.1890646,9.810100224
63,10.19703542,9.815348838
63.1,10.20492268,9.819724186
63.2,10.21201613,9.823588352
63.3,10.21905142,9.828734566
63.4,10.22595727,9.832829747
63.5,10.23289917,9.837099418
63.6,10.24006062,9.841985126
63.7,10.24770048,9.846502195
63.8,10.25526333,9.850727629
63.9,10.26234368,9.854711398
64,10.2695166,9.858787738
64.1,10.27620291,9.862907494
64.2,10.28260086,9.867593318
64.3,10.2899114,9.871491072
64.4,10.29698437,9.875795968
64.5,10.30341837,9.879896064
64.6,10.30979092,9.883394867
64.7,10.31626424,9.888332186
64.8,10.32294646,9.892637901
64.9,10.32897495,9.895583744
65,10.33592177,9.900069683
65.1,10.34267116,9.904766976
65.2,10.34923622,9.909289779
65.3,10.35556454,9.91206359
65.4,10.36148163,9.915630387
65.5,10.36750275,9.919950029
65.6,10.37351322,9.923660186
65.7,10.3794729,9.926869811
65.8,10.38520648,9.931313152
65.9,10.3911678,9.934848
66,10.39653847,9.938672026
66.1,10.40174449,9.942510797
66.2,10.40712581,9.946158694
66.3,10.4123351,9.95036201
66.4,10.41809818,9.953797734
66.5,10.42372198,9.957376819
66.6,10.42861179,9.960982938
66.7,10.43350159,9.964427674
66.8,10.43845693,9.967931392
66.9,10.44381041,9.971552256
67,10.44907868,9.975110042
67.1,10.45360394,9.978751386
67.2,10.45820293,9.982128947
67.3,10.46302392,9.985823539
67.4,10.46834381,9.989262541
67.5,10.47250944,9.992282931
67.6,10.47657185,9.99573504
67.7,10.48004444,9.999754035
67.8,10.48312463,10.00204616
67.9,10.48667505,10.00566866
68,10.48985436,10.00876114
68.1,10.49270354,10.01277522
68.2,10.49543475,10.01525658
68.3,10.49788088,10.01787146
68.4,10.50038436,10.02153411
68.5,10.50324992,10.02523197
68.6,10.50525286,10.0274946
68.7,10.50731807,10.03037983
68.8,10.50978468,10.03403837
68.9,10.5119957,10.03692851
69,10.51371766,10.03923538
69.1,10.51578778,10.04261294
69.2,10.5180971,10.04539003
69.3,10.51994358,10.04847677
69.4,10.52209398,10.0512555
69.5,10.52469821,10.05464044
69.6,10.52741714,10.05592822
69.7,10.52971172,10.05947126
69.8,10.53163438,10.06262272
69.9,10.5335554,10.06460928
70,10.53576643,10.0671701
70.1,10.53803397,10.07035351
70.2,10.54022205,10.07266693
70.3,10.54257807,10.07430369
70.4,10.54425252,10.07775007
70.5,10.54630461,10.08005284
70.6,10.54857298,10.082014
70.7,10.5510527,10.08464036
70.8,10.5533186,10.08735601
70.9,10.55515771,10.08924508
71,10.55726387,10.09133896
71.1,10.55950602,10.09398497
71.2,10.56158761,10.09622057
71.3,10.56324157,10.09795645
71.4,10.5650004,10.1001429
71.5,10.56705331,10.10147738
71.6,10.56899727,10.10446254
71.7,10.57113211,10.1061632
71.8,10.57371914,10.10753782
71.9,10.57716224,10.11015926
72,10.57958789,10.11198116
72.1,10.58167357,10.1130412
72.2,10.58355773,10.11598787
72.3,10.58661007,10.11731825
72.4,10.58942239,10.11769344
72.5,10.59111567,10.1181014
72.6,10.59308995,10.11811779
72.7,10.59578675,10.11841843
72.8,10.59794452,10.11849789
72.9,10.59980984,10.11865518
73,10.60207821,10.11883131
73.1,10.60439409,10.11917373
73.2,10.6066346,10.11918684
73.3,10.60879237,10.11942359
73.4,10.61103124,10.11942687
73.5,10.61329879,10.11979551
73.6,10.61476844,10.12013629
73.7,10.61658132,10.12060897
73.8,10.61831557,10.1206614
73.9,10.6196009,10.12066222
74,10.622242,10.12068844
74.1,10.62507397,10.12068844
74.2,10.62832292,10.1207679
74.3,10.63019069,10.12081213
74.4,10.63320781,10.12083999
74.5,10.63421542,10.1208662
74.6,10.6360062,10.1208662
74.7,10.63789691,10.1208662
74.8,10.64018985,10.12091863
74.9,10.64304067,10.12091863
75,10.64567767,10.12094484
75.1,10.6476503,10.12407091
75.2,10.64995062,10.12412334
75.3,10.65244017,10.12412334
75.4,10.6548052,10.12412334
75.5,10.65752822,10.12412498
75.6,10.65991045,10.12412498
75.7,10.66208788,10.12412498
75.8,10.65612902,10.12412498
75.9,10.65800008,10.12412498
76,10.66007839,10.12412498
76.1,10.66249175,10.12412498
76.2,10.66447258,10.12412498
76.3,10.66681713,10.12412498
76.4,10.66953769,10.12412498
76.5,10.67196498,10.12433469
76.6,10.6738049,10.12433551
76.7,10.67564401,10.12433551
76.8,10.67764449,10.12433551
76.9,10.67969249,10.12433551
77,10.68190515,10.12433551
77.1,10.68470354,10.12433551
77.2,10.68646072,10.12433551
77.3,10.68816712,10.12433551
77.4,10.69011354,10.12433551
77.5,10.69227459,10.12433551
77.6,10.69395231,10.12435681
77.7,10.69600686,10.12437484
77.8,10.69790085,10.12437484
77.9,10.69979238,10.12437484
78,10.70165688,10.12447969
78.1,10.70372045,10.12447969
78.2,10.70581514,10.12447969
78.3,10.70773535,10.12447969
78.4,10.70954742,10.12447969
78.5,10.71170519,10.12447969
78.6,10.71455683,10.12447969
78.7,10.71711437,10.12447969
78.8,10.7193557,10.12447969
78.9,10.72108667,10.12447969
79,10.72295199,10.12447969
79.1,10.72516628,10.12447969
79.2,10.72761733,10.1244756
79.3,10.729617,10.1244756
79.4,10.73169859,10.12460667
79.5,10.73364582,10.12460667
79.6,10.73564385,10.12460667
79.7,10.73700209,10.12460667
79.8,10.73897308,10.12460667
79.9,10.74099814,10.12460667
80,10.7426775,10.12460667
80.1,10.7446272,10.12460667
80.2,10.74633277,10.12460667
80.3,10.74841027,10.12461978
80.4,10.75028951,10.1246378
80.5,10.75195167,10.1246378
80.6,10.75378012,10.1246378
80.7,10.75559465,10.1246378
80.8,10.75764593,10.12487619
80.9,10.76094976,10.12487619
81,10.76388086,10.12487127
81.1,10.76580188,10.12487127
81.2,10.76761313,10.12487127
81.3,10.76929249,10.12487127
81.4,10.77180088,10.12487127
81.5,10.77339914,10.12487127
81.6,10.77545042,10.12487127
81.7,10.77749924,10.12487127
81.8,10.77944484,10.12487127
81.9,10.78133637,10.12487127
82,10.78320497,10.12487127
82.1,10.78359491,10.12487127
82.2,10.78514156,10.12510802
82.3,10.78689956,10.12510802
82.4,10.78868541,10.12510884
82.5,10.79073833,10.12510884
82.6,10.79273882,10.12510884
82.7,10.79492198,10.12510392
82.8,10.79686595,10.12510392
82.9,10.79945134,10.12510392
83,10.80195809,10.12510392
83.1,10.80505057,10.12510392
83.2,10.80714445,10.12510392
83.3,10.80901059,10.12510392
83.4,10.81058263,10.12510392
83.5,10.81250038,10.12510392
83.6,10.8143657,10.12510474
83.7,10.81604997,10.12510065
83.8,10.81770394,10.12510065
83.9,10.81980764,10.12510065
84,10.82169917,10.12510065
84.1,10.8232745,10.12510065
84.2,10.82479411,10.12510556
84.3,10.82658079,10.12510556
84.4,10.82833961,10.12510556
84.5,10.83012383,10.12510556
84.6,10.83244052,10.12510556
84.7,10.83430257,10.12510556
84.8,10.83688632,10.12511539
84.9,10.83915059,10.12511539
85,10.84107325,10.12511539
85.1,10.84333834,10.12511703
85.2,10.84557722,10.12511703
85.3,10.84792259,10.12511703
85.4,10.84469821,10.12511703
85.5,10.84629729,10.12511703
85.6,10.84771041,10.12511703
85.7,10.8495487,10.12511703
85.8,10.85127967,10.12513014
85.9,10.85319823,10.12513669
86,10.85530358,10.12513669
86.1,10.85748511,10.12513751
86.2,10.85987553,10.12514079
86.3,10.8617687,10.12514079
86.4,10.86331372,10.125167
86.5,10.86525768,10.12519322
86.6,10.86701732,10.12519322
86.7,10.86877696,10.12519322
86.8,10.87029576,10.12519322
86.9,10.87250596,10.12519322
87,10.8746367,10.12519322
87.1,10.87607685,10.12519322
87.2,10.87828951,10.12519322
87.3,10.88060867,10.12519322
87.4,10.88242074,10.12519322
87.5,10.88383222,10.12519322
87.6,10.88540344,10.12519322
87.7,10.8865495,10.12519322
87.8,10.88857375,10.12519322
87.9,10.89020232,10.12524646
88,10.89222656,10.12524646
88.1,10.89420083,10.12524646
88.2,10.89606697,10.12524646
88.3,10.89809285,10.12524646
88.4,10.89947812,10.12525466
88.5,10.90107638,10.12525466
88.6,10.90283684,10.12525466
88.7,10.9046743,10.12525466
88.8,10.90598011,10.12525466
88.9,10.90773893,10.12525466
89,10.91045622,10.12525466
89.1,10.9129343,10.12525466
89.2,10.91474801,10.12525466
89.3,10.91621356,10.1253079
89.4,10.91810673,10.12536115
89.5,10.91991716,10.12536115
89.6,10.92181197,10.12536115
89.7,10.92396974,10.12536115
89.8,10.92599316,10.12536115
89.9,10.92775035,10.12536115
90,10.92940268,10.12536115
90.1,10.93118853,10.12536115
90.2,10.93316444,10.12536115
90.3,10.93505761,10.12536115
90.4,10.9367894,10.12536115
90.5,10.93875958,10.12536115
90.6,10.94035866,10.12536115
90.7,10.9421183,10.12536115
90.8,10.9437698,10.12536115
90.9,10.94603735,10.12536115
91,10.94901924,10.12537917
91.1,10.95187087,10.12537917
91.2,10.95424246,10.12537917
91.3,10.95709245,10.12537917
91.4,10.95927808,10.12537917
91.5,10.96117125,10.12537917
91.6,10.96269087,10.12537917
91.7,10.96495514,10.12537917
91.8,10.96641987,10.12537917
91.9,10.96841953,10.12537917
92,10.9703381,10.12537917
92.1,10.97201746,10.12537917
92.2,10.97380168,10.12537917
92.3,10.97583002,10.12537917
92.4,10.97769452,10.12537917
92.5,10.97971876,10.12537917
92.6,10.98161193,10.12537917
92.7,10.9834494,10.12537917
92.8,10.9855572,10.12537917
92.9,10.98787471,10.12537917
93,10.99011195,10.12537917
93.1,10.99240407,10.12537917
93.2,10.99541791,10.12537917
93.3,10.99816223,10.12537917
93.4,11.00007997,10.12537917
93.5,11.00293079,10.12537917
93.6,11.00527452,10.12538573
93.7,11.00708577,10.12538573
93.8,11.00887409,10.12538573
93.9,11.01068616,10.12538573
94,11.01260636,10.12538655
94.1,11.01417759,10.12538655
94.2,11.01612237,10.12538655
94.3,11.01798605,10.12538655
94.4,11.01995868,10.12538081
94.5,11.02206566,10.12538081
94.6,11.02398095,10.12538081
94.7,11.02651392,10.12538081
94.8,11.02808515,10.12538081
94.9,11.03024538,10.12551188
95,11.032141,10.12551188
95.1,11.03440609,10.12551188
95.2,11.03621652,10.12551188
95.3,11.03850701,10.12551188
95.4,11.04063775,10.12551188
95.5,11.04327393,10.12551188
95.6,11.04548741,10.12551188
95.7,11.04799498,10.12551188
95.8,11.05030267,10.12551188
95.9,11.05224745,10.12551188
96,11.05387192,10.12551188
96.1,11.05568317,10.12551188
96.2,11.05762877,10.12551844
96.3,11.0598144,10.12551844
96.4,11.06170511,10.12551844
96.5,11.06348933,10.12551844
96.6,11.06532925,10.12551926
96.7,11.06698977,10.12551926
96.8,11.06864292,10.12551926
96.9,11.07029524,10.12551926
97,11.07194593,10.12551926
97.1,11.07437158,10.12551926
97.2,11.07706266,10.12551926
97.3,11.07900662,10.12551926
97.4,11.08105708,10.12551926
97.5,11.08297892,10.12551926
97.6,11.08516536,10.12551926
97.7,11.08670956,10.12551926
97.8,11.08913439,10.1257601
97.9,11.09182382,10.1257601
98,11.09387674,10.1257601
98.1,11.09603533,10.1257601
98.2,11.0982996,10.1257601
98.3,11.10024602,10.1257601
98.4,11.10203187,10.1257601
98.5,11.1038423,10.1257601
98.6,11.10576169,10.1257601
98.7,11.10730752,10.1257601
98.8,11.10946693,10.1257601
98.9,11.10826844,10.12576092
99,11.11021322,10.1257642
99.1,11.11229071,10.1257642
99.2,11.11389061,10.1257642
99.3,11.11639572,10.1257642
99.4,11.11890084,10.1257642
99.5,11.12060641,10.12577075
99.6,11.12284283,10.12577075
99.7,11.12523899,10.12577075
99.8,11.12710676,10.12577075
99.9,11.12977162,10.12577075
100,11.1318016,10.12577075
100.1,11.1335596,10.12577403
100.2,11.13545032,10.12577403
100.3,11.13782272,10.12577403
100.4,11.14035569,10.12577403
100.5,11.14206372,10.12577485
100.6,11.14408714,10.1257814
100.7,11.14563215,10.1257814
100.8,11.14747208,10.1257814
100.9,11.14965524,10.1257814
101,11.15109458,10.1257814
101.1,11.15306967,10.1257814
101.2,11.15522908,10.1257814
101.3,11.15770552,10.1257814
101.4,11.16042199,10.1257814
101.5,11.16242166,10.1257814
101.6,11.16426158,10.12580762
101.7,11.16602286,10.12580762
101.8,11.16764733,10.12580762
101.9,11.1694848,10.12580844
102,11.17169664,10.12580844
102.1,11.17377413,10.12580844
102.2,11.17582623,10.12580844
102.3,11.17758341,10.12580844
102.4,11.17939712,10.12580844
102.5,11.18139433,10.12580844
102.6,11.18379049,10.12552663
102.7,11.18566072,10.12552663
102.8,11.18779474,10.12552663
102.9,11.19003525,10.12552663
103,11.19229952,10.12552663
103.1,11.19440568,10.12552663
103.2,11.19610962,10.12552663
103.3,11.19797412,10.12553318
103.4,11.20034488,10.12553318
103.5,11.20261161,10.12553318
103.6,11.20458424,10.12553318
103.7,11.20655524,10.125534
103.8,11.20855409,10.125534
103.9,11.21039319,10.125534
104,11.212578,10.125534
104.1,11.21396572,10.125534
104.2,11.21617838,10.125534
104.3,11.21884078,10.125534
104.4,11.22049147,10.125534
104.5,11.22224865,10.12611891
104.6,11.22443264,10.12611891
104.7,11.22678129,10.12611891
104.8,11.22923397,10.12611891
104.9,11.23184394,10.12611891
105,11.23384361,10.12611891
105.1,11.23544105,10.12611891
105.2,11.23757261,10.12611891
105.3,11.23970499,10.12611891
105.4,11.24117135,10.12611891
105.5,11.2430891,10.12611891
105.6,11.24553851,10.12611891
105.7,11.24745789,10.12611891
105.8,11.24951081,10.12611891
105.9,11.25116396,10.12614513
106,11.25300388,10.12614513
106.1,11.2547627,10.12614513
106.2,11.2571351,10.12614513
106.3,11.25961073,10.12614513
106.4,11.26187745,10.12614513
106.5,11.26440714,10.12614513
106.6,11.26640517,10.12614513
106.7,11.26840484,10.12614513
106.8,11.27019069,10.12614513
106.9,11.27197491,10.12614513
107,11.27405158,10.12614513
107.1,11.27632077,10.12614513
107.2,11.27858422,10.12614513
107.3,11.28039547,10.12614513
107.4,11.28246968,10.12614513
107.5,11.28471101,10.12614595
107.6,11.2864682,10.12614595
107.7,11.2884949,10.12614595
107.8,11.29108521,10.12614595
107.9,11.29342812,10.12614595
108,11.29566454,10.12614595
108.1,11.29779446,10.12614595
108.2,11.29971466,10.12614595
108.3,11.3016619,10.12614595
108.4,11.30371318,10.12614595
108.5,11.3054974,10.12614595
108.6,11.3079468,10.12614595
108.7,11.31034706,10.12614676
108.8,11.31205263,10.12614676
108.9,11.3138647,10.12614676
109,11.31583652,10.12614676
109.1,11.31807375,10.12614676
109.2,11.31951145,10.12614676
109.3,11.32156191,10.12614676
109.4,11.32395971,10.12614676
109.5,11.32585042,10.12614676
109.6,11.3278763,10.12614676
109.7,11.33014139,10.12614676
109.8,11.33251543,10.12614676
109.9,11.33510001,10.12614676
110,11.33728563,10.12614676
110.1,11.33928448,10.12620001
110.2,11.34125466,10.12643922
110.3,11.34303887,10.12643922
110.4,11.34500987,10.12643922
110.5,11.34703493,10.12643922
110.6,11.3491968,10.12643922
110.7,11.35071642,10.12643922
110.8,11.35287747,10.12643922
110.9,11.35524741,10.12643922
111,11.35724462,10.1264425
111.1,11.35916237,10.1264425
111.2,11.36097444,10.1264425
111.3,11.36339927,10.1264425
111.4,11.36566354,10.1264425
111.5,11.36784753,10.12644168
111.6,11.36995287,10.12644168
111.7,11.37235067,10.12644168
111.8,11.37421763,10.12644168
111.9,11.37608376,10.12644168
112,11.37792451,10.12644168
112.1,11.3803477,10.12644168
112.2,11.38226627,10.12644168
112.3,11.38421023,10.12644168
112.4,11.38596905,10.12644168
112.5,11.3863426,10.12644168
112.6,11.38799575,10.12644168
112.7,11.39028541,10.12644168
112.8,11.39204342,10.12644168
112.9,11.39399066,10.12644168
113,11.39649577,10.12644168
113.1,11.39929416,10.12644168
113.2,11.40163707,10.12644168
113.3,11.40368753,10.12644168
113.4,11.40544471,10.12644168
113.5,11.40744356,10.12644168
113.6,11.40947108,10.12644168
113.7,11.4111234,10.12644168
113.8,11.41312225,10.12644168
113.9,11.41517271,10.12644168
114,11.4175959,10.12644168
114.1,11.41991342,10.12644168
114.2,11.42228828,10.12644168
114.3,11.42466068,10.12644168
114.4,11.42636626,10.12654817
114.5,11.42812426,10.12654817
114.6,11.42974874,10.12654817
114.7,11.43214653,10.12654817
114.8,11.43428055,10.12654817
114.9,11.43628022,10.12654817
115,11.43809229,10.12654817
115.1,11.43995679,10.12654817
115.2,11.44222269,10.12654817
115.3,11.44482038,10.12654817
115.4,11.44647352,10.12654817
115.5,11.44849777,10.12654817
115.6,11.45012552,10.12654817
115.7,11.45177702,10.12654817
115.8,11.45401344,10.12654817
115.9,11.45566413,10.12654817
116,11.45803571,10.12654817
116.1,11.46003292,10.12654817
116.2,11.46254049,10.12654817
116.3,11.46504397,10.12654817
116.4,11.46775962,10.12654817
116.5,11.46988954,10.12654817
116.6,11.4718122,10.12654817
116.7,11.47391754,10.12654817
116.8,11.47556905,10.12654817
116.9,11.47753923,10.12654817
117,11.47940454,10.12654817
117.1,11.48135178,10.12654817
117.2,11.48294595,10.12654817
117.3,11.48454502,10.12654817
117.4,11.48670362,10.12654817
117.5,11.48910223,10.12654817
117.6,11.49131244,10.12654817
117.7,11.49323018,10.12654817
117.8,11.4950144,10.12654817
117.9,11.49674701,10.12654817
118,11.49893427,10.12654817
118.1,11.50111826,10.12654817
118.2,11.50340792,10.12654817
118.3,11.5055657,10.12654817
118.4,11.5085271,10.12654817
118.5,11.51119032,10.12654817
118.6,11.51281644,10.12654817
118.7,11.51486853,10.12654817
118.8,11.51660032,10.12654817
118.9,11.51827804,10.12654817
119,11.52014172,10.12654817
119.1,11.52198083,10.12654817
119.2,11.52403374,10.12654817
119.3,11.52573768,10.12654817
119.4,11.52754893,10.12654817
119.5,11.52944374,10.12654817
119.6,11.53128202,10.12654817
119.7,11.53362739,10.12654817
119.8,11.53666662,10.12654817
119.9,11.5387433,10.12654817
120,11.54071429,10.12654817
120.1,11.54273772,10.12660142
120.2,11.54422866,10.12660142
120.3,11.54631188,10.12660142
120.4,11.54863022,10.12660142
120.5,11.55097477,10.12660142
120.6,11.55353068,10.12660142
120.7,11.55592929,10.12660142
120.8,11.55805921,10.12660142
120.9,11.55947233,10.12660142
121,11.56133765,10.12660142
121.1,11.56330783,10.12660142
121.2,11.56490609,10.12660142
121.3,11.56692951,10.12660142
121.4,11.5691135,10.12660142
121.5,11.57140726,10.12660142
121.6,11.57317837,10.12660142
121.7,11.57517722,10.12660142
121.8,11.57704172,10.12660142
121.9,11.57930598,10.12660142
122,11.58162432,10.12660142
122.1,11.58402212,10.12660142
122.2,11.58610125,10.12660142
122.3,11.58777897,10.12660142
122.4,11.58956319,10.12660142
122.5,11.59142687,10.12660142
122.6,11.59393198,10.12660142
122.7,11.59609057,10.12660142
122.8,11.59819919,10.12660142
122.9,11.60059535,10.12660142
123,11.60274575,10.12660142
123.1,11.60487567,10.12660142
123.2,11.60714158,10.12660142
123.3,11.60922317,10.12660142
123.4,11.61087386,10.12660142
123.5,11.61271132,10.12660142
123.6,11.61471099,10.12660142
123.7,11.61671066,10.12660142
123.8,11.61857434,10.12660142
123.9,11.62062643,10.12660142
124,11.62241229,10.12660142
124.1,11.62443653,10.12660142
124.2,11.62654188,10.12660142
124.3,11.62896671,10.1263188
124.4,11.6305109,10.12632044
124.5,11.63269489,10.12632044
124.6,11.63421778,10.12632125
124.7,11.63745772,10.12632125
124.8,11.63990876,10.12632125
124.9,11.64116132,10.12632125
125,11.64281201,10.12632125
125.1,11.64547768,10.12632125
125.2,11.64745114,10.12632125
125.3,11.64926321,10.12632125
125.4,11.65112771,10.12632125
125.5,11.65288571,10.12632125
125.6,11.65474939,10.12632125
125.7,11.65664174,10.12632125
125.8,11.65842842,10.12632125
125.9,11.66013235,10.12632125
126,11.6622123,10.12632125
126.1,11.66359757,10.12632125
126.2,11.6655702,10.12632125
126.3,11.66732902,10.12632125
126.4,11.66991524,10.12632125
126.5,11.6727382,10.12632125
126.6,11.67510815,10.12632125
126.7,11.67774433,10.12632125
126.8,11.67990292,10.12632125
126.9,11.6816085,10.12632125
127,11.68355246,10.12632125
127.1,11.68547021,10.12632125
127.2,11.68749445,10.12632125
127.3,11.68989389,10.12632125
127.4,11.69245225,10.12632125
127.5,11.694157,10.12632125
127.6,11.69564959,10.12632125
127.7,11.69783685,10.12632125
127.8,11.69983406,10.12632125
127.9,11.7019648,10.12632125
128,11.70401526,10.12632125
128.1,11.70612142,10.12632125
128.2,11.70836111,10.12632125
128.3,11.71009208,10.12632125
128.4,11.71163791,10.12632125
128.5,11.71366134,10.12632125
128.6,11.7157118,10.12664074
128.7,11.71824394,10.12664074
128.8,11.72101448,10.12664074
128.9,11.72317389,10.12664074
129,11.72522598,10.12664074
129.1,11.72690452,10.12664074
129.2,11.72879524,10.12664074
129.3,11.73063434,10.12664074
129.4,11.73239316,10.12664074
129.5,11.73465825,10.12664074
129.6,11.73702984,10.12664074
129.7,11.73924004,10.12664074
129.8,11.74131343,10.12664074
129.9,11.74323118,10.12664074
130,11.74504325,10.12664074
130.1,11.74675128,10.12664074
130.2,11.74895985,10.12664074
130.3,11.75103734,10.12664074
130.4,11.75284777,10.12664074
130.5,11.7545001,10.12664074
130.6,11.7563392,10.12664074
130.7,11.75836426,10.12664074
130.8,11.7609218,10.12664074
130.9,11.76324178,10.12664074
131,11.76569119,10.12664074
131.1,11.76792924,10.12664074
131.2,11.76966185,10.12664074
131.3,11.77184829,10.12664074
131.4,11.7740585,10.12669317
131.5,11.77653821,10.12669317
131.6,11.77848054,10.12669317
131.7,11.78021315,10.12669317
131.8,11.7821055,10.12669317
131.9,11.78450493,10.12669317
132,11.7864489,10.12669317
132.1,11.78860913,10.12669317
132.2,11.79018035,10.12669317
132.3,11.79188511,10.12669317
132.4,11.79348337,10.12669317
132.5,11.79561656,10.12669317
132.6,11.79753431,10.12669399
132.7,11.79929313,10.12669399
132.8,11.80105032,10.12669399
132.9,11.8036095,10.12669399
133,11.80552806,10.12669399
133.1,11.80744745,10.12669481
133.2,11.80984607,10.12669481
133.3,11.81271163,10.12669481
133.4,11.81494968,10.12669481
133.5,11.81625467,10.12669481
133.6,11.8179627,10.12669481
133.7,11.81980099,10.12669481
133.8,11.82169334,10.12669481
133.9,11.82387077,10.12669481
134,11.82632346,10.12669481
134.1,11.82861558,10.12669481
134.2,11.83104287,10.12669481
134.3,11.83333253,10.12674806
134.4,11.83527649,10.12674806
134.5,11.83695503,10.12674806
134.6,11.83873925,10.12674806
134.7,11.84081838,10.12674806
134.8,11.84247071,10.12674806
134.9,11.84441631,10.12674806
135,11.84705249,10.12674806
135.1,11.84931922,10.12674806
135.2,11.85134264,10.12674806
135.3,11.8534742,10.12674806
135.4,11.85544765,10.12674806
135.5,11.85803141,10.12674806
135.6,11.86005565,10.12674806
135.7,11.86192343,10.12677427
135.8,11.86368225,10.12677427
135.9,11.86573271,10.12677427
136,11.86791834,10.12677427
136.1,11.86986394,10.12677427
136.2,11.87172925,10.12677427
136.3,11.87358884,10.12677427
136.4,11.87603825,10.12677427
136.5,11.87878175,10.12677427
136.6,11.88080845,10.12677427
136.7,11.88301865,10.12677427
136.8,11.88504371,10.12677427
136.9,11.88683121,10.12677427
137,11.88896276,10.12677427
137.1,11.89106811,10.12677427
137.2,11.89373133,10.12677427
137.3,11.89642322,10.1267669
137.4,11.89852774,10.1267669
137.5,11.90063145,10.1267669
137.6,11.90268355,10.1267669
137.7,11.90524273,10.1267669
137.8,11.9069483,10.1267669
137.9,11.90883901,10.1267669
138,11.91070351,10.1267669
138.1,11.91262208,10.1267669
138.2,11.91467254,10.1267669
138.3,11.91653704,10.1267669
138.4,11.91845724,10.1267669
138.5,11.92000143,10.1267669
138.6,11.92234598,10.1267669
138.7,11.92508948,10.1267669
138.8,11.92655667,10.1267669
138.9,11.92828764,10.1267669
139,11.93050112,10.1267669
139.1,11.93231319,10.1267669
139.2,11.9343915,10.1267669
139.3,11.93692283,10.1267669
139.4,11.93926574,10.1267669
139.5,11.94134241,10.1267669
139.6,11.94312909,10.1267669
139.7,11.94499768,10.1267669
139.8,11.94658365,10.1267669
139.9,11.94871603,10.1267669
140,11.95143168,10.1267669
140.1,11.95398922,10.12682015
140.2,11.95590615,10.12682015
140.3,11.95769528,10.12682015
140.4,11.9592919,10.12682015
140.5,11.96131533,10.12682015
140.6,11.96373852,10.12682015
140.7,11.96581519,10.12682015
140.8,11.96821709,10.12682015
140.9,11.97042811,10.12682015
141,11.9723262,10.12682015
141.1,11.9739777,10.12682015
141.2,11.97632307,10.12682015
141.3,11.9787479,10.12682015
141.4,11.98055997,10.12682015
141.5,11.98194688,10.12682015
141.6,11.98381302,10.12682015
141.7,11.98549238,10.12682015
141.8,11.98714307,10.12682015
141.9,11.98900675,10.12682015
142,11.99071396,10.12682015
142.1,11.99236628,10.12682015
142.2,11.99449784,10.12682015
142.3,11.99652209,10.12682015
142.4,11.99822602,10.12682015
142.5,12.00051732,10.12682015
142.6,12.002381,10.12682015
142.7,12.00432824,10.12682015
142.8,12.00581919,10.12682015
142.9,12.00800236,10.12682179
143,12.00970793,10.12682179
143.1,12.0121598,10.12682179
143.2,12.01479598,10.12682179
143.3,12.01719869,10.12682179
143.4,12.0193024,10.12682179
143.5,12.02172559,10.12682179
143.6,12.0237228,10.12682179
143.7,12.02550784,10.12682179
143.8,12.02716017,10.12682179
143.9,12.02932122,10.12682179
144,12.03163873,10.12682179
144.1,12.03398246,10.12682179
144.2,12.03568804,10.12682179
144.3,12.03776799,10.12682179
144.4,12.04021903,10.12682179
144.5,12.04245627,10.12682179
144.6,12.04432241,10.12682179
144.7,12.04658586,10.12682179
144.8,12.04866253,10.12682179
144.9,12.05069005,10.12682179
145,12.05255537,10.12682179
145.1,12.05463368,10.12682179
145.2,12.05626143,10.12682179
145.3,12.05833892,10.12682179
145.4,12.0600961,10.12682179
145.5,12.0623063,10.12682179
145.6,12.06475735,10.12682179
145.7,12.06720922,10.12682179
145.8,12.06939566,10.12682179
145.9,12.07115448,10.12682179
146,12.07336632,10.12682179
146.1,12.07560356,10.12682179
146.2,12.07744184,10.12682179
146.3,12.07936123,10.12682179
146.4,12.0813314,10.12682179
146.5,12.08346296,10.12681441
146.6,12.08575263,10.12681441
146.7,12.08820204,10.12681441
146.8,12.09044173,10.12681441
146.9,12.09215058,10.12681032
147,12.09391022,10.12681032
147.1,12.09577472,10.12681032
147.2,12.0975319,10.12681032
147.3,12.09982157,10.12681032
147.4,12.10208502,10.12707738
147.5,12.10432307,10.12707738
147.6,12.10489569,10.12707738
147.7,12.10577961,10.12707738
147.8,12.10838958,10.12707738
147.9,12.11060142,10.12707738
148,12.11193426,10.12707901
148.1,12.1132671,10.12708065
148.2,12.11443855,10.12708065
148.3,12.11619656,10.12708065
148.4,12.11755643,10.12708065
148.5,12.11915469,10.12707328
148.6,12.12147302,10.12707328
148.7,12.12350054,10.12707328
148.8,12.1253929,10.12712653
148.9,12.12736307,10.12712653
149,12.129203,10.12712653
149.1,12.13147382,10.12712653
149.2,12.12674621,10.12712653
149.3,12.12137226,10.12712653
149.4,12.12382986,10.12712653
149.5,12.12562309,10.12712653
149.6,12.12728361,10.12712653
149.7,12.11740488,10.12712653
149.8,12.11670282,10.12712653
149.9,12.11700183,10.12712653
150,12.11778089,10.12712653
150.1,12.11841659,10.12712653
150.2,12.11879014,10.12712653
150.3,12.12030894,10.12712735
150.4,12.12211446,10.12712735
150.5,12.12415099,10.12712735
150.6,12.12604252,10.12712735
150.7,12.12861153,10.12712735
150.8,12.130961,10.12712735
150.9,12.13309747,10.12712735
151,12.1350398,10.12712735
151.1,12.13688218,10.12712735
151.2,12.13890888,10.12712735
151.3,12.14093885,10.12712735
151.4,12.14292787,10.12712735
151.5,12.14483743,10.12712735
151.6,12.14733107,10.12712735
151.7,12.14996234,10.12712735
151.8,12.15144182,10.12712735
151.9,12.15326536,10.12712735
152,12.1555157,10.12712735
152.1,12.15802982,10.12712735
152.2,12.16065208,10.12712735
152.3,12.16258376,10.12712735
152.4,12.16544932,10.12712735
152.5,12.16750797,10.12712735
152.6,12.16927334,10.12712735
152.7,12.17114767,10.12712735
152.8,12.17318502,10.12712735
152.9,12.17503232,10.12712735
153,12.17709343,10.12712735
153.1,12.17906852,10.12712735
153.2,12.18067087,10.12712735
153.3,12.18301542,10.12712735
153.4,12.18456207,10.12712735
153.5,12.18637988,10.12712735
153.6,12.18827633,10.12712735
153.7,12.19052012,10.12712735
153.8,12.19322429,10.12712735
153.9,12.19546153,10.12712735
154,12.19773071,10.12712735
154.1,12.20023828,10.12712735
154.2,12.20276961,10.12712735
154.3,12.20479795,10.12712735
154.4,12.20650353,10.12712735
154.5,12.2086359,10.12712735
154.6,12.21039391,10.12712735
154.7,12.21260739,10.12734034
154.8,12.21522227,10.12739359
154.9,12.21718426,10.12739359
155,12.21885379,10.12739359
155.1,12.22077153,10.12739359
155.2,12.22274253,10.12739359
155.3,12.224077,10.12739359
155.4,12.22613156,10.12739359
155.5,12.20933714,10.12739359
155.6,12.20935844,10.12739359
155.7,12.211277,10.12739359
155.8,12.21306204,10.12739359
155.9,12.21519196,10.12739359
156,12.21719163,10.12739359
156.1,12.21953618,10.12739359
156.2,12.22217646,10.12744684
156.3,12.22454641,10.12744684
156.4,12.22649037,10.12744684
156.5,12.22846218,10.12744684
156.6,12.23027671,10.12744684
156.7,12.23208796,10.12744684
156.8,12.23419412,10.12744684
156.9,12.23584481,10.12744684
157,12.23763067,10.12744684
157.1,12.23952138,10.12744684
157.2,12.24165458,10.12744684
157.3,12.24349204,10.12744684
157.4,12.24594391,10.12744684
157.5,12.24796733,10.12744684
157.6,12.25047409,10.12744684
157.7,12.2529366,10.12760658
157.8,12.25506734,10.12760658
157.9,12.25693184,10.12760658
158,12.25874391,10.12760658
158.1,12.26068787,10.12760658
158.2,12.26247291,10.12760658
158.3,12.26529915,10.12760658
158.4,12.26770022,10.12760658
158.5,12.26961715,10.12760658
158.6,12.27150868,10.12760658
158.7,12.27369349,10.12760658
158.8,12.2745258,10.12760658
158.9,12.26108436,10.12760658
159,12.26079683,10.12760658
159.1,12.26271375,10.12760658
159.2,12.26474455,10.12760658
159.3,12.26557276,10.12760658
159.4,12.26539418,10.12760658
159.5,12.26566042,10.12760658
159.6,12.26587668,10.12760658
159.7,12.26548675,10.12760658
159.8,12.26577347,10.12760658
159.9,12.26753393,10.12760658
160,12.27009147,10.12760658
160.1,12.27227955,10.12760658
160.2,12.27411866,10.12760658
160.3,12.27622482,10.12760658
160.4,12.278784,10.12760658
160.5,12.28160614,10.12760658
160.6,12.2838442,10.12760658
160.7,12.28560302,10.12760658
160.8,12.28776243,10.12760658
160.9,12.29005373,10.12760658
161,12.2922369,10.12760658
161.1,12.2938368,10.12760658
161.2,12.29586186,10.12760658
161.3,12.29791969,10.12760658
161.4,12.29957284,10.12760658
161.5,12.30117028,10.12760658
161.6,12.30298153,10.12760658
161.7,12.30489846,10.12760658
161.8,12.30681539,10.12760658
161.9,12.30900183,10.12760658
162,12.31123825,10.12760658
162.1,12.31323628,10.12760658
162.2,12.31598223,10.12760658
162.3,12.31800648,10.12760658
162.4,12.32061972,10.12760658
162.5,12.32323215,10.12760658
162.6,12.32506962,10.12760658
162.7,12.32719954,10.12760658
162.8,12.32988897,10.12760658
162.9,12.33175593,10.12760658
163,12.33362289,10.12760658
163.1,12.33564795,10.12760658
163.2,12.33761976,10.12760658
163.3,12.3392172,10.12760658
163.4,12.34118738,10.12760658
163.5,12.34287329,10.12760658
163.6,12.34468946,10.12765983
163.7,12.3462869,10.12765983
163.8,12.34820547,10.12765983
163.9,12.35001836,10.12765983
164,12.35180421,10.12765983
164.1,12.35420037,10.12765983
164.2,12.35627704,10.12765983
164.3,12.35841188,10.12765983
164.4,12.36043366,10.12765983
164.5,12.36355072,10.12765983
164.6,12.36610908,10.12765983
164.7,12.36778926,10.12765983
164.8,12.36986675,10.12765983
164.9,12.37142077,10.12765983
165,12.37374157,10.12765983
165.1,12.37576499,10.12765983
165.2,12.378402,10.12765983
165.3,12.35987333,10.12765983
165.4,12.35984876,10.12765983
165.5,12.36050575,10.12765983
165.6,12.36163133,10.12765983
165.7,12.36188938,10.12765983
165.8,12.36291666,10.12765983
165.9,12.36393165,10.12765983
166,12.36474675,10.12765983
166.1,12.3651924,10.12765983
166.2,12.36674314,10.12765245
166.3,12.36828733,10.12765327
166.4,12.3702313,10.12765327
166.5,12.37214904,10.12765327
166.6,12.37482291,10.12765327
166.7,12.37756887,10.12765327
166.8,12.37954314,10.12765327
166.9,12.38143386,10.12765327
167,12.3830313,10.12765327
167.1,12.38510797,10.12765327
167.2,12.38713139,10.12765327
167.3,12.38960865,10.12765327
167.4,12.39180001,10.12765327
167.5,12.39398318,10.12765327
167.6,12.39662346,10.12765327
167.7,12.39912612,10.12765327
167.8,12.40109793,10.12765327
167.9,12.4031787,10.12765327
168,12.40509563,10.12775977
168.1,12.40690606,10.12775977
168.2,12.4087722,10.12775977
168.3,12.4108587,10.12775977
168.4,12.41264456,10.12775977
168.5,12.41403064,10.12775977
168.6,12.41600246,10.12775977
168.7,12.41818563,10.12775977
168.8,12.4209578,10.12775977
168.9,12.4235137,10.12775977
169,12.42529956,10.12775977
169.1,12.42705674,10.12775977
169.2,12.42905559,10.12775977
169.3,12.43038843,10.12775977
169.4,12.432307,10.12802601
169.5,12.43420099,10.12813251
169.6,12.43657093,10.12813251
169.7,12.43859517,10.12813251
169.8,12.44075377,10.12813251
169.9,12.44246016,10.12813251
170,12.44443197,10.12813251
170.1,12.44653814,10.12813251
170.2,12.44829532,10.12813251
170.3,12.45000008,10.12813251
170.4,12.45183836,10.12813251
170.5,12.4537045,10.12813251
170.6,12.45541171,10.12813251
170.7,12.45818307,10.12813251
170.8,12.46069146,10.12813251
170.9,12.46311629,10.12829225
171,12.44523725,10.12829225
171.1,12.44601139,10.12829225
171.2,12.44617277,10.12829225
171.3,12.44662252,10.12829225
171.4,12.44665364,10.12829225
171.5,12.44666839,10.12829225
171.6,12.446575,10.12829225
171.7,12.44671427,10.12829225
171.8,12.44637757,10.12829225
171.9,12.44743025,10.12829225
172,12.44924396,10.12829225
172.1,12.45089628,10.12829225
172.2,12.45267313,10.12829225
172.3,12.45449421,10.12829225
172.4,12.4564652,10.12829225
172.5,12.45814129,10.12829225
172.6,12.46021878,10.12829225
172.7,12.46188667,10.12829225
172.8,12.46428365,10.12829225
172.9,12.46663557,10.12829225
173,12.46857134,10.12829225
173.1,12.47011635,10.12829225
173.2,12.47226839,10.12829225
173.3,12.47467438,10.12829225
173.4,12.47709676,10.12829225
173.5,12.47885394,10.12829225
173.6,12.48068813,10.12829225
173.7,12.48241418,10.12829225
173.8,12.48451789,10.12829225
173.9,12.48632832,10.12828815
174,12.48883261,10.12828815
174.1,12.49173668,10.12828815
174.2,12.44731064,10.12828815
174.3,12.43505623,10.12828815
174.4,12.43698299,10.12828815
174.5,12.4392194,10.12828815
174.6,12.40627528,10.12828815
174.7,12.39783178,10.12828815
174.8,12.39932682,10.12828815
174.9,12.4009259,10.12828815
175,12.40285348,10.12828815
175.1,12.40484659,10.12828815
175.2,12.40671027,10.12828815
175.3,12.40861164,10.12828815
175.4,12.41049498,10.12828815
175.5,12.41281331,10.12828815
175.6,12.41534464,10.12828815
175.7,12.41731564,10.12828815
175.8,12.41918505,10.12828815
175.9,12.42117243,10.12828815
176,12.42299597,10.12828815
176.1,12.42464666,10.12828815
176.2,12.42683146,10.12828815
176.3,12.42829865,10.12828815
176.4,12.43079475,10.12828815
176.5,12.43300659,10.12828815
176.6,12.43551007,10.12828815
176.7,12.43766538,10.12828815
176.8,12.43980595,10.12828815
176.9,12.44151153,10.12828815
177,12.44321546,10.12828815
177.1,12.44556083,10.12828815
177.2,12.44833219,10.12828815
177.3,12.4359934,10.12828815
177.4,12.43675689,10.12828815
177.5,12.43705754,10.12828815
177.6,12.43841659,10.12828815
177.7,12.44022784,10.12828815
177.8,12.44281487,10.12828815
177.9,12.44473426,10.12828815
178,12.44657992,10.12828815
178.1,12.44837724,10.12828815
178.2,12.45024338,10.12828815
178.3,12.45233725,10.12828815
178.4,12.45400515,10.12828815
178.5,12.45608182,10.12828815
178.6,12.45799465,10.12828815
178.7,12.46047109,10.12828815
178.8,12.46270751,10.12828815
178.9,12.46463263,10.12828815
179,12.4663382,10.12828815
179.1,12.46833623,10.12828815
179.2,12.47014912,10.12828815
179.3,12.47206851,10.12828815
179.4,12.47475794,10.12828815
179.5,12.47694275,10.12828815
179.6,12.4788097,10.12828815
179.7,12.48040796,10.12828815
179.8,12.48235192,10.12828815
179.9,12.48501678,10.12828815
180,12.48773243,10.12828815
180.1,12.48912261,10.12828815
180.2,12.49056358,10.12828815
180.3,12.49258701,10.12828815
180.4,12.49477181,10.12828815
180.5,12.48102973,10.12828815
180.6,12.48115835,10.12828815
180.7,12.4801835,10.12828815
180.8,12.4788695,10.12828815
180.9,12.47787663,10.12828815
181,12.4777087,10.12828815
181.1,12.4773335,10.12828815
181.2,12.47670272,10.12828815
181.3,12.47645942,10.12828815
181.4,12.47700582,10.12828815
181.5,12.47867208,10.12828815
181.6,12.48129352,10.12828815
181.7,12.48314409,10.12828815
181.8,12.48540754,10.12828815
181.9,12.48699433,10.12828815
182,12.48908657,10.12828815
182.1,12.49199964,10.12828815
182.2,12.49430487,10.12828815
182.3,12.49629716,10.12828815
182.4,12.498944,10.12828815
182.5,12.50128691,10.12828815
182.6,12.50414838,10.12828815
182.7,12.50630369,10.12828815
182.8,12.50885059,10.12828815
182.9,12.51120988,10.12828815
183,12.51334799,10.12828815
183.1,12.51551478,10.12828815
183.2,12.51789865,10.12828815
183.3,12.52071834,10.12828815
183.4,12.52336681,10.12828815
183.5,12.52593746,10.12828815
183.6,12.52864573,10.12828815
183.7,12.53129421,10.12828815
183.8,12.53364285,10.12828815
183.9,12.53582275,10.12828815
184,12.53781832,10.12828815
184.1,12.54016942,10.12828815
184.2,12.54277038,10.12828815
184.3,12.54541394,10.12828815
184.4,12.54794199,10.12828815
184.5,12.55027098,10.12828815
184.6,12.55301448,10.12828815
184.7,12.55552287,10.12828815
184.8,12.55807386,10.12828815
184.9,12.56078377,10.12828815
185,12.56369357,10.12828815
185.1,12.56637727,10.12828815
185.2,12.56940421,10.12828815
185.3,12.5719978,10.12828815
185.4,12.57446113,10.12828815
185.5,12.56591933,10.12828815
185.6,12.56846459,10.12828815
185.7,12.57127526,10.12828815
185.8,12.57389916,10.12828815
185.9,12.57705062,10.12828815
186,12.57969582,10.12828815
186.1,12.58214851,10.12828815
186.2,12.56496579,10.12828815
186.3,12.56191345,10.12828815
186.4,12.56457503,10.12828815
186.5,12.56683192,10.12828815
186.6,12.56941978,10.12828815
186.7,12.57220915,10.12828815
186.8,12.57424896,10.12828815
186.9,12.57616753,10.12828815
187,12.5776937,10.12828815
187.1,12.57998746,10.12828815
187.2,12.58202399,10.12828815
187.3,12.58423009,10.12828815
187.4,12.58654761,10.12828815
187.5,12.5887529,10.12828815
187.6,12.59056005,10.12828815
187.7,12.59277599,10.12828815
187.8,12.59539169,10.12828815
187.9,12.59838915,10.12828815
188,12.60161188,10.12828815
188.1,12.60476498,10.12828815
188.2,12.60741181,10.12828815
188.3,12.61003244,10.12828815
188.4,12.61295043,10.12829143
188.5,12.61599867,10.12829143
188.6,12.5988905,10.12829143
188.7,12.59570217,10.12829143
188.8,12.59256463,10.12829143
188.9,12.5898965,10.12829143
189,12.58739958,10.12829143
189.1,12.5846913,10.12829143
189.2,12.58331914,10.12829143
189.3,12.58571694,10.12829143
189.4,12.58782556,10.12829143
189.5,12.59018732,10.12829143
189.6,12.59289231,10.12829143
189.7,12.59592663,10.12829143
189.8,12.59885691,10.12829143
189.9,12.60129567,10.12829143
190,12.60430377,10.12829143
190.1,12.608589,10.12829143
190.2,12.61269975,10.12829143
190.3,12.61535314,10.12829143
190.4,12.61807206,10.12829143
190.5,12.62057144,10.12829143
190.6,12.62290944,10.12829143
190.7,12.62550876,10.12829143
190.8,12.62834811,10.12829143
190.9,12.63087288,10.12829143
191,12.63369339,10.12829143
191.1,12.63681126,10.12829143
191.2,12.6395818,10.12829143
191.3,12.64279798,10.12829143
191.4,12.64546939,10.12829143
191.5,12.64797942,10.12829143
191.6,12.65062543,10.12829143
191.7,12.65337303,10.12829143
191.8,12.65615421,10.12829143
191.9,12.6587478,10.12829143
192,12.66093425,10.12829143
192.1,12.66400461,10.12829143
192.2,12.6673535,10.12829143
192.3,12.67062948,10.12829143
192.4,12.67404308,10.12829143
192.5,12.67741901,10.12829143
192.6,12.68024852,10.12829143
192.7,12.68312637,10.12829143
192.8,12.68553155,10.12829143
192.9,12.68817674,10.12829143
193,12.6890582,10.12829143
193.1,12.69173207,10.12829143
193.2,12.69368914,10.12829143
193.3,12.6958592,10.12829143
193.4,12.69790392,10.12829143
193.5,12.69989868,10.12829143
193.6,12.70220554,10.12829143
193.7,12.70432973,10.12829143
193.8,12.70700442,10.12829143
193.9,12.70953001,10.12829143
194,12.70717481,10.12829143
194.1,12.66693079,10.12829143
194.2,12.66388091,10.12829143
194.3,12.66107843,10.12829143
194.4,12.65870193,10.12829143
194.5,12.65572086,10.12829143
194.6,12.65305682,10.12829143
194.7,12.65477878,10.12829143
194.8,12.65738875,10.12829143
194.9,12.65980948,10.12829143
195,12.66197627,10.12829143
195.1,12.66392105,10.12829143
195.2,12.66643681,10.12829143
195.3,12.66876989,10.12829143
195.4,12.67145441,10.12829143
195.5,12.67430605,10.12829143
195.6,12.67701596,10.12829143
195.7,12.67966116,10.12829143
195.8,12.6823596,10.12829143
195.9,12.68492206,10.12829143
196,12.68761395,10.12829143
196.1,12.69066465,10.12829143
196.2,12.68539965,10.12829143
196.3,12.6890238,10.12829143
196.4,12.69263319,10.12829143
196.5,12.69645312,10.12829143
196.6,12.69906473,10.12829143
196.7,12.70225306,10.12829143
196.8,12.70544876,10.12829143
196.9,12.7091327,10.12829143
197,12.71201382,10.12829143
197.1,12.71437066,10.12829143
197.2,12.71675617,10.12829143
197.3,12.7191851,10.12829143
197.4,12.72096604,10.12829143
197.5,12.723277,10.12829143
197.6,12.7252095,10.12829143
197.7,12.72755814,10.12829143
197.8,12.72979948,10.12829143
197.9,12.73225871,10.12829143
198,12.73543803,10.12829143
198.1,12.73858703,10.12829143
198.2,12.74188595,10.12829143
198.3,12.74454262,10.12829143
198.4,12.74775142,10.12829143
198.5,12.7512363,10.12829143
198.6,12.75497349,10.12829143
198.7,12.75861156,10.12829143
198.8,12.76202844,10.12829143
198.9,12.73953731,10.12829143
199,12.74267484,10.12829143
199.1,12.74582794,10.12829143
199.2,12.74919322,10.12829143
199.3,12.75239055,10.12829143
199.4,12.75570586,10.12829143
199.5,12.7593046,10.12829143
199.6,12.762479,10.12829143
199.7,12.76599992,10.12829143
199.8,12.76942172,10.12829143
199.9,12.77314744,10.12829143
200,12.77655286,10.12829143
200.1,12.78040146,10.12829143
200.2,12.7840002,10.12829143
200.3,12.74983629,10.12829143
200.4,12.7496962,10.12829143
200.5,12.74977976,10.12829143
200.6,12.7515009,10.12829143
200.7,12.75416494,10.12829143
200.8,12.75805778,10.12829143
200.9,12.76213576,10.12829143
201,12.76522824,10.12829143
201.1,12.76803645,10.12829143
201.2,12.77074883,10.12829143
201.3,12.773666,10.12829143
201.4,12.77674209,10.12829143
201.5,12.77989028,10.12829143
201.6,12.78318756,10.12829143
201.7,12.7856255,10.12829143
201.8,12.78817567,10.12829471
201.9,12.79071191,10.12829471
202,12.79327846,10.12829471
202.1,12.79573033,10.12829471
202.2,12.79859589,10.12829471
202.3,12.80159089,10.12829471
202.4,12.80471613,10.12829471
202.5,12.80751944,10.12829471
202.6,12.81092813,10.12829471
202.7,12.81387233,10.12829471
202.8,12.81662403,10.12829471
202.9,12.81978696,10.12829471
203,12.82309161,10.12829471
203.1,12.82628977,10.12829471
203.2,12.82962637,10.12829471
203.3,12.70279537,10.12829471
203.4,12.63735931,10.12829471
203.5,12.63978988,10.12829471
203.6,12.64203858,10.12829471
203.7,12.64477143,10.12829471
203.8,12.64816538,10.12829471
203.9,12.65155932,10.12829471
204,12.65490248,10.12829471
204.1,12.65839718,10.12829471
204.2,12.66207375,10.12829471
204.3,12.66563564,10.12829471
204.4,12.66935808,10.12829471
204.5,12.67293225,10.12829471
204.6,12.67668419,10.12829471
204.7,12.68011581,10.12829471
204.8,12.68417167,10.12829471
204.9,12.64817603,10.01937306
205,12.646255,9.800965325
205.1,12.64420618,9.69196585
205.2,12.64352707,9.583039283
205.3,12.64169288,9.583039283
205.4,12.63956378,9.583039283
205.5,12.63676539,9.583039283
205.6,12.63426355,9.583039283
205.7,12.63297823,9.583039283
205.8,12.63154135,9.583039283
205.9,12.62938604,9.583039283
206,12.62728233,9.583039283
206.1,12.6236418,9.583039283
206.2,12.62107116,9.583039283
206.3,12.61879788,9.582918042
206.4,12.61720945,9.582918042
206.5,12.6172586,9.582918042
206.6,12.62048051,9.582918042
206.7,12.62329119,9.582918042
206.8,12.62626734,9.582918042
206.9,12.62982758,9.582918042
207,12.63368274,9.582918042
207.1,12.63733228,9.582918042
207.2,12.64164536,9.582918042
207.3,12.64604938,9.582918042
207.4,12.65011999,9.266292326
207.5,12.65433231,9.055182029
207.6,12.65927045,9.055155814
207.7,12.66289295,9.055141888
207.8,12.66670387,9.055141888
207.9,12.67030508,9.055141888
208,12.67395133,9.055101747
208.1,12.67796296,9.055033754
208.2,12.68178944,9.05480192
208.3,12.68584694,9.054758502
208.4,12.6902231,9.054674944
208.5,12.69409792,8.954085376
208.6,12.6980481,8.853859533
208.7,12.70181315,8.553068954
208.8,12.70580019,8.552855962
208.9,12.70917202,8.552674099
209,12.71270195,8.552497152
209.1,12.71630643,8.55209984
209.2,12.72036639,8.551550157
209.3,12.72415109,8.362077389
209.4,12.72759337,8.172430131
209.5,12.73157059,8.077130957
209.6,12.73608028,8.074953523
209.7,12.74010747,7.983907635
209.8,12.7438635,7.628609126
209.9,12.74719764,7.623537459
210,12.75002143,6.80268759
,,
,,10.12829471