﻿<?xml version="1.0" encoding="utf-8"?>
<petrinet name="subPage">
  <page id="page0" name="page0">
    <place id="id0" name="p0" initialmarking="1" portdir="None" capacity="0">
      <location x="122" y="74" />
      <size width="50" height="30" />
    </place>
    <place id="id3" name="p3" initialmarking="0" portdir="None" capacity="0">
      <location x="453" y="277" />
      <size width="50" height="30" />
    </place>
    <transition id="id4" name="t4" portdir="None">
      <location x="295" y="170" />
      <size width="50" height="20" />
    </transition>
    <subpage id="id1" original="page1" name="page1">
      <location x="433" y="82" />
      <size width="50" height="70" />
      <port id="id1.port0" name="t0" originalid="id0" type="transition" portdir="None">
        <location x="393" y="79" />
        <size width="30" height="30" />
      </port>
      <port id="id1.port1" name="t1" originalid="id1" type="transition" portdir="None">
        <location x="483" y="80" />
        <size width="30" height="30" />
      </port>
    </subpage>
    <subpage id="id2" original="page2" name="page2">
      <location x="192" y="273" />
      <size width="50" height="70" />
      <port id="id2.port0" name="t0" originalid="id0" type="transition" portdir="None">
        <location x="113" y="285" />
        <size width="30" height="30" />
      </port>
      <port id="id2.port1" name="t1" originalid="id1" type="transition" portdir="None">
        <location x="260" y="286" />
        <size width="30" height="30" />
      </port>
    </subpage>
    <arc id="id7" source="id0" target="id1.port0" delay="0" weight="1">
      <points>
        <point x="146" y="74" />
        <point x="378" y="74" />
      </points>
    </arc>
    <arc id="id9" source="id0" target="id2.port0" delay="0" weight="1">
      <points>
        <point x="121" y="88" />
        <point x="121" y="270" />
      </points>
    </arc>
    <arc id="id6" source="id4" target="id0" delay="0" weight="1">
      <points>
        <point x="270" y="160" />
        <point x="143" y="81" />
      </points>
    </arc>
    <arc id="id8" source="id3" target="id4" delay="0" weight="1">
      <points>
        <point x="433" y="269" />
        <point x="320" y="180" />
      </points>
    </arc>
    <arc id="id10" source="id2.port1" target="id3" delay="0" weight="1">
      <points>
        <point x="275" y="277" />
        <point x="428" y="277" />
      </points>
    </arc>
    <arc id="id5" source="id1.port1" target="id3" delay="0" weight="1">
      <points>
        <point x="468" y="95" />
        <point x="455" y="263" />
      </points>
    </arc>
  </page>
  <page id="page1" name="page1">
    <place id="id2" name="p2" initialmarking="0" portdir="None" capacity="0">
      <location x="246" y="197" />
      <size width="50" height="30" />
    </place>
    <transition id="id0" name="t0" portdir="In">
      <location x="102" y="199" />
      <size width="50" height="20" />
    </transition>
    <transition id="id1" name="t1" portdir="Out">
      <location x="433" y="203" />
      <size width="50" height="20" />
    </transition>
    <arc id="id3" source="id0" target="id2" delay="0" weight="1">
      <points>
        <point x="0" y="0" />
        <point x="0" y="0" />
      </points>
    </arc>
    <arc id="id4" source="id2" target="id1" delay="0" weight="1">
      <points>
        <point x="0" y="0" />
        <point x="0" y="0" />
      </points>
    </arc>
  </page>
  <page id="page2" name="page2">
    <place id="id2" name="p2" initialmarking="0" portdir="None" capacity="0">
      <location x="265" y="197" />
      <size width="50" height="30" />
    </place>
    <transition id="id0" name="t0" portdir="In">
      <location x="77" y="193" />
      <size width="50" height="20" />
    </transition>
    <transition id="id1" name="t1" portdir="Out">
      <location x="447" y="202" />
      <size width="50" height="20" />
    </transition>
    <arc id="id3" source="id0" target="id2" delay="0" weight="1">
      <points>
        <point x="102" y="197" />
        <point x="240" y="197" />
      </points>
    </arc>
    <arc id="id4" source="id2" target="id1" delay="0" weight="1">
      <points>
        <point x="289" y="197" />
        <point x="422" y="197" />
      </points>
    </arc>
  </page>
</petrinet>