﻿<?xml version="1.0" encoding="utf-8"?>
<petrinet name="Untitled">
  <page id="page0" name="page0">
    <place id="id0" name="p1" initialmarking="0" portdir="None" capacity="0">
      <location x="97" y="119" />
      <size width="50" height="30" />
    </place>
    <place id="id6" name="p2" initialmarking="0" portdir="None" capacity="0">
      <location x="182" y="203" />
      <size width="50" height="30" />
    </place>
    <place id="id7" name="p3" initialmarking="0" portdir="None" capacity="0">
      <location x="362" y="196" />
      <size width="50" height="30" />
    </place>
    <place id="id8" name="p4" initialmarking="1" portdir="None" capacity="0">
      <location x="266" y="398" />
      <size width="50" height="30" />
    </place>
    <place id="id9" name="p5" initialmarking="0" portdir="None" capacity="0">
      <location x="470" y="121" />
      <size width="50" height="30" />
    </place>
    <transition id="id1" name="t1" portdir="None">
      <location x="94" y="292" />
      <size width="50" height="20" />
    </transition>
    <transition id="id2" name="t2" portdir="None">
      <location x="278" y="77" />
      <size width="50" height="20" />
    </transition>
    <transition id="id3" name="t3" portdir="None">
      <location x="206" y="301" />
      <size width="50" height="20" />
    </transition>
    <transition id="id4" name="t4" portdir="None">
      <location x="316" y="303" />
      <size width="50" height="20" />
    </transition>
    <transition id="id5" name="t5" portdir="None">
      <location x="429" y="298" />
      <size width="50" height="20" />
    </transition>
    <arc id="id10" source="id0" target="id2" delay="0" weight="1">
      <points>
        <point x="121" y="116" />
        <point x="253" y="87" />
      </points>
    </arc>
    <arc id="id11" source="id2" target="id6" delay="0" weight="1">
      <points>
        <point x="253" y="87" />
        <point x="195" y="191" />
      </points>
    </arc>
    <arc id="id12" source="id2" target="id7" delay="0" weight="1">
      <points>
        <point x="303" y="87" />
        <point x="351" y="183" />
      </points>
    </arc>
    <arc id="id13" source="id2" target="id9" delay="0" weight="1">
      <points>
        <point x="303" y="87" />
        <point x="446" y="119" />
      </points>
    </arc>
    <arc id="id14" source="id1" target="id0" delay="0" weight="1">
      <points>
        <point x="97" y="282" />
        <point x="97" y="134" />
      </points>
    </arc>
    <arc id="id15" source="id9" target="id5" delay="0" weight="1">
      <points>
        <point x="465" y="135" />
        <point x="454" y="288" />
      </points>
    </arc>
    <arc id="id16" source="id7" target="id4" delay="0" weight="1">
      <points>
        <point x="353" y="209" />
        <point x="341" y="293" />
      </points>
    </arc>
    <arc id="id17" source="id6" target="id3" delay="0" weight="1">
      <points>
        <point x="187" y="217" />
        <point x="187" y="291" />
      </points>
    </arc>
    <arc id="id18" source="id3" target="id8" delay="0" weight="1">
      <points>
        <point x="231" y="311" />
        <point x="257" y="385" />
      </points>
    </arc>
    <arc id="id19" source="id4" target="id8" delay="0" weight="1">
      <points>
        <point x="291" y="313" />
        <point x="273" y="384" />
      </points>
    </arc>
    <arc id="id20" source="id8" target="id1" delay="0" weight="1">
      <points>
        <point x="242" y="398" />
        <point x="125" y="392" />
        <point x="119" y="302" />
      </points>
    </arc>
    <arc id="id21" source="id8" target="id5" delay="0" weight="1">
      <points>
        <point x="290" y="398" />
        <point x="394" y="392" />
        <point x="404" y="308" />
      </points>
    </arc>
  </page>
</petrinet>