﻿<?xml version="1.0" encoding="utf-8"?>
<petrinet name="Untitled">
  <page id="page0" name="a">
    <place id="id0" name="p1" initialmarking="1" portdir="None" capacity="0">
      <location x="48" y="170" />
      <size width="50" height="30" />
    </place>
    <place id="id10" name="p2" initialmarking="0" portdir="None" capacity="0">
      <location x="224" y="76" />
      <size width="50" height="30" />
    </place>
    <place id="id11" name="p3" initialmarking="0" portdir="None" capacity="0">
      <location x="225" y="140" />
      <size width="50" height="30" />
    </place>
    <place id="id12" name="p4" initialmarking="0" portdir="None" capacity="0">
      <location x="229" y="201" />
      <size width="50" height="30" />
    </place>
    <place id="id13" name="p5" initialmarking="0" portdir="None" capacity="0">
      <location x="228" y="271" />
      <size width="50" height="30" />
    </place>
    <place id="id14" name="p6" initialmarking="0" portdir="None" capacity="0">
      <location x="399" y="126" />
      <size width="50" height="30" />
    </place>
    <place id="id15" name="p7" initialmarking="0" portdir="None" capacity="0">
      <location x="413" y="203" />
      <size width="50" height="30" />
    </place>
    <transition id="id1" name="t1" portdir="None">
      <location x="140" y="105" />
      <size width="50" height="20" />
    </transition>
    <transition id="id2" name="t2" portdir="None">
      <location x="136" y="237" />
      <size width="50" height="20" />
    </transition>
    <transition id="id3" name="t3" portdir="None">
      <location x="312" y="75" />
      <size width="50" height="20" />
    </transition>
    <transition id="id4" name="t4" portdir="None">
      <location x="316" y="146" />
      <size width="50" height="20" />
    </transition>
    <transition id="id5" name="t5" portdir="None">
      <location x="316" y="207" />
      <size width="50" height="20" />
    </transition>
    <transition id="id6" name="t6" portdir="None">
      <location x="315" y="268" />
      <size width="50" height="20" />
    </transition>
    <transition id="id7" name="t7" portdir="None">
      <location x="478" y="165" />
      <size width="50" height="20" />
    </transition>
    <arc id="id8" source="id0" target="id1" delay="0" weight="1">
      <points>
        <point x="68" y="162" />
        <point x="115" y="115" />
      </points>
    </arc>
    <arc id="id9" source="id0" target="id2" delay="0" weight="1">
      <points>
        <point x="67" y="179" />
        <point x="111" y="227" />
      </points>
    </arc>
    <arc id="id16" source="id1" target="id10" delay="0" weight="1">
      <points>
        <point x="165" y="95" />
        <point x="201" y="80" />
      </points>
    </arc>
    <arc id="id17" source="id1" target="id11" delay="0" weight="1">
      <points>
        <point x="165" y="115" />
        <point x="202" y="135" />
      </points>
    </arc>
    <arc id="id18" source="id2" target="id12" delay="0" weight="1">
      <points>
        <point x="161" y="227" />
        <point x="206" y="206" />
      </points>
    </arc>
    <arc id="id19" source="id2" target="id13" delay="0" weight="1">
      <points>
        <point x="161" y="247" />
        <point x="205" y="266" />
      </points>
    </arc>
    <arc id="id20" source="id10" target="id3" delay="0" weight="1">
      <points>
        <point x="248" y="76" />
        <point x="287" y="76" />
      </points>
    </arc>
    <arc id="id21" source="id11" target="id4" delay="0" weight="1">
      <points>
        <point x="249" y="140" />
        <point x="291" y="140" />
      </points>
    </arc>
    <arc id="id22" source="id12" target="id5" delay="0" weight="1">
      <points>
        <point x="253" y="202" />
        <point x="291" y="202" />
      </points>
    </arc>
    <arc id="id23" source="id13" target="id6" delay="0" weight="1">
      <points>
        <point x="252" y="271" />
        <point x="290" y="271" />
      </points>
    </arc>
    <arc id="id24" source="id3" target="id14" delay="0" weight="1">
      <points>
        <point x="337" y="85" />
        <point x="379" y="118" />
      </points>
    </arc>
    <arc id="id25" source="id5" target="id14" delay="0" weight="1">
      <points>
        <point x="341" y="197" />
        <point x="384" y="137" />
      </points>
    </arc>
    <arc id="id26" source="id4" target="id15" delay="0" weight="1">
      <points>
        <point x="341" y="156" />
        <point x="393" y="195" />
      </points>
    </arc>
    <arc id="id27" source="id6" target="id15" delay="0" weight="1">
      <points>
        <point x="340" y="258" />
        <point x="394" y="212" />
      </points>
    </arc>
    <arc id="id28" source="id14" target="id7" delay="0" weight="1">
      <points>
        <point x="421" y="132" />
        <point x="453" y="155" />
      </points>
    </arc>
    <arc id="id29" source="id15" target="id7" delay="0" weight="1">
      <points>
        <point x="434" y="196" />
        <point x="453" y="175" />
      </points>
    </arc>
    <arc id="id30" source="id7" target="id0" delay="0" weight="1">
      <points>
        <point x="503" y="175" />
        <point x="521" y="180" />
        <point x="517" y="20" />
        <point x="88" y="26" />
        <point x="72" y="170" />
      </points>
    </arc>
  </page>
  <page id="page1" name="b">
    <place id="id0" name="p1" initialmarking="1" portdir="None" capacity="0">
      <location x="47" y="361" />
      <size width="50" height="30" />
    </place>
    <place id="id7" name="p4" initialmarking="0" portdir="None" capacity="0">
      <location x="228" y="392" />
      <size width="50" height="30" />
    </place>
    <place id="id8" name="p5" initialmarking="0" portdir="None" capacity="0">
      <location x="227" y="462" />
      <size width="50" height="30" />
    </place>
    <place id="id9" name="p6" initialmarking="0" portdir="None" capacity="0">
      <location x="398" y="317" />
      <size width="50" height="30" />
    </place>
    <place id="id10" name="p7" initialmarking="0" portdir="None" capacity="0">
      <location x="412" y="394" />
      <size width="50" height="30" />
    </place>
    <place id="id6" name="p1" initialmarking="1" portdir="None" capacity="0">
      <location x="50" y="170" />
      <size width="50" height="30" />
    </place>
    <place id="id14" name="p2" initialmarking="0" portdir="None" capacity="0">
      <location x="226" y="76" />
      <size width="50" height="30" />
    </place>
    <place id="id18" name="p3" initialmarking="0" portdir="None" capacity="0">
      <location x="227" y="140" />
      <size width="50" height="30" />
    </place>
    <place id="id22" name="p6" initialmarking="0" portdir="None" capacity="0">
      <location x="401" y="126" />
      <size width="50" height="30" />
    </place>
    <place id="id23" name="p7" initialmarking="0" portdir="None" capacity="0">
      <location x="415" y="203" />
      <size width="50" height="30" />
    </place>
    <transition id="id1" name="t2" portdir="None">
      <location x="135" y="428" />
      <size width="50" height="20" />
    </transition>
    <transition id="id3" name="t5" portdir="None">
      <location x="315" y="398" />
      <size width="50" height="20" />
    </transition>
    <transition id="id4" name="t6" portdir="None">
      <location x="314" y="459" />
      <size width="50" height="20" />
    </transition>
    <transition id="id5" name="t7" portdir="None">
      <location x="477" y="356" />
      <size width="50" height="20" />
    </transition>
    <transition id="id24" name="t1" portdir="None">
      <location x="142" y="105" />
      <size width="50" height="20" />
    </transition>
    <transition id="id25" name="t3" portdir="None">
      <location x="314" y="75" />
      <size width="50" height="20" />
    </transition>
    <transition id="id26" name="t4" portdir="None">
      <location x="318" y="146" />
      <size width="50" height="20" />
    </transition>
    <transition id="id27" name="t7" portdir="None">
      <location x="480" y="165" />
      <size width="50" height="20" />
    </transition>
    <arc id="id11" source="id0" target="id1" delay="0" weight="1">
      <points>
        <point x="66" y="370" />
        <point x="110" y="418" />
      </points>
    </arc>
    <arc id="id12" source="id1" target="id7" delay="0" weight="1">
      <points>
        <point x="160" y="418" />
        <point x="205" y="397" />
      </points>
    </arc>
    <arc id="id13" source="id1" target="id8" delay="0" weight="1">
      <points>
        <point x="160" y="438" />
        <point x="204" y="457" />
      </points>
    </arc>
    <arc id="id15" source="id7" target="id3" delay="0" weight="1">
      <points>
        <point x="252" y="393" />
        <point x="290" y="393" />
      </points>
    </arc>
    <arc id="id16" source="id8" target="id4" delay="0" weight="1">
      <points>
        <point x="251" y="462" />
        <point x="289" y="462" />
      </points>
    </arc>
    <arc id="id17" source="id3" target="id9" delay="0" weight="1">
      <points>
        <point x="340" y="388" />
        <point x="383" y="328" />
      </points>
    </arc>
    <arc id="id19" source="id4" target="id10" delay="0" weight="1">
      <points>
        <point x="339" y="449" />
        <point x="393" y="403" />
      </points>
    </arc>
    <arc id="id20" source="id9" target="id5" delay="0" weight="1">
      <points>
        <point x="420" y="323" />
        <point x="452" y="346" />
      </points>
    </arc>
    <arc id="id21" source="id10" target="id5" delay="0" weight="1">
      <points>
        <point x="433" y="387" />
        <point x="452" y="366" />
      </points>
    </arc>
    <arc id="id2" source="id5" target="id0" delay="0" weight="1">
      <points>
        <point x="493" y="346" />
        <point x="493" y="255" />
        <point x="67" y="256" />
        <point x="71" y="361" />
      </points>
    </arc>
    <arc id="id28" source="id6" target="id24" delay="0" weight="1">
      <points>
        <point x="70" y="162" />
        <point x="117" y="115" />
      </points>
    </arc>
    <arc id="id29" source="id24" target="id14" delay="0" weight="1">
      <points>
        <point x="167" y="95" />
        <point x="203" y="80" />
      </points>
    </arc>
    <arc id="id30" source="id24" target="id18" delay="0" weight="1">
      <points>
        <point x="167" y="115" />
        <point x="204" y="135" />
      </points>
    </arc>
    <arc id="id31" source="id14" target="id25" delay="0" weight="1">
      <points>
        <point x="250" y="76" />
        <point x="289" y="76" />
      </points>
    </arc>
    <arc id="id32" source="id18" target="id26" delay="0" weight="1">
      <points>
        <point x="251" y="140" />
        <point x="293" y="140" />
      </points>
    </arc>
    <arc id="id33" source="id25" target="id22" delay="0" weight="1">
      <points>
        <point x="339" y="85" />
        <point x="381" y="118" />
      </points>
    </arc>
    <arc id="id34" source="id26" target="id23" delay="0" weight="1">
      <points>
        <point x="343" y="156" />
        <point x="395" y="195" />
      </points>
    </arc>
    <arc id="id35" source="id22" target="id27" delay="0" weight="1">
      <points>
        <point x="423" y="132" />
        <point x="455" y="155" />
      </points>
    </arc>
    <arc id="id36" source="id23" target="id27" delay="0" weight="1">
      <points>
        <point x="436" y="196" />
        <point x="455" y="175" />
      </points>
    </arc>
    <arc id="id37" source="id27" target="id6" delay="0" weight="1">
      <points>
        <point x="479" y="155" />
        <point x="479" y="28" />
        <point x="56" y="32" />
        <point x="74" y="170" />
      </points>
    </arc>
  </page>
  <page id="page2" name="c">
    <place id="id0" name="p1" initialmarking="1" portdir="None" capacity="0">
      <location x="43" y="417" />
      <size width="50" height="30" />
    </place>
    <place id="id12" name="p7" initialmarking="0" portdir="None" capacity="0">
      <location x="408" y="450" />
      <size width="50" height="30" />
    </place>
    <place id="id9" name="p3" initialmarking="0" portdir="None" capacity="0">
      <location x="220" y="387" />
      <size width="50" height="30" />
    </place>
    <place id="id10" name="p5" initialmarking="0" portdir="None" capacity="0">
      <location x="223" y="514" />
      <size width="50" height="30" />
    </place>
    <place id="id5" name="p1" initialmarking="1" portdir="None" capacity="0">
      <location x="41" y="173" />
      <size width="50" height="30" />
    </place>
    <place id="id8" name="p2" initialmarking="0" portdir="None" capacity="0">
      <location x="217" y="79" />
      <size width="50" height="30" />
    </place>
    <place id="id11" name="p4" initialmarking="0" portdir="None" capacity="0">
      <location x="222" y="204" />
      <size width="50" height="30" />
    </place>
    <place id="id15" name="p6" initialmarking="0" portdir="None" capacity="0">
      <location x="392" y="129" />
      <size width="50" height="30" />
    </place>
    <transition id="id1" name="t1" portdir="None">
      <location x="135" y="352" />
      <size width="50" height="20" />
    </transition>
    <transition id="id2" name="t2" portdir="None">
      <location x="131" y="484" />
      <size width="50" height="20" />
    </transition>
    <transition id="id6" name="t6" portdir="None">
      <location x="310" y="515" />
      <size width="50" height="20" />
    </transition>
    <transition id="id7" name="t7" portdir="None">
      <location x="473" y="412" />
      <size width="50" height="20" />
    </transition>
    <transition id="id4" name="t4" portdir="None">
      <location x="311" y="393" />
      <size width="50" height="20" />
    </transition>
    <transition id="id18" name="t1" portdir="None">
      <location x="133" y="108" />
      <size width="50" height="20" />
    </transition>
    <transition id="id20" name="t2" portdir="None">
      <location x="129" y="240" />
      <size width="50" height="20" />
    </transition>
    <transition id="id21" name="t3" portdir="None">
      <location x="305" y="78" />
      <size width="50" height="20" />
    </transition>
    <transition id="id22" name="t5" portdir="None">
      <location x="309" y="210" />
      <size width="50" height="20" />
    </transition>
    <transition id="id25" name="t7" portdir="None">
      <location x="471" y="168" />
      <size width="50" height="20" />
    </transition>
    <arc id="id13" source="id0" target="id1" delay="0" weight="1">
      <points>
        <point x="63" y="409" />
        <point x="110" y="362" />
      </points>
    </arc>
    <arc id="id14" source="id0" target="id2" delay="0" weight="1">
      <points>
        <point x="62" y="426" />
        <point x="106" y="474" />
      </points>
    </arc>
    <arc id="id24" source="id6" target="id12" delay="0" weight="1">
      <points>
        <point x="335" y="505" />
        <point x="389" y="459" />
      </points>
    </arc>
    <arc id="id26" source="id12" target="id7" delay="0" weight="1">
      <points>
        <point x="429" y="443" />
        <point x="448" y="422" />
      </points>
    </arc>
    <arc id="id27" source="id7" target="id0" delay="0" weight="1">
      <points>
        <point x="498" y="422" />
        <point x="514" y="426" />
        <point x="510" y="266" />
        <point x="81" y="272" />
        <point x="67" y="417" />
      </points>
    </arc>
    <arc id="id23" source="id4" target="id12" delay="0" weight="1">
      <points>
        <point x="336" y="403" />
        <point x="388" y="442" />
      </points>
    </arc>
    <arc id="id19" source="id9" target="id4" delay="0" weight="1">
      <points>
        <point x="244" y="387" />
        <point x="286" y="387" />
      </points>
    </arc>
    <arc id="id16" source="id1" target="id9" delay="0" weight="1">
      <points>
        <point x="160" y="362" />
        <point x="197" y="382" />
      </points>
    </arc>
    <arc id="id17" source="id2" target="id10" delay="0" weight="1">
      <points>
        <point x="156" y="494" />
        <point x="200" y="510" />
      </points>
    </arc>
    <arc id="id3" source="id10" target="id6" delay="0" weight="1">
      <points>
        <point x="247" y="514" />
        <point x="285" y="514" />
      </points>
    </arc>
    <arc id="id28" source="id5" target="id18" delay="0" weight="1">
      <points>
        <point x="61" y="165" />
        <point x="108" y="118" />
      </points>
    </arc>
    <arc id="id29" source="id5" target="id20" delay="0" weight="1">
      <points>
        <point x="60" y="182" />
        <point x="104" y="230" />
      </points>
    </arc>
    <arc id="id30" source="id18" target="id8" delay="0" weight="1">
      <points>
        <point x="158" y="98" />
        <point x="194" y="83" />
      </points>
    </arc>
    <arc id="id31" source="id20" target="id11" delay="0" weight="1">
      <points>
        <point x="154" y="230" />
        <point x="199" y="209" />
      </points>
    </arc>
    <arc id="id32" source="id8" target="id21" delay="0" weight="1">
      <points>
        <point x="241" y="79" />
        <point x="280" y="79" />
      </points>
    </arc>
    <arc id="id33" source="id11" target="id22" delay="0" weight="1">
      <points>
        <point x="246" y="205" />
        <point x="284" y="205" />
      </points>
    </arc>
    <arc id="id34" source="id21" target="id15" delay="0" weight="1">
      <points>
        <point x="330" y="88" />
        <point x="372" y="121" />
      </points>
    </arc>
    <arc id="id35" source="id22" target="id15" delay="0" weight="1">
      <points>
        <point x="334" y="200" />
        <point x="377" y="140" />
      </points>
    </arc>
    <arc id="id36" source="id15" target="id25" delay="0" weight="1">
      <points>
        <point x="414" y="135" />
        <point x="446" y="158" />
      </points>
    </arc>
    <arc id="id37" source="id25" target="id5" delay="0" weight="1">
      <points>
        <point x="494" y="163" />
        <point x="494" y="163" />
        <point x="490" y="3" />
        <point x="61" y="9" />
        <point x="65" y="173" />
      </points>
    </arc>
  </page>
</petrinet>