﻿<?xml version="1.0" encoding="utf-8"?>
<petrinet name="Untitled">
  <page id="page0" name="page0">
    <place id="id0" name="p0" initialmarking="2" portdir="None" capacity="0">
      <location x="550" y="330" />
      <size width="50" height="30" />
    </place>
    <transition id="id1" name="t1" portdir="None">
      <location x="335" y="331" />
      <size width="50" height="20" />
    </transition>
    <transition id="id2" name="t2" portdir="None">
      <location x="765" y="329" />
      <size width="50" height="20" />
    </transition>
    <arc id="id3" source="id0" target="id1" delay="3" weight="1">
      <points>
        <point x="531" y="339" />
        <point x="433" y="422" />
        <point x="360" y="339" />
      </points>
    </arc>
    <arc id="id4" source="id1" target="id0" delay="0" weight="1">
      <points>
        <point x="360" y="321" />
        <point x="429" y="232" />
        <point x="526" y="330" />
      </points>
    </arc>
    <arc id="id5" source="id0" target="id2" delay="0" weight="1">
      <points>
        <point x="568" y="340" />
        <point x="660" y="431" />
        <point x="740" y="339" />
      </points>
    </arc>
    <arc id="id6" source="id2" target="id0" delay="7" weight="1">
      <points>
        <point x="740" y="319" />
        <point x="666" y="225" />
        <point x="574" y="330" />
      </points>
    </arc>
  </page>
</petrinet>