﻿<?xml version="1.0" encoding="utf-8"?>
<petrinet name="Untitled">
  <page id="page0" name="page0">
    <place id="id0" name="p0" initialmarking="1" portdir="None" capacity="0">
      <location x="425" y="429" />
      <size width="50" height="30" />
    </place>
    <place id="id3" name="p3" initialmarking="0" portdir="None" capacity="0">
      <location x="206" y="168" />
      <size width="50" height="30" />
    </place>
    <place id="id4" name="p4" initialmarking="0" portdir="None" capacity="0">
      <location x="209" y="259" />
      <size width="50" height="30" />
    </place>
    <place id="id15" name="p15" initialmarking="0" portdir="None" capacity="0">
      <location x="413" y="121" />
      <size width="50" height="30" />
    </place>
    <place id="id16" name="p16" initialmarking="0" portdir="None" capacity="0">
      <location x="411" y="196" />
      <size width="50" height="30" />
    </place>
    <place id="id19" name="p19" initialmarking="0" portdir="None" capacity="0">
      <location x="411" y="253" />
      <size width="50" height="30" />
    </place>
    <place id="id20" name="p20" initialmarking="0" portdir="None" capacity="0">
      <location x="411" y="312" />
      <size width="50" height="30" />
    </place>
    <place id="id35" name="p35" initialmarking="0" portdir="None" capacity="0">
      <location x="673" y="227" />
      <size width="50" height="30" />
    </place>
    <transition id="id1" name="t1" portdir="None">
      <location x="67" y="242" />
      <size width="50" height="20" />
    </transition>
    <transition id="id7" name="t7" portdir="None">
      <location x="311" y="126" />
      <size width="50" height="20" />
    </transition>
    <transition id="id8" name="t8" portdir="None">
      <location x="312" y="190" />
      <size width="50" height="20" />
    </transition>
    <transition id="id9" name="t9" portdir="None">
      <location x="310" y="250" />
      <size width="50" height="20" />
    </transition>
    <transition id="id10" name="t10" portdir="None">
      <location x="312" y="309" />
      <size width="50" height="20" />
    </transition>
    <transition id="id23" name="t23" portdir="None">
      <location x="529" y="123" />
      <size width="50" height="20" />
    </transition>
    <transition id="id24" name="t24" portdir="None">
      <location x="520" y="255" />
      <size width="50" height="20" />
    </transition>
    <transition id="id25" name="t25" portdir="None">
      <location x="537" y="193" />
      <size width="50" height="20" />
    </transition>
    <transition id="id26" name="t26" portdir="None">
      <location x="519" y="319" />
      <size width="50" height="20" />
    </transition>
    <transition id="id40" name="t40" portdir="None">
      <location x="642" y="439" />
      <size width="50" height="20" />
    </transition>
    <arc id="id2" source="id0" target="id1" delay="0" weight="1">
      <points>
        <point x="403" y="423" />
        <point x="92" y="252" />
      </points>
    </arc>
    <arc id="id5" source="id1" target="id3" delay="0" weight="1">
      <points>
        <point x="92" y="232" />
        <point x="185" y="175" />
      </points>
    </arc>
    <arc id="id6" source="id1" target="id4" delay="0" weight="1">
      <points>
        <point x="92" y="252" />
        <point x="185" y="259" />
      </points>
    </arc>
    <arc id="id11" source="id3" target="id7" delay="0" weight="1">
      <points>
        <point x="229" y="163" />
        <point x="286" y="136" />
      </points>
    </arc>
    <arc id="id12" source="id3" target="id8" delay="0" weight="1">
      <points>
        <point x="230" y="171" />
        <point x="287" y="180" />
      </points>
    </arc>
    <arc id="id13" source="id4" target="id9" delay="0" weight="1">
      <points>
        <point x="233" y="258" />
        <point x="285" y="258" />
      </points>
    </arc>
    <arc id="id14" source="id4" target="id10" delay="0" weight="1">
      <points>
        <point x="231" y="265" />
        <point x="287" y="299" />
      </points>
    </arc>
    <arc id="id17" source="id7" target="id15" delay="0" weight="1">
      <points>
        <point x="336" y="121" />
        <point x="388" y="121" />
      </points>
    </arc>
    <arc id="id18" source="id8" target="id16" delay="0" weight="1">
      <points>
        <point x="337" y="196" />
        <point x="386" y="196" />
      </points>
    </arc>
    <arc id="id21" source="id9" target="id19" delay="0" weight="1">
      <points>
        <point x="335" y="253" />
        <point x="386" y="253" />
      </points>
    </arc>
    <arc id="id22" source="id10" target="id20" delay="0" weight="1">
      <points>
        <point x="337" y="312" />
        <point x="386" y="312" />
      </points>
    </arc>
    <arc id="id27" source="id15" target="id23" delay="0" weight="1">
      <points>
        <point x="437" y="121" />
        <point x="504" y="121" />
      </points>
    </arc>
    <arc id="id28" source="id19" target="id23" delay="0" weight="1">
      <points>
        <point x="427" y="242" />
        <point x="504" y="133" />
      </points>
    </arc>
    <arc id="id29" source="id15" target="id25" delay="0" weight="1">
      <points>
        <point x="434" y="128" />
        <point x="512" y="183" />
      </points>
    </arc>
    <arc id="id30" source="id20" target="id25" delay="0" weight="1">
      <points>
        <point x="429" y="302" />
        <point x="512" y="203" />
      </points>
    </arc>
    <arc id="id31" source="id16" target="id24" delay="0" weight="1">
      <points>
        <point x="432" y="203" />
        <point x="495" y="245" />
      </points>
    </arc>
    <arc id="id32" source="id19" target="id24" delay="0" weight="1">
      <points>
        <point x="435" y="253" />
        <point x="495" y="253" />
      </points>
    </arc>
    <arc id="id33" source="id16" target="id26" delay="0" weight="1">
      <points>
        <point x="427" y="207" />
        <point x="494" y="309" />
      </points>
    </arc>
    <arc id="id34" source="id20" target="id26" delay="0" weight="1">
      <points>
        <point x="435" y="312" />
        <point x="494" y="312" />
      </points>
    </arc>
    <arc id="id36" source="id23" target="id35" delay="0" weight="1">
      <points>
        <point x="554" y="133" />
        <point x="654" y="218" />
      </points>
    </arc>
    <arc id="id37" source="id25" target="id35" delay="0" weight="1">
      <points>
        <point x="562" y="203" />
        <point x="649" y="224" />
      </points>
    </arc>
    <arc id="id38" source="id24" target="id35" delay="0" weight="1">
      <points>
        <point x="545" y="245" />
        <point x="649" y="229" />
      </points>
    </arc>
    <arc id="id39" source="id26" target="id35" delay="0" weight="1">
      <points>
        <point x="544" y="309" />
        <point x="652" y="235" />
      </points>
    </arc>
    <arc id="id41" source="id35" target="id40" delay="0" weight="1">
      <points>
        <point x="670" y="241" />
        <point x="667" y="429" />
      </points>
    </arc>
    <arc id="id42" source="id40" target="id0" delay="0" weight="1">
      <points>
        <point x="617" y="429" />
        <point x="450" y="429" />
      </points>
    </arc>
  </page>
  <page id="page1" name="page1">
    <place id="id0" name="p1" initialmarking="1" portdir="None" capacity="0">
      <location x="324" y="111" />
      <size width="50" height="30" />
    </place>
    <place id="id2" name="p2" initialmarking="0" portdir="None" capacity="0">
      <location x="162" y="249" />
      <size width="50" height="30" />
    </place>
    <place id="id5" name="p3" initialmarking="0" portdir="None" capacity="0">
      <location x="329" y="359" />
      <size width="50" height="30" />
    </place>
    <transition id="id1" name="t3" portdir="None">
      <location x="156" y="108" />
      <size width="50" height="20" />
    </transition>
    <transition id="id3" name="t2" portdir="None">
      <location x="166" y="367" />
      <size width="50" height="20" />
    </transition>
    <transition id="id4" name="t1" portdir="None">
      <location x="324" y="232" />
      <size width="50" height="20" />
    </transition>
    <transition id="id13" name="t0" portdir="None">
      <location x="477" y="240" />
      <size width="50" height="20" />
    </transition>
    <arc id="id6" source="id0" target="id1" delay="0" weight="1">
      <points>
        <point x="300" y="111" />
        <point x="181" y="111" />
      </points>
    </arc>
    <arc id="id7" source="id1" target="id0" delay="0" weight="1">
      <points>
        <point x="181" y="111" />
        <point x="299" y="111" />
      </points>
    </arc>
    <arc id="id8" source="id1" target="id2" delay="0" weight="1">
      <points>
        <point x="162" y="118" />
        <point x="162" y="234" />
      </points>
    </arc>
    <arc id="id9" source="id2" target="id3" delay="0" weight="1">
      <points>
        <point x="162" y="263" />
        <point x="162" y="357" />
      </points>
    </arc>
    <arc id="id10" source="id0" target="id4" delay="0" weight="1">
      <points>
        <point x="324" y="126" />
        <point x="324" y="222" />
      </points>
    </arc>
    <arc id="id11" source="id4" target="id5" delay="0" weight="1">
      <points>
        <point x="329" y="242" />
        <point x="329" y="344" />
      </points>
    </arc>
    <arc id="id12" source="id5" target="id3" delay="0" weight="1">
      <points>
        <point x="305" y="359" />
        <point x="191" y="359" />
      </points>
    </arc>
    <arc id="id14" source="id0" target="id13" delay="0" weight="1">
      <points>
        <point x="343" y="120" />
        <point x="452" y="230" />
      </points>
    </arc>
    <arc id="id15" source="id5" target="id13" delay="0" weight="1">
      <points>
        <point x="348" y="350" />
        <point x="452" y="250" />
      </points>
    </arc>
    <arc id="id16" source="id3" target="id5" delay="0" weight="1">
      <points>
        <point x="191" y="359" />
        <point x="304" y="359" />
      </points>
    </arc>
  </page>
  <page id="page2" name="page2">
    <place id="id0" name="p0" initialmarking="1" portdir="None" capacity="0">
      <location x="294" y="235" />
      <size width="50" height="30" />
    </place>
    <place id="id1" name="p1" initialmarking="0" portdir="None" capacity="0">
      <location x="295" y="398" />
      <size width="50" height="30" />
    </place>
    <place id="id10" name="p10" initialmarking="0" portdir="None" capacity="0">
      <location x="297" y="73" />
      <size width="50" height="30" />
    </place>
    <place id="id15" name="p15" initialmarking="2" portdir="None" capacity="0">
      <location x="601" y="248" />
      <size width="50" height="30" />
    </place>
    <place id="id18" name="p18" initialmarking="0" portdir="None" capacity="0">
      <location x="511" y="240" />
      <size width="50" height="30" />
    </place>
    <transition id="id2" name="t2" portdir="None">
      <location x="402" y="308" />
      <size width="50" height="20" />
    </transition>
    <transition id="id3" name="t3" portdir="None">
      <location x="181" y="311" />
      <size width="50" height="20" />
    </transition>
    <transition id="id8" name="t8" portdir="None">
      <location x="175" y="152" />
      <size width="50" height="20" />
    </transition>
    <transition id="id9" name="t9" portdir="None">
      <location x="416" y="164" />
      <size width="50" height="20" />
    </transition>
    <arc id="id4" source="id0" target="id2" delay="0" weight="1">
      <points>
        <point x="314" y="243" />
        <point x="377" y="298" />
      </points>
    </arc>
    <arc id="id5" source="id2" target="id1" delay="0" weight="1">
      <points>
        <point x="377" y="318" />
        <point x="312" y="388" />
      </points>
    </arc>
    <arc id="id6" source="id1" target="id3" delay="0" weight="1">
      <points>
        <point x="276" y="389" />
        <point x="206" y="321" />
      </points>
    </arc>
    <arc id="id7" source="id3" target="id0" delay="0" weight="1">
      <points>
        <point x="206" y="301" />
        <point x="274" y="244" />
      </points>
    </arc>
    <arc id="id11" source="id0" target="id9" delay="0" weight="1">
      <points>
        <point x="315" y="228" />
        <point x="391" y="174" />
      </points>
    </arc>
    <arc id="id12" source="id9" target="id10" delay="0" weight="1">
      <points>
        <point x="391" y="154" />
        <point x="315" y="82" />
      </points>
    </arc>
    <arc id="id13" source="id10" target="id8" delay="0" weight="1">
      <points>
        <point x="277" y="81" />
        <point x="200" y="142" />
      </points>
    </arc>
    <arc id="id14" source="id8" target="id0" delay="0" weight="1">
      <points>
        <point x="200" y="162" />
        <point x="275" y="226" />
      </points>
    </arc>
    <arc id="id16" source="id15" target="id2" delay="0" weight="1">
      <points>
        <point x="578" y="252" />
        <point x="427" y="298" />
      </points>
    </arc>
    <arc id="id17" source="id9" target="id15" delay="0" weight="1">
      <points>
        <point x="441" y="174" />
        <point x="579" y="242" />
      </points>
    </arc>
    <arc id="id19" source="id18" target="id9" delay="0" weight="1">
      <points>
        <point x="492" y="231" />
        <point x="441" y="174" />
      </points>
    </arc>
    <arc id="id20" source="id2" target="id18" delay="0" weight="1">
      <points>
        <point x="427" y="298" />
        <point x="491" y="248" />
      </points>
    </arc>
  </page>
</petrinet>