﻿<?xml version="1.0" encoding="utf-8"?>
<petrinet name="Untitled">
  <page id="page0" name="AND2">
    <place id="id0" name="L" initialmarking="1" portdir="None">
      <location x="444" y="509" />
      <size width="30" height="30" />
    </place>
    <place id="id1" name="IN1_L" initialmarking="0" portdir="In">
      <location x="167" y="512" />
      <size width="60" height="30" />
    </place>
    <place id="id4" name="input" initialmarking="0" portdir="None">
      <location x="404" y="328" />
      <size width="100" height="30" />
    </place>
    <place id="id5" name="IN1_H" initialmarking="0" portdir="In">
      <location x="163" y="400" />
      <size width="60" height="30" />
    </place>
    <place id="id6" name="IN0_L" initialmarking="0" portdir="In">
      <location x="154" y="247" />
      <size width="60" height="30" />
    </place>
    <place id="id7" name="IN0_H" initialmarking="0" portdir="In">
      <location x="155" y="144" />
      <size width="60" height="30" />
    </place>
    <place id="id9" name="L" initialmarking="0" portdir="None">
      <location x="715" y="446" />
      <size width="30" height="30" />
    </place>
    <place id="id10" name="H" initialmarking="0" portdir="None">
      <location x="718" y="214" />
      <size width="30" height="30" />
    </place>
    <place id="id11" name="H" initialmarking="0" portdir="None">
      <location x="447" y="411" />
      <size width="30" height="30" />
    </place>
    <place id="id12" name="L" initialmarking="1" portdir="None">
      <location x="448" y="250" />
      <size width="30" height="30" />
    </place>
    <place id="id13" name="H" initialmarking="0" portdir="None">
      <location x="451" y="145" />
      <size width="30" height="30" />
    </place>
    <transition id="id14" name="OUT_L" portdir="Out">
      <location x="800" y="411" />
      <size width="50" height="20" />
    </transition>
    <transition id="id15" name="LL" portdir="None">
      <location x="597" y="513" />
      <size width="15" height="30" />
    </transition>
    <transition id="id16" name="change1_L" portdir="None">
      <location x="265" y="483" />
      <size width="60" height="20" />
    </transition>
    <transition id="id17" name="sink1_L" portdir="None">
      <location x="264" y="545" />
      <size width="60" height="20" />
    </transition>
    <transition id="id18" name="sink0_H" portdir="None">
      <location x="264" y="117" />
      <size width="50" height="20" />
    </transition>
    <transition id="id19" name="change0_H" portdir="None">
      <location x="263" y="176" />
      <size width="60" height="20" />
    </transition>
    <transition id="id20" name="change0_L" portdir="None">
      <location x="264" y="223" />
      <size width="60" height="20" />
    </transition>
    <transition id="id21" name="sink0_L" portdir="None">
      <location x="263" y="282" />
      <size width="60" height="20" />
    </transition>
    <transition id="id22" name="sink1_H" portdir="None">
      <location x="264" y="375" />
      <size width="60" height="20" />
    </transition>
    <transition id="id23" name="change1_H" portdir="None">
      <location x="264" y="434" />
      <size width="60" height="20" />
    </transition>
    <transition id="id26" name="LH" portdir="None">
      <location x="597" y="370" />
      <size width="15" height="30" />
    </transition>
    <transition id="id27" name="HL" portdir="None">
      <location x="594" y="271" />
      <size width="15" height="30" />
    </transition>
    <transition id="id28" name="HH" portdir="None">
      <location x="593" y="143" />
      <size width="15" height="30" />
    </transition>
    <transition id="id29" name="OUT_H" portdir="Out">
      <location x="803" y="248" />
      <size width="50" height="20" />
    </transition>
    <transition id="id47" name="reduce" portdir="None">
      <location x="229" y="330" />
      <size width="50" height="20" />
    </transition>
    <arc id="id30" source="id0" target="id15" delay="0" weight="1">
      <points>
        <point x="458" y="509" />
        <point x="589" y="509" />
      </points>
    </arc>
    <arc id="id31" source="id15" target="id0" delay="0" weight="1">
      <points>
        <point x="589" y="509" />
        <point x="459" y="509" />
      </points>
    </arc>
    <arc id="id32" source="id16" target="id0" delay="5" weight="1">
      <points>
        <point x="295" y="493" />
        <point x="430" y="508" />
      </points>
    </arc>
    <arc id="id33" source="id1" target="id16" delay="0" weight="1">
      <points>
        <point x="195" y="508" />
        <point x="235" y="493" />
      </points>
    </arc>
    <arc id="id34" source="id17" target="id0" delay="5" weight="1">
      <points>
        <point x="294" y="535" />
        <point x="430" y="511" />
      </points>
    </arc>
    <arc id="id35" source="id0" target="id17" delay="0" weight="1">
      <points>
        <point x="430" y="511" />
        <point x="294" y="535" />
      </points>
    </arc>
    <arc id="id36" source="id1" target="id17" delay="0" weight="1">
      <points>
        <point x="195" y="516" />
        <point x="234" y="535" />
      </points>
    </arc>
    <arc id="id38" source="id0" target="id23" delay="0" weight="1">
      <points>
        <point x="431" y="504" />
        <point x="294" y="444" />
      </points>
    </arc>
    <arc id="id41" source="id27" target="id0" delay="0" weight="1">
      <points>
        <point x="586" y="286" />
        <point x="452" y="497" />
      </points>
    </arc>
    <arc id="id42" source="id0" target="id27" delay="0" weight="1">
      <points>
        <point x="451" y="497" />
        <point x="586" y="286" />
      </points>
    </arc>
    <arc id="id52" source="id4" target="id15" delay="0" weight="1">
      <points>
        <point x="440" y="338" />
        <point x="589" y="498" />
      </points>
    </arc>
    <arc id="id53" source="id4" target="id26" delay="0" weight="1">
      <points>
        <point x="452" y="331" />
        <point x="589" y="355" />
      </points>
    </arc>
    <arc id="id54" source="id4" target="id27" delay="0" weight="1">
      <points>
        <point x="451" y="324" />
        <point x="586" y="286" />
      </points>
    </arc>
    <arc id="id55" source="id4" target="id28" delay="0" weight="1">
      <points>
        <point x="439" y="318" />
        <point x="585" y="158" />
      </points>
    </arc>
    <arc id="id56" source="id19" target="id4" delay="1" weight="1">
      <points>
        <point x="293" y="186" />
        <point x="374" y="317" />
      </points>
    </arc>
    <arc id="id57" source="id20" target="id4" delay="1" weight="1">
      <points>
        <point x="294" y="233" />
        <point x="367" y="319" />
      </points>
    </arc>
    <arc id="id58" source="id23" target="id4" delay="1" weight="1">
      <points>
        <point x="294" y="424" />
        <point x="367" y="337" />
      </points>
    </arc>
    <arc id="id59" source="id16" target="id4" delay="1" weight="1">
      <points>
        <point x="295" y="473" />
        <point x="374" y="339" />
      </points>
    </arc>
    <arc id="id60" source="id5" target="id22" delay="0" weight="1">
      <points>
        <point x="192" y="397" />
        <point x="234" y="385" />
      </points>
    </arc>
    <arc id="id61" source="id5" target="id23" delay="0" weight="1">
      <points>
        <point x="191" y="404" />
        <point x="234" y="424" />
      </points>
    </arc>
    <arc id="id62" source="id6" target="id20" delay="0" weight="1">
      <points>
        <point x="183" y="244" />
        <point x="234" y="233" />
      </points>
    </arc>
    <arc id="id63" source="id6" target="id21" delay="0" weight="1">
      <points>
        <point x="182" y="251" />
        <point x="233" y="272" />
      </points>
    </arc>
    <arc id="id64" source="id7" target="id19" delay="0" weight="1">
      <points>
        <point x="183" y="148" />
        <point x="233" y="166" />
      </points>
    </arc>
    <arc id="id65" source="id7" target="id18" delay="0" weight="1">
      <points>
        <point x="184" y="141" />
        <point x="239" y="127" />
      </points>
    </arc>
    <arc id="id71" source="id9" target="id14" delay="0" weight="1">
      <points>
        <point x="728" y="441" />
        <point x="775" y="421" />
      </points>
    </arc>
    <arc id="id72" source="id15" target="id9" delay="45" weight="1">
      <points>
        <point x="604" y="498" />
        <point x="702" y="452" />
      </points>
    </arc>
    <arc id="id73" source="id26" target="id9" delay="45" weight="1">
      <points>
        <point x="604" y="385" />
        <point x="702" y="439" />
      </points>
    </arc>
    <arc id="id74" source="id27" target="id9" delay="45" weight="1">
      <points>
        <point x="601" y="286" />
        <point x="707" y="434" />
      </points>
    </arc>
    <arc id="id76" source="id10" target="id29" delay="0" weight="1">
      <points>
        <point x="731" y="219" />
        <point x="778" y="238" />
      </points>
    </arc>
    <arc id="id77" source="id28" target="id10" delay="45" weight="1">
      <points>
        <point x="600" y="158" />
        <point x="705" y="208" />
      </points>
    </arc>
    <arc id="id78" source="id11" target="id22" delay="0" weight="1">
      <points>
        <point x="433" y="409" />
        <point x="294" y="385" />
      </points>
    </arc>
    <arc id="id79" source="id11" target="id16" delay="0" weight="1">
      <points>
        <point x="434" y="416" />
        <point x="295" y="473" />
      </points>
    </arc>
    <arc id="id80" source="id11" target="id26" delay="0" weight="1">
      <points>
        <point x="461" y="408" />
        <point x="589" y="385" />
      </points>
    </arc>
    <arc id="id81" source="id11" target="id28" delay="0" weight="1">
      <points>
        <point x="454" y="398" />
        <point x="585" y="158" />
      </points>
    </arc>
    <arc id="id82" source="id22" target="id11" delay="5" weight="1">
      <points>
        <point x="294" y="385" />
        <point x="433" y="409" />
      </points>
    </arc>
    <arc id="id83" source="id23" target="id11" delay="5" weight="1">
      <points>
        <point x="294" y="424" />
        <point x="433" y="412" />
      </points>
    </arc>
    <arc id="id84" source="id26" target="id11" delay="0" weight="1">
      <points>
        <point x="589" y="385" />
        <point x="461" y="409" />
      </points>
    </arc>
    <arc id="id85" source="id28" target="id11" delay="0" weight="1">
      <points>
        <point x="585" y="158" />
        <point x="454" y="398" />
      </points>
    </arc>
    <arc id="id86" source="id12" target="id19" delay="0" weight="1">
      <points>
        <point x="435" y="245" />
        <point x="293" y="186" />
      </points>
    </arc>
    <arc id="id87" source="id12" target="id21" delay="0" weight="1">
      <points>
        <point x="434" y="252" />
        <point x="293" y="272" />
      </points>
    </arc>
    <arc id="id88" source="id12" target="id15" delay="0" weight="1">
      <points>
        <point x="455" y="263" />
        <point x="589" y="498" />
      </points>
    </arc>
    <arc id="id89" source="id12" target="id26" delay="0" weight="1">
      <points>
        <point x="459" y="259" />
        <point x="589" y="355" />
      </points>
    </arc>
    <arc id="id90" source="id20" target="id12" delay="5" weight="1">
      <points>
        <point x="294" y="233" />
        <point x="434" y="249" />
      </points>
    </arc>
    <arc id="id91" source="id21" target="id12" delay="5" weight="1">
      <points>
        <point x="293" y="272" />
        <point x="434" y="252" />
      </points>
    </arc>
    <arc id="id92" source="id15" target="id12" delay="0" weight="1">
      <points>
        <point x="589" y="498" />
        <point x="455" y="263" />
      </points>
    </arc>
    <arc id="id93" source="id26" target="id12" delay="0" weight="1">
      <points>
        <point x="589" y="355" />
        <point x="460" y="258" />
      </points>
    </arc>
    <arc id="id94" source="id13" target="id20" delay="0" weight="1">
      <points>
        <point x="438" y="150" />
        <point x="294" y="213" />
      </points>
    </arc>
    <arc id="id95" source="id13" target="id18" delay="0" weight="1">
      <points>
        <point x="437" y="143" />
        <point x="289" y="127" />
      </points>
    </arc>
    <arc id="id96" source="id13" target="id27" delay="0" weight="1">
      <points>
        <point x="462" y="154" />
        <point x="586" y="256" />
      </points>
    </arc>
    <arc id="id97" source="id13" target="id28" delay="0" weight="1">
      <points>
        <point x="465" y="145" />
        <point x="585" y="145" />
      </points>
    </arc>
    <arc id="id98" source="id19" target="id13" delay="5" weight="1">
      <points>
        <point x="293" y="166" />
        <point x="437" y="146" />
      </points>
    </arc>
    <arc id="id99" source="id18" target="id13" delay="5" weight="1">
      <points>
        <point x="289" y="127" />
        <point x="437" y="144" />
      </points>
    </arc>
    <arc id="id100" source="id27" target="id13" delay="0" weight="1">
      <points>
        <point x="586" y="256" />
        <point x="462" y="154" />
      </points>
    </arc>
    <arc id="id101" source="id28" target="id13" delay="0" weight="1">
      <points>
        <point x="585" y="145" />
        <point x="466" y="145" />
      </points>
    </arc>
    <arc id="id3" source="id18" target="id4" delay="1" weight="1">
      <points>
        <point x="289" y="127" />
        <point x="380" y="315" />
      </points>
    </arc>
    <arc id="id44" source="id21" target="id4" delay="1" weight="1">
      <points>
        <point x="293" y="292" />
        <point x="357" y="324" />
      </points>
    </arc>
    <arc id="id45" source="id22" target="id4" delay="1" weight="1">
      <points>
        <point x="294" y="365" />
        <point x="357" y="332" />
      </points>
    </arc>
    <arc id="id46" source="id17" target="id4" delay="1" weight="1">
      <points>
        <point x="294" y="535" />
        <point x="381" y="341" />
      </points>
    </arc>
    <arc id="id48" source="id4" target="id47" delay="0" weight="2">
      <points>
        <point x="355" y="328" />
        <point x="254" y="328" />
      </points>
    </arc>
    <arc id="id2" source="id47" target="id4" delay="0" weight="1">
      <points>
        <point x="254" y="328" />
        <point x="354" y="328" />
      </points>
    </arc>
  </page>
  <page id="page7" name="OR3">
    <place id="id0" name="L" initialmarking="1" portdir="None">
      <location x="342" y="411" />
      <size width="30" height="30" />
    </place>
    <place id="id1" name="IN1_L" initialmarking="0" portdir="In">
      <location x="114" y="410" />
      <size width="60" height="30" />
    </place>
    <place id="id3" name="input_changed" initialmarking="0" portdir="None">
      <location x="338" y="243" />
      <size width="100" height="30" />
    </place>
    <place id="id4" name="IN1_H" initialmarking="0" portdir="In">
      <location x="113" y="327" />
      <size width="60" height="30" />
    </place>
    <place id="id5" name="IN0_L" initialmarking="0" portdir="In">
      <location x="116" y="149" />
      <size width="60" height="30" />
    </place>
    <place id="id6" name="IN0_H" initialmarking="0" portdir="In">
      <location x="119" y="49" />
      <size width="60" height="30" />
    </place>
    <place id="id8" name="L" initialmarking="0" portdir="None">
      <location x="654" y="462" />
      <size width="30" height="30" />
    </place>
    <place id="id9" name="H" initialmarking="0" portdir="None">
      <location x="648" y="278" />
      <size width="30" height="30" />
    </place>
    <place id="id10" name="H" initialmarking="0" portdir="None">
      <location x="347" y="340" />
      <size width="30" height="30" />
    </place>
    <place id="id11" name="L" initialmarking="1" portdir="None">
      <location x="350" y="127" />
      <size width="30" height="30" />
    </place>
    <place id="id12" name="H" initialmarking="0" portdir="None">
      <location x="351" y="68" />
      <size width="30" height="30" />
    </place>
    <place id="id13" name="L" initialmarking="1" portdir="None">
      <location x="345" y="617" />
      <size width="30" height="30" />
    </place>
    <place id="id14" name="IN2_L" initialmarking="0" portdir="In">
      <location x="110" y="613" />
      <size width="60" height="30" />
    </place>
    <place id="id15" name="IN2_H" initialmarking="0" portdir="In">
      <location x="108" y="533" />
      <size width="60" height="30" />
    </place>
    <place id="id16" name="H" initialmarking="0" portdir="None">
      <location x="346" y="531" />
      <size width="30" height="30" />
    </place>
    <transition id="id17" name="OUT_L" portdir="Out">
      <location x="733" y="481" />
      <size width="50" height="20" />
    </transition>
    <transition id="id18" name="LHH" portdir="None">
      <location x="515" y="318" />
      <size width="15" height="40" />
    </transition>
    <transition id="id19" name="change1_L" portdir="None">
      <location x="239" y="434" />
      <size width="30" height="15" />
    </transition>
    <transition id="id20" name="sink1_L" portdir="None">
      <location x="239" y="399" />
      <size width="30" height="15" />
    </transition>
    <transition id="id21" name="sink0_H" portdir="None">
      <location x="239" y="31" />
      <size width="30" height="15" />
    </transition>
    <transition id="id22" name="change0_H" portdir="None">
      <location x="239" y="69" />
      <size width="30" height="15" />
    </transition>
    <transition id="id23" name="change0_L" portdir="None">
      <location x="239" y="166" />
      <size width="30" height="15" />
    </transition>
    <transition id="id24" name="sink0_L" portdir="None">
      <location x="238" y="125" />
      <size width="30" height="15" />
    </transition>
    <transition id="id25" name="sink1_H" portdir="None">
      <location x="240" y="310" />
      <size width="30" height="15" />
    </transition>
    <transition id="id26" name="change1_H" portdir="None">
      <location x="240" y="347" />
      <size width="30" height="15" />
    </transition>
    <transition id="id29" name="HLH" portdir="None">
      <location x="515" y="237" />
      <size width="15" height="40" />
    </transition>
    <transition id="id30" name="HHL" portdir="None">
      <location x="513" y="109" />
      <size width="15" height="40" />
    </transition>
    <transition id="id31" name="HHH" portdir="None">
      <location x="514" y="54" />
      <size width="15" height="40" />
    </transition>
    <transition id="id32" name="OUT_H" portdir="Out">
      <location x="738" y="302" />
      <size width="50" height="20" />
    </transition>
    <transition id="id33" name="LHL" portdir="None">
      <location x="513" y="481" />
      <size width="15" height="40" />
    </transition>
    <transition id="id34" name="change2_L" portdir="None">
      <location x="235" y="640" />
      <size width="30" height="15" />
    </transition>
    <transition id="id35" name="sink2_L" portdir="None">
      <location x="234" y="605" />
      <size width="30" height="15" />
    </transition>
    <transition id="id36" name="sink2_H" portdir="None">
      <location x="235" y="516" />
      <size width="30" height="15" />
    </transition>
    <transition id="id37" name="change2_H" portdir="None">
      <location x="235" y="553" />
      <size width="30" height="15" />
    </transition>
    <transition id="id38" name="HLL" portdir="None">
      <location x="513" y="400" />
      <size width="15" height="40" />
    </transition>
    <transition id="id39" name="LLL" portdir="None">
      <location x="515" y="646" />
      <size width="15" height="40" />
    </transition>
    <transition id="id40" name="LLH" portdir="None">
      <location x="514" y="561" />
      <size width="15" height="40" />
    </transition>
    <transition id="id49" name="reduce" portdir="None">
      <location x="166" y="252" />
      <size width="50" height="20" />
    </transition>
    <arc id="id41" source="id19" target="id0" delay="5" weight="1">
      <points>
        <point x="254" y="426" />
        <point x="328" y="413" />
      </points>
    </arc>
    <arc id="id42" source="id1" target="id19" delay="0" weight="1">
      <points>
        <point x="143" y="412" />
        <point x="224" y="426" />
      </points>
    </arc>
    <arc id="id43" source="id20" target="id0" delay="5" weight="1">
      <points>
        <point x="254" y="406" />
        <point x="328" y="411" />
      </points>
    </arc>
    <arc id="id44" source="id0" target="id20" delay="0" weight="1">
      <points>
        <point x="328" y="410" />
        <point x="254" y="406" />
      </points>
    </arc>
    <arc id="id45" source="id1" target="id20" delay="0" weight="1">
      <points>
        <point x="143" y="409" />
        <point x="224" y="406" />
      </points>
    </arc>
    <arc id="id47" source="id0" target="id26" delay="0" weight="1">
      <points>
        <point x="330" y="404" />
        <point x="255" y="354" />
      </points>
    </arc>
    <arc id="id51" source="id3" target="id18" delay="0" weight="1">
      <points>
        <point x="384" y="248" />
        <point x="507" y="298" />
      </points>
    </arc>
    <arc id="id52" source="id3" target="id29" delay="0" weight="1">
      <points>
        <point x="387" y="243" />
        <point x="507" y="243" />
      </points>
    </arc>
    <arc id="id53" source="id3" target="id30" delay="0" weight="1">
      <points>
        <point x="377" y="234" />
        <point x="505" y="129" />
      </points>
    </arc>
    <arc id="id54" source="id3" target="id31" delay="0" weight="1">
      <points>
        <point x="372" y="233" />
        <point x="506" y="74" />
      </points>
    </arc>
    <arc id="id55" source="id22" target="id3" delay="1" weight="1">
      <points>
        <point x="254" y="76" />
        <point x="316" y="230" />
      </points>
    </arc>
    <arc id="id56" source="id23" target="id3" delay="1" weight="1">
      <points>
        <point x="254" y="173" />
        <point x="300" y="234" />
      </points>
    </arc>
    <arc id="id57" source="id26" target="id3" delay="1" weight="1">
      <points>
        <point x="255" y="339" />
        <point x="306" y="254" />
      </points>
    </arc>
    <arc id="id58" source="id19" target="id3" delay="1" weight="1">
      <points>
        <point x="254" y="426" />
        <point x="318" y="256" />
      </points>
    </arc>
    <arc id="id59" source="id4" target="id25" delay="0" weight="1">
      <points>
        <point x="142" y="326" />
        <point x="225" y="317" />
      </points>
    </arc>
    <arc id="id60" source="id4" target="id26" delay="0" weight="1">
      <points>
        <point x="142" y="329" />
        <point x="225" y="339" />
      </points>
    </arc>
    <arc id="id61" source="id5" target="id23" delay="0" weight="1">
      <points>
        <point x="145" y="151" />
        <point x="224" y="158" />
      </points>
    </arc>
    <arc id="id62" source="id5" target="id24" delay="0" weight="1">
      <points>
        <point x="145" y="147" />
        <point x="223" y="132" />
      </points>
    </arc>
    <arc id="id63" source="id6" target="id22" delay="0" weight="1">
      <points>
        <point x="148" y="51" />
        <point x="224" y="61" />
      </points>
    </arc>
    <arc id="id64" source="id6" target="id21" delay="0" weight="1">
      <points>
        <point x="148" y="47" />
        <point x="224" y="38" />
      </points>
    </arc>
    <arc id="id70" source="id8" target="id17" delay="0" weight="1">
      <points>
        <point x="668" y="465" />
        <point x="708" y="471" />
      </points>
    </arc>
    <arc id="id72" source="id9" target="id32" delay="0" weight="1">
      <points>
        <point x="662" y="281" />
        <point x="713" y="292" />
      </points>
    </arc>
    <arc id="id73" source="id31" target="id9" delay="45" weight="1">
      <points>
        <point x="521" y="74" />
        <point x="641" y="266" />
      </points>
    </arc>
    <arc id="id74" source="id10" target="id25" delay="0" weight="1">
      <points>
        <point x="333" y="336" />
        <point x="255" y="317" />
      </points>
    </arc>
    <arc id="id75" source="id10" target="id19" delay="0" weight="1">
      <points>
        <point x="336" y="349" />
        <point x="254" y="426" />
      </points>
    </arc>
    <arc id="id76" source="id25" target="id10" delay="5" weight="1">
      <points>
        <point x="255" y="317" />
        <point x="333" y="337" />
      </points>
    </arc>
    <arc id="id77" source="id26" target="id10" delay="5" weight="1">
      <points>
        <point x="255" y="340" />
        <point x="332" y="340" />
      </points>
    </arc>
    <arc id="id78" source="id11" target="id22" delay="0" weight="1">
      <points>
        <point x="337" y="121" />
        <point x="254" y="76" />
      </points>
    </arc>
    <arc id="id79" source="id11" target="id24" delay="0" weight="1">
      <points>
        <point x="336" y="127" />
        <point x="253" y="127" />
      </points>
    </arc>
    <arc id="id80" source="id23" target="id11" delay="5" weight="1">
      <points>
        <point x="254" y="158" />
        <point x="336" y="131" />
      </points>
    </arc>
    <arc id="id81" source="id24" target="id11" delay="5" weight="1">
      <points>
        <point x="253" y="127" />
        <point x="335" y="127" />
      </points>
    </arc>
    <arc id="id82" source="id12" target="id23" delay="0" weight="1">
      <points>
        <point x="340" y="77" />
        <point x="254" y="158" />
      </points>
    </arc>
    <arc id="id83" source="id12" target="id21" delay="0" weight="1">
      <points>
        <point x="337" y="64" />
        <point x="254" y="38" />
      </points>
    </arc>
    <arc id="id84" source="id22" target="id12" delay="5" weight="1">
      <points>
        <point x="254" y="68" />
        <point x="336" y="68" />
      </points>
    </arc>
    <arc id="id85" source="id21" target="id12" delay="5" weight="1">
      <points>
        <point x="254" y="38" />
        <point x="337" y="64" />
      </points>
    </arc>
    <arc id="id86" source="id34" target="id13" delay="5" weight="1">
      <points>
        <point x="250" y="632" />
        <point x="331" y="619" />
      </points>
    </arc>
    <arc id="id87" source="id14" target="id34" delay="0" weight="1">
      <points>
        <point x="139" y="616" />
        <point x="220" y="632" />
      </points>
    </arc>
    <arc id="id88" source="id35" target="id13" delay="5" weight="1">
      <points>
        <point x="249" y="612" />
        <point x="331" y="617" />
      </points>
    </arc>
    <arc id="id89" source="id13" target="id35" delay="0" weight="1">
      <points>
        <point x="331" y="616" />
        <point x="249" y="612" />
      </points>
    </arc>
    <arc id="id90" source="id14" target="id35" delay="0" weight="1">
      <points>
        <point x="139" y="613" />
        <point x="219" y="612" />
      </points>
    </arc>
    <arc id="id91" source="id13" target="id37" delay="0" weight="1">
      <points>
        <point x="333" y="610" />
        <point x="250" y="560" />
      </points>
    </arc>
    <arc id="id92" source="id15" target="id36" delay="0" weight="1">
      <points>
        <point x="137" y="532" />
        <point x="220" y="523" />
      </points>
    </arc>
    <arc id="id93" source="id15" target="id37" delay="0" weight="1">
      <points>
        <point x="137" y="535" />
        <point x="220" y="545" />
      </points>
    </arc>
    <arc id="id94" source="id16" target="id36" delay="0" weight="1">
      <points>
        <point x="332" y="529" />
        <point x="250" y="523" />
      </points>
    </arc>
    <arc id="id95" source="id16" target="id34" delay="0" weight="1">
      <points>
        <point x="336" y="541" />
        <point x="250" y="632" />
      </points>
    </arc>
    <arc id="id96" source="id36" target="id16" delay="5" weight="1">
      <points>
        <point x="250" y="523" />
        <point x="332" y="530" />
      </points>
    </arc>
    <arc id="id97" source="id37" target="id16" delay="5" weight="1">
      <points>
        <point x="250" y="545" />
        <point x="332" y="533" />
      </points>
    </arc>
    <arc id="id98" source="id3" target="id38" delay="0" weight="1">
      <points>
        <point x="375" y="253" />
        <point x="505" y="380" />
      </points>
    </arc>
    <arc id="id99" source="id3" target="id33" delay="0" weight="1">
      <points>
        <point x="367" y="255" />
        <point x="505" y="461" />
      </points>
    </arc>
    <arc id="id100" source="id3" target="id40" delay="0" weight="1">
      <points>
        <point x="362" y="256" />
        <point x="506" y="541" />
      </points>
    </arc>
    <arc id="id101" source="id3" target="id39" delay="0" weight="1">
      <points>
        <point x="358" y="256" />
        <point x="507" y="626" />
      </points>
    </arc>
    <arc id="id102" source="id37" target="id3" delay="1" weight="1">
      <points>
        <point x="250" y="545" />
        <point x="325" y="257" />
      </points>
    </arc>
    <arc id="id103" source="id34" target="id3" delay="1" weight="1">
      <points>
        <point x="250" y="632" />
        <point x="327" y="257" />
      </points>
    </arc>
    <arc id="id104" source="id12" target="id31" delay="0" weight="1">
      <points>
        <point x="365" y="67" />
        <point x="506" y="67" />
      </points>
    </arc>
    <arc id="id105" source="id31" target="id12" delay="0" weight="1">
      <points>
        <point x="506" y="68" />
        <point x="366" y="68" />
      </points>
    </arc>
    <arc id="id106" source="id10" target="id31" delay="0" weight="1">
      <points>
        <point x="354" y="328" />
        <point x="506" y="74" />
      </points>
    </arc>
    <arc id="id107" source="id31" target="id10" delay="0" weight="1">
      <points>
        <point x="506" y="74" />
        <point x="354" y="328" />
      </points>
    </arc>
    <arc id="id108" source="id16" target="id31" delay="0" weight="1">
      <points>
        <point x="350" y="517" />
        <point x="506" y="74" />
      </points>
    </arc>
    <arc id="id109" source="id31" target="id16" delay="0" weight="1">
      <points>
        <point x="506" y="74" />
        <point x="350" y="517" />
      </points>
    </arc>
    <arc id="id110" source="id12" target="id30" delay="0" weight="1">
      <points>
        <point x="365" y="71" />
        <point x="505" y="89" />
      </points>
    </arc>
    <arc id="id111" source="id30" target="id12" delay="0" weight="1">
      <points>
        <point x="505" y="89" />
        <point x="365" y="70" />
      </points>
    </arc>
    <arc id="id112" source="id10" target="id30" delay="0" weight="1">
      <points>
        <point x="355" y="328" />
        <point x="505" y="129" />
      </points>
    </arc>
    <arc id="id113" source="id30" target="id10" delay="0" weight="1">
      <points>
        <point x="505" y="129" />
        <point x="355" y="328" />
      </points>
    </arc>
    <arc id="id114" source="id13" target="id30" delay="0" weight="1">
      <points>
        <point x="349" y="603" />
        <point x="505" y="129" />
      </points>
    </arc>
    <arc id="id115" source="id30" target="id13" delay="0" weight="1">
      <points>
        <point x="505" y="129" />
        <point x="349" y="603" />
      </points>
    </arc>
    <arc id="id116" source="id12" target="id29" delay="0" weight="1">
      <points>
        <point x="361" y="78" />
        <point x="507" y="217" />
      </points>
    </arc>
    <arc id="id117" source="id29" target="id12" delay="0" weight="1">
      <points>
        <point x="507" y="217" />
        <point x="361" y="78" />
      </points>
    </arc>
    <arc id="id118" source="id0" target="id29" delay="0" weight="1">
      <points>
        <point x="352" y="401" />
        <point x="507" y="257" />
      </points>
    </arc>
    <arc id="id119" source="id29" target="id0" delay="0" weight="1">
      <points>
        <point x="507" y="257" />
        <point x="352" y="401" />
      </points>
    </arc>
    <arc id="id120" source="id16" target="id29" delay="0" weight="1">
      <points>
        <point x="353" y="518" />
        <point x="507" y="257" />
      </points>
    </arc>
    <arc id="id121" source="id29" target="id16" delay="0" weight="1">
      <points>
        <point x="507" y="257" />
        <point x="353" y="519" />
      </points>
    </arc>
    <arc id="id122" source="id11" target="id18" delay="0" weight="1">
      <points>
        <point x="359" y="138" />
        <point x="507" y="298" />
      </points>
    </arc>
    <arc id="id123" source="id18" target="id11" delay="0" weight="1">
      <points>
        <point x="507" y="298" />
        <point x="360" y="138" />
      </points>
    </arc>
    <arc id="id124" source="id10" target="id18" delay="0" weight="1">
      <points>
        <point x="361" y="339" />
        <point x="507" y="338" />
      </points>
    </arc>
    <arc id="id125" source="id18" target="id10" delay="0" weight="1">
      <points>
        <point x="507" y="338" />
        <point x="361" y="340" />
      </points>
    </arc>
    <arc id="id126" source="id16" target="id18" delay="0" weight="1">
      <points>
        <point x="355" y="520" />
        <point x="507" y="338" />
      </points>
    </arc>
    <arc id="id127" source="id18" target="id16" delay="0" weight="1">
      <points>
        <point x="507" y="338" />
        <point x="355" y="520" />
      </points>
    </arc>
    <arc id="id128" source="id12" target="id38" delay="0" weight="1">
      <points>
        <point x="357" y="81" />
        <point x="505" y="380" />
      </points>
    </arc>
    <arc id="id129" source="id38" target="id12" delay="0" weight="1">
      <points>
        <point x="505" y="380" />
        <point x="357" y="81" />
      </points>
    </arc>
    <arc id="id130" source="id0" target="id38" delay="0" weight="1">
      <points>
        <point x="356" y="411" />
        <point x="505" y="411" />
      </points>
    </arc>
    <arc id="id131" source="id38" target="id0" delay="0" weight="1">
      <points>
        <point x="505" y="411" />
        <point x="357" y="411" />
      </points>
    </arc>
    <arc id="id132" source="id13" target="id38" delay="0" weight="1">
      <points>
        <point x="354" y="606" />
        <point x="505" y="420" />
      </points>
    </arc>
    <arc id="id133" source="id38" target="id13" delay="0" weight="1">
      <points>
        <point x="505" y="420" />
        <point x="354" y="606" />
      </points>
    </arc>
    <arc id="id134" source="id11" target="id33" delay="0" weight="1">
      <points>
        <point x="356" y="140" />
        <point x="505" y="461" />
      </points>
    </arc>
    <arc id="id135" source="id33" target="id11" delay="0" weight="1">
      <points>
        <point x="505" y="461" />
        <point x="356" y="140" />
      </points>
    </arc>
    <arc id="id136" source="id10" target="id33" delay="0" weight="1">
      <points>
        <point x="358" y="349" />
        <point x="505" y="461" />
      </points>
    </arc>
    <arc id="id137" source="id33" target="id10" delay="0" weight="1">
      <points>
        <point x="505" y="461" />
        <point x="358" y="349" />
      </points>
    </arc>
    <arc id="id138" source="id13" target="id33" delay="0" weight="1">
      <points>
        <point x="356" y="608" />
        <point x="505" y="501" />
      </points>
    </arc>
    <arc id="id139" source="id33" target="id13" delay="0" weight="1">
      <points>
        <point x="505" y="501" />
        <point x="357" y="609" />
      </points>
    </arc>
    <arc id="id140" source="id16" target="id40" delay="0" weight="1">
      <points>
        <point x="360" y="533" />
        <point x="506" y="541" />
      </points>
    </arc>
    <arc id="id141" source="id40" target="id16" delay="0" weight="1">
      <points>
        <point x="506" y="541" />
        <point x="360" y="531" />
      </points>
    </arc>
    <arc id="id142" source="id40" target="id0" delay="0" weight="1">
      <points>
        <point x="506" y="541" />
        <point x="353" y="420" />
      </points>
    </arc>
    <arc id="id143" source="id0" target="id40" delay="0" weight="1">
      <points>
        <point x="353" y="420" />
        <point x="506" y="541" />
      </points>
    </arc>
    <arc id="id144" source="id39" target="id13" delay="0" weight="1">
      <points>
        <point x="507" y="626" />
        <point x="359" y="617" />
      </points>
    </arc>
    <arc id="id145" source="id13" target="id39" delay="0" weight="1">
      <points>
        <point x="359" y="619" />
        <point x="507" y="626" />
      </points>
    </arc>
    <arc id="id146" source="id39" target="id0" delay="0" weight="1">
      <points>
        <point x="507" y="626" />
        <point x="351" y="422" />
      </points>
    </arc>
    <arc id="id147" source="id0" target="id39" delay="0" weight="1">
      <points>
        <point x="350" y="423" />
        <point x="507" y="626" />
      </points>
    </arc>
    <arc id="id148" source="id39" target="id11" delay="0" weight="1">
      <points>
        <point x="507" y="626" />
        <point x="354" y="141" />
      </points>
    </arc>
    <arc id="id149" source="id11" target="id39" delay="0" weight="1">
      <points>
        <point x="354" y="141" />
        <point x="507" y="626" />
      </points>
    </arc>
    <arc id="id150" source="id30" target="id9" delay="45" weight="1">
      <points>
        <point x="520" y="129" />
        <point x="639" y="267" />
      </points>
    </arc>
    <arc id="id151" source="id29" target="id9" delay="45" weight="1">
      <points>
        <point x="522" y="257" />
        <point x="634" y="276" />
      </points>
    </arc>
    <arc id="id152" source="id18" target="id9" delay="45" weight="1">
      <points>
        <point x="522" y="298" />
        <point x="634" y="280" />
      </points>
    </arc>
    <arc id="id153" source="id38" target="id9" delay="45" weight="1">
      <points>
        <point x="520" y="380" />
        <point x="637" y="287" />
      </points>
    </arc>
    <arc id="id154" source="id33" target="id9" delay="45" weight="1">
      <points>
        <point x="520" y="461" />
        <point x="640" y="290" />
      </points>
    </arc>
    <arc id="id155" source="id40" target="id9" delay="45" weight="1">
      <points>
        <point x="521" y="541" />
        <point x="642" y="291" />
      </points>
    </arc>
    <arc id="id156" source="id39" target="id8" delay="45" weight="1">
      <points>
        <point x="522" y="626" />
        <point x="645" y="473" />
      </points>
    </arc>
    <arc id="id157" source="id40" target="id11" delay="0" weight="1">
      <points>
        <point x="506" y="541" />
        <point x="355" y="141" />
      </points>
    </arc>
    <arc id="id158" source="id11" target="id40" delay="0" weight="1">
      <points>
        <point x="355" y="141" />
        <point x="506" y="541" />
      </points>
    </arc>
    <arc id="id2" source="id21" target="id3" delay="1" weight="1">
      <points>
        <point x="254" y="38" />
        <point x="320" y="230" />
      </points>
    </arc>
    <arc id="id7" source="id24" target="id3" delay="1" weight="1">
      <points>
        <point x="253" y="132" />
        <point x="308" y="232" />
      </points>
    </arc>
    <arc id="id27" source="id25" target="id3" delay="1" weight="1">
      <points>
        <point x="255" y="302" />
        <point x="298" y="251" />
      </points>
    </arc>
    <arc id="id28" source="id20" target="id3" delay="1" weight="1">
      <points>
        <point x="254" y="391" />
        <point x="314" y="256" />
      </points>
    </arc>
    <arc id="id46" source="id36" target="id3" delay="1" weight="1">
      <points>
        <point x="250" y="508" />
        <point x="323" y="257" />
      </points>
    </arc>
    <arc id="id48" source="id35" target="id3" delay="1" weight="1">
      <points>
        <point x="249" y="597" />
        <point x="326" y="257" />
      </points>
    </arc>
    <arc id="id50" source="id3" target="id49" delay="0" weight="2">
      <points>
        <point x="289" y="243" />
        <point x="191" y="243" />
      </points>
    </arc>
    <arc id="id65" source="id49" target="id3" delay="0" weight="1">
      <points>
        <point x="191" y="243" />
        <point x="288" y="243" />
      </points>
    </arc>
  </page>
  <page id="page14" name="C-ele Thesis ver">
    <place id="id0" name="IN0_H" initialmarking="1" portdir="In">
      <location x="165" y="105" />
      <size width="50" height="20" />
    </place>
    <place id="id1" name="IN0_L" initialmarking="0" portdir="In">
      <location x="163" y="156" />
      <size width="50" height="20" />
    </place>
    <place id="id2" name="IN1_H" initialmarking="1" portdir="In">
      <location x="168" y="288" />
      <size width="50" height="20" />
    </place>
    <place id="id3" name="IN1_L" initialmarking="0" portdir="In">
      <location x="167" y="335" />
      <size width="50" height="20" />
    </place>
    <transition id="id8" name="fork_0H" portdir="None">
      <location x="250" y="109" />
      <size width="50" height="20" />
    </transition>
    <transition id="id9" name="fork_0L" portdir="None">
      <location x="249" y="157" />
      <size width="50" height="20" />
    </transition>
    <transition id="id10" name="fork_1H" portdir="None">
      <location x="246" y="290" />
      <size width="50" height="20" />
    </transition>
    <transition id="id11" name="fork_1L" portdir="None">
      <location x="246" y="332" />
      <size width="50" height="20" />
    </transition>
    <subpage id="id14" original="page0" name="AND2_1">
      <location x="421" y="222" />
      <size width="50" height="70" />
      <port id="id14.port0" name="IN1_L" originalid="id1" type="place" initialMarking="0">
        <location x="369" y="261" />
        <size width="50" height="20" />
      </port>
      <port id="id14.port1" name="IN1_H" originalid="id5" type="place" initialMarking="0">
        <location x="370" y="234" />
        <size width="50" height="20" />
      </port>
      <port id="id14.port2" name="IN0_L" originalid="id6" type="place" initialMarking="0">
        <location x="370" y="209" />
        <size width="50" height="20" />
      </port>
      <port id="id14.port3" name="IN0_H" originalid="id7" type="place" initialMarking="0">
        <location x="368" y="184" />
        <size width="50" height="20" />
      </port>
      <port id="id14.port4" name="OUT_L" originalid="id14" type="transition">
        <location x="472" y="240" />
        <size width="50" height="20" />
      </port>
      <port id="id14.port5" name="OUT_H" originalid="id29" type="transition">
        <location x="471" y="211" />
        <size width="50" height="20" />
      </port>
    </subpage>
    <subpage id="id15" original="page0" name="AND2_2">
      <location x="422" y="95" />
      <size width="50" height="70" />
      <port id="id15.port0" name="IN1_L" originalid="id1" type="place" initialMarking="0">
        <location x="367" y="81" />
        <size width="50" height="20" />
      </port>
      <port id="id15.port1" name="IN1_H" originalid="id5" type="place" initialMarking="0">
        <location x="367" y="60" />
        <size width="50" height="20" />
      </port>
      <port id="id15.port2" name="IN0_L" originalid="id6" type="place" initialMarking="0">
        <location x="368" y="127" />
        <size width="50" height="20" />
      </port>
      <port id="id15.port3" name="IN0_H" originalid="id7" type="place" initialMarking="0">
        <location x="368" y="105" />
        <size width="50" height="20" />
      </port>
      <port id="id15.port4" name="OUT_L" originalid="id14" type="transition">
        <location x="474" y="112" />
        <size width="50" height="20" />
      </port>
      <port id="id15.port5" name="OUT_H" originalid="id29" type="transition">
        <location x="473" y="82" />
        <size width="50" height="20" />
      </port>
    </subpage>
    <subpage id="id16" original="page0" name="AND2_3">
      <location x="432" y="379" />
      <size width="50" height="70" />
      <port id="id16.port0" name="IN1_L" originalid="id1" type="place" initialMarking="0">
        <location x="382" y="421" />
        <size width="50" height="20" />
      </port>
      <port id="id16.port1" name="IN1_H" originalid="id5" type="place" initialMarking="0">
        <location x="383" y="398" />
        <size width="50" height="20" />
      </port>
      <port id="id16.port2" name="IN0_L" originalid="id6" type="place" initialMarking="0">
        <location x="382" y="375" />
        <size width="50" height="20" />
      </port>
      <port id="id16.port3" name="IN0_H" originalid="id7" type="place" initialMarking="0">
        <location x="381" y="353" />
        <size width="50" height="20" />
      </port>
      <port id="id16.port4" name="OUT_L" originalid="id14" type="transition">
        <location x="483" y="398" />
        <size width="50" height="20" />
      </port>
      <port id="id16.port5" name="OUT_H" originalid="id29" type="transition">
        <location x="482" y="366" />
        <size width="50" height="20" />
      </port>
    </subpage>
    <subpage id="id17" original="page7" name="OR3">
      <location x="634" y="230" />
      <size width="50" height="70" />
      <port id="id17.port0" name="IN1_L" originalid="id1" type="place" initialMarking="0">
        <location x="580" y="243" />
        <size width="30" height="30" />
      </port>
      <port id="id17.port1" name="IN1_H" originalid="id4" type="place" initialMarking="0">
        <location x="581" y="210" />
        <size width="30" height="30" />
      </port>
      <port id="id17.port2" name="IN0_L" originalid="id5" type="place" initialMarking="0">
        <location x="578" y="177" />
        <size width="30" height="30" />
      </port>
      <port id="id17.port3" name="IN0_H" originalid="id6" type="place" initialMarking="0">
        <location x="575" y="146" />
        <size width="30" height="30" />
      </port>
      <port id="id17.port4" name="IN2_L" originalid="id14" type="place" initialMarking="0">
        <location x="577" y="317" />
        <size width="30" height="30" />
      </port>
      <port id="id17.port5" name="IN2_H" originalid="id15" type="place" initialMarking="0">
        <location x="578" y="280" />
        <size width="30" height="30" />
      </port>
      <port id="id17.port6" name="OUT_L" originalid="id17" type="transition">
        <location x="682" y="253" />
        <size width="30" height="30" />
      </port>
      <port id="id17.port7" name="OUT_H" originalid="id32" type="transition">
        <location x="682" y="211" />
        <size width="30" height="30" />
      </port>
    </subpage>
    <arc id="id18" source="id0" target="id8" delay="0" weight="1">
      <points>
        <point x="189" y="105" />
        <point x="225" y="105" />
      </points>
    </arc>
    <arc id="id19" source="id1" target="id9" delay="0" weight="1">
      <points>
        <point x="187" y="156" />
        <point x="224" y="156" />
      </points>
    </arc>
    <arc id="id20" source="id2" target="id10" delay="0" weight="1">
      <points>
        <point x="192" y="288" />
        <point x="221" y="288" />
      </points>
    </arc>
    <arc id="id21" source="id3" target="id11" delay="0" weight="1">
      <points>
        <point x="191" y="335" />
        <point x="221" y="335" />
      </points>
    </arc>
    <arc id="id22" source="id9" target="id14.port2" delay="0" weight="1">
      <points>
        <point x="274" y="167" />
        <point x="348" y="205" />
      </points>
    </arc>
    <arc id="id23" source="id8" target="id14.port3" delay="0" weight="1">
      <points>
        <point x="275" y="119" />
        <point x="348" y="179" />
      </points>
    </arc>
    <arc id="id24" source="id9" target="id15.port2" delay="0" weight="1">
      <points>
        <point x="274" y="147" />
        <point x="344" y="129" />
      </points>
    </arc>
    <arc id="id25" source="id8" target="id15.port3" delay="0" weight="1">
      <points>
        <point x="275" y="105" />
        <point x="343" y="105" />
      </points>
    </arc>
    <arc id="id26" source="id11" target="id16.port2" delay="0" weight="1">
      <points>
        <point x="271" y="342" />
        <point x="359" y="373" />
      </points>
    </arc>
    <arc id="id27" source="id10" target="id16.port3" delay="0" weight="1">
      <points>
        <point x="271" y="300" />
        <point x="359" y="349" />
      </points>
    </arc>
    <arc id="id28" source="id10" target="id14.port1" delay="0" weight="1">
      <points>
        <point x="271" y="280" />
        <point x="348" y="238" />
      </points>
    </arc>
    <arc id="id29" source="id11" target="id14.port0" delay="0" weight="1">
      <points>
        <point x="271" y="322" />
        <point x="348" y="266" />
      </points>
    </arc>
    <arc id="id42" source="id16.port5" target="id17.port5" delay="0" weight="1">
      <points>
        <point x="507" y="356" />
        <point x="568" y="290" />
      </points>
    </arc>
    <arc id="id43" source="id16.port4" target="id17.port4" delay="0" weight="1">
      <points>
        <point x="508" y="388" />
        <point x="567" y="327" />
      </points>
    </arc>
    <arc id="id44" source="id17.port7" target="id16.port1" delay="0" weight="1">
      <points>
        <point x="667" y="226" />
        <point x="404" y="393" />
      </points>
    </arc>
    <arc id="id45" source="id17.port6" target="id16.port0" delay="0" weight="1">
      <points>
        <point x="667" y="268" />
        <point x="404" y="417" />
      </points>
    </arc>
    <arc id="id30" source="id14.port5" target="id17.port1" delay="0" weight="1">
      <points>
        <point x="496" y="210" />
        <point x="566" y="210" />
      </points>
    </arc>
    <arc id="id31" source="id14.port4" target="id17.port0" delay="0" weight="1">
      <points>
        <point x="497" y="243" />
        <point x="565" y="243" />
      </points>
    </arc>
    <arc id="id46" source="id15.port5" target="id17.port3" delay="0" weight="1">
      <points>
        <point x="498" y="92" />
        <point x="563" y="138" />
      </points>
    </arc>
    <arc id="id47" source="id15.port4" target="id17.port2" delay="0" weight="1">
      <points>
        <point x="499" y="122" />
        <point x="566" y="169" />
      </points>
    </arc>
    <arc id="id32" source="id17.port7" target="id15.port1" delay="0" weight="1">
      <points>
        <point x="667" y="196" />
        <point x="389" y="64" />
      </points>
    </arc>
    <arc id="id33" source="id17.port6" target="id15.port0" delay="0" weight="1">
      <points>
        <point x="667" y="238" />
        <point x="389" y="85" />
      </points>
    </arc>
  </page>
</petrinet>