﻿<?xml version="1.0" encoding="utf-8"?>
<petrinet name="Untitled">
  <page id="page0" name="page0">
    <place id="id0" name="p1" initialmarking="1" portdir="None" capacity="0">
      <location x="271" y="55" />
      <size width="60" height="40" />
    </place>
    <place id="id3" name="p3" initialmarking="0" portdir="None" capacity="0">
      <location x="276" y="244" />
      <size width="50" height="30" />
    </place>
    <place id="id4" name="p2" initialmarking="0" portdir="None" capacity="0">
      <location x="201" y="241" />
      <size width="50" height="30" />
    </place>
    <place id="id5" name="p4" initialmarking="0" portdir="None" capacity="0">
      <location x="345" y="242" />
      <size width="50" height="30" />
    </place>
    <place id="id6" name="p5 Response 2 received" initialmarking="0" portdir="None" capacity="0">
      <location x="223" y="389" />
      <size width="65" height="50" />
    </place>
    <place id="id7" name="p6 Response 1 received" initialmarking="0" portdir="None" capacity="0">
      <location x="322" y="389" />
      <size width="65" height="50" />
    </place>
    <place id="id8" name="p8" initialmarking="1" portdir="None" capacity="0">
      <location x="499" y="246" />
      <size width="50" height="30" />
    </place>
    <place id="id9" name="p7" initialmarking="1" portdir="None" capacity="0">
      <location x="46" y="247" />
      <size width="50" height="30" />
    </place>
    <transition id="id1" name="Time out" portdir="None">
      <location x="178" y="155" />
      <size width="50" height="20" />
    </transition>
    <transition id="id2" name="Send message" portdir="None">
      <location x="286" y="157" />
      <size width="50" height="30" />
    </transition>
    <transition id="id14" name="Response 2" portdir="None">
      <location x="121" y="247" />
      <size width="55" height="30" />
    </transition>
    <transition id="id15" name="tr2" portdir="None">
      <location x="234" y="319" />
      <size width="50" height="20" />
    </transition>
    <transition id="id16" name="tr1" portdir="None">
      <location x="318" y="317" />
      <size width="50" height="20" />
    </transition>
    <transition id="id17" name="Response 1" portdir="None">
      <location x="426" y="244" />
      <size width="55" height="30" />
    </transition>
    <transition id="id18" name="Return t1" portdir="None">
      <location x="325" y="468" />
      <size width="50" height="30" />
    </transition>
    <transition id="id19" name="Return t2" portdir="None">
      <location x="224" y="466" />
      <size width="50" height="30" />
    </transition>
    <arc id="id10" source="id0" target="id2" delay="0" weight="1">
      <points>
        <point x="275" y="74" />
        <point x="275" y="142" />
      </points>
    </arc>
    <arc id="id11" source="id2" target="id3" delay="0" weight="1">
      <points>
        <point x="276" y="172" />
        <point x="276" y="229" />
      </points>
    </arc>
    <arc id="id12" source="id3" target="id1" delay="0" weight="1">
      <points>
        <point x="258" y="234" />
        <point x="203" y="165" />
      </points>
    </arc>
    <arc id="id13" source="id1" target="id0" delay="0" weight="1">
      <points>
        <point x="203" y="145" />
        <point x="253" y="70" />
      </points>
    </arc>
    <arc id="id20" source="id3" target="id15" delay="0" weight="1">
      <points>
        <point x="264" y="257" />
        <point x="259" y="309" />
      </points>
    </arc>
    <arc id="id21" source="id3" target="id16" delay="0" weight="1">
      <points>
        <point x="288" y="257" />
        <point x="293" y="307" />
      </points>
    </arc>
    <arc id="id22" source="id5" target="id16" delay="0" weight="1">
      <points>
        <point x="337" y="256" />
        <point x="337" y="307" />
      </points>
    </arc>
    <arc id="id23" source="id4" target="id15" delay="0" weight="1">
      <points>
        <point x="210" y="254" />
        <point x="210" y="309" />
      </points>
    </arc>
    <arc id="id24" source="id17" target="id5" delay="0" weight="1">
      <points>
        <point x="398" y="242" />
        <point x="370" y="242" />
      </points>
    </arc>
    <arc id="id25" source="id8" target="id17" delay="0" weight="1">
      <points>
        <point x="475" y="246" />
        <point x="453" y="246" />
      </points>
    </arc>
    <arc id="id26" source="id9" target="id14" delay="0" weight="1">
      <points>
        <point x="71" y="247" />
        <point x="93" y="247" />
      </points>
    </arc>
    <arc id="id27" source="id14" target="id4" delay="0" weight="1">
      <points>
        <point x="148" y="241" />
        <point x="176" y="241" />
      </points>
    </arc>
    <arc id="id28" source="id15" target="id6" delay="0" weight="1">
      <points>
        <point x="223" y="329" />
        <point x="223" y="364" />
      </points>
    </arc>
    <arc id="id29" source="id6" target="id19" delay="0" weight="1">
      <points>
        <point x="230" y="413" />
        <point x="229" y="414" />
        <point x="230" y="451" />
      </points>
    </arc>
    <arc id="id30" source="id16" target="id7" delay="0" weight="1">
      <points>
        <point x="322" y="327" />
        <point x="322" y="364" />
      </points>
    </arc>
    <arc id="id31" source="id7" target="id18" delay="0" weight="1">
      <points>
        <point x="323" y="413" />
        <point x="323" y="453" />
      </points>
    </arc>
    <arc id="id32" source="id18" target="id8" delay="0" weight="1">
      <points>
        <point x="350" y="453" />
        <point x="469" y="427" />
        <point x="485" y="258" />
      </points>
    </arc>
    <arc id="id33" source="id18" target="id0" delay="0" weight="1">
      <points>
        <point x="350" y="483" />
        <point x="564" y="485" />
        <point x="544" y="127" />
        <point x="276" y="74" />
      </points>
    </arc>
    <arc id="id34" source="id19" target="id9" delay="0" weight="1">
      <points>
        <point x="199" y="451" />
        <point x="68" y="393" />
        <point x="61" y="258" />
      </points>
    </arc>
    <arc id="id35" source="id19" target="id0" delay="0" weight="1">
      <points>
        <point x="199" y="474" />
        <point x="14" y="474" />
        <point x="11" y="139" />
        <point x="266" y="74" />
      </points>
    </arc>
  </page>
</petrinet>