﻿<?xml version="1.0" encoding="utf-8"?>
<petrinet name="Untitled">
  <page id="page0" name="page0">
    <place id="id0" name="0$" initialmarking="1" portdir="None" capacity="0">
      <location x="32" y="199" />
      <size width="50" height="30" />
    </place>
    <place id="id3" name="5$" initialmarking="0" portdir="None" capacity="0">
      <location x="225" y="120" />
      <size width="50" height="30" />
    </place>
    <place id="id5" name="10$" initialmarking="0" portdir="None" capacity="0">
      <location x="227" y="306" />
      <size width="50" height="30" />
    </place>
    <place id="id8" name="15$" initialmarking="0" portdir="None" capacity="0">
      <location x="450" y="122" />
      <size width="50" height="30" />
    </place>
    <place id="id9" name="20$" initialmarking="0" portdir="None" capacity="0">
      <location x="457" y="302" />
      <size width="50" height="30" />
    </place>
    <transition id="id1" name="Deposit 5$" portdir="None">
      <location x="136" y="158" />
      <size width="50" height="30" />
    </transition>
    <transition id="id2" name="Deposit 10$" portdir="None">
      <location x="133" y="258" />
      <size width="50" height="30" />
    </transition>
    <transition id="id4" name="Deposit 5$" portdir="None">
      <location x="228" y="203" />
      <size width="50" height="30" />
    </transition>
    <transition id="id6" name="Deposit 10$" portdir="None">
      <location x="331" y="125" />
      <size width="50" height="30" />
    </transition>
    <transition id="id7" name="Deposit 5$" portdir="None">
      <location x="334" y="205" />
      <size width="50" height="30" />
    </transition>
    <transition id="id10" name="Deposit 5$" portdir="None">
      <location x="459" y="218" />
      <size width="50" height="30" />
    </transition>
    <transition id="id11" name="Get 15$ candy" portdir="None">
      <location x="243" y="39" />
      <size width="50" height="30" />
    </transition>
    <transition id="id12" name="Get 20$ candy" portdir="None">
      <location x="268" y="387" />
      <size width="50" height="30" />
    </transition>
    <transition id="id24" name="Deposit 10$" portdir="None">
      <location x="339" y="303" />
      <size width="50" height="30" />
    </transition>
    <arc id="id13" source="id0" target="id1" delay="0" weight="1">
      <points>
        <point x="55" y="194" />
        <point x="111" y="173" />
      </points>
    </arc>
    <arc id="id14" source="id0" target="id2" delay="0" weight="1">
      <points>
        <point x="53" y="206" />
        <point x="108" y="243" />
      </points>
    </arc>
    <arc id="id15" source="id1" target="id3" delay="0" weight="1">
      <points>
        <point x="161" y="143" />
        <point x="202" y="125" />
      </points>
    </arc>
    <arc id="id16" source="id2" target="id5" delay="0" weight="1">
      <points>
        <point x="158" y="273" />
        <point x="205" y="300" />
      </points>
    </arc>
    <arc id="id17" source="id3" target="id4" delay="0" weight="1">
      <points>
        <point x="225" y="134" />
        <point x="225" y="188" />
      </points>
    </arc>
    <arc id="id18" source="id4" target="id5" delay="0" weight="1">
      <points>
        <point x="227" y="218" />
        <point x="227" y="291" />
      </points>
    </arc>
    <arc id="id19" source="id5" target="id7" delay="0" weight="1">
      <points>
        <point x="245" y="296" />
        <point x="309" y="220" />
      </points>
    </arc>
    <arc id="id20" source="id3" target="id6" delay="0" weight="1">
      <points>
        <point x="249" y="120" />
        <point x="306" y="120" />
      </points>
    </arc>
    <arc id="id21" source="id6" target="id8" delay="0" weight="1">
      <points>
        <point x="356" y="122" />
        <point x="425" y="122" />
      </points>
    </arc>
    <arc id="id22" source="id7" target="id8" delay="0" weight="1">
      <points>
        <point x="359" y="190" />
        <point x="430" y="130" />
      </points>
    </arc>
    <arc id="id23" source="id8" target="id10" delay="0" weight="1">
      <points>
        <point x="452" y="136" />
        <point x="452" y="203" />
      </points>
    </arc>
    <arc id="id25" source="id10" target="id9" delay="0" weight="1">
      <points>
        <point x="457" y="233" />
        <point x="457" y="287" />
      </points>
    </arc>
    <arc id="id26" source="id5" target="id24" delay="0" weight="1">
      <points>
        <point x="251" y="306" />
        <point x="314" y="306" />
      </points>
    </arc>
    <arc id="id27" source="id24" target="id9" delay="0" weight="1">
      <points>
        <point x="364" y="302" />
        <point x="432" y="302" />
      </points>
    </arc>
    <arc id="id28" source="id8" target="id11" delay="0" weight="1">
      <points>
        <point x="450" y="107" />
        <point x="450" y="64" />
        <point x="268" y="54" />
      </points>
    </arc>
    <arc id="id29" source="id11" target="id0" delay="0" weight="1">
      <points>
        <point x="218" y="51" />
        <point x="42" y="51" />
        <point x="51" y="190" />
      </points>
    </arc>
    <arc id="id30" source="id12" target="id0" delay="0" weight="1">
      <points>
        <point x="243" y="377" />
        <point x="55" y="377" />
        <point x="51" y="208" />
      </points>
    </arc>
    <arc id="id31" source="id9" target="id12" delay="0" weight="1">
      <points>
        <point x="458" y="316" />
        <point x="463" y="381" />
        <point x="293" y="372" />
      </points>
    </arc>
  </page>
</petrinet>