﻿<?xml version="1.0" encoding="utf-8"?>
<petrinet name="Untitled">
  <page id="page0" name="page0">
    <place id="id0" name="Ready to send" initialmarking="1" portdir="None" capacity="0">
      <location x="136" y="108" />
      <size width="60" height="40" />
    </place>
    <place id="id2" name="Wait for ack" initialmarking="0" portdir="None" capacity="0">
      <location x="138" y="249" />
      <size width="60" height="40" />
    </place>
    <place id="id4" name="Ack received" initialmarking="0" portdir="None" capacity="0">
      <location x="143" y="379" />
      <size width="60" height="40" />
    </place>
    <place id="id5" name="Ready to receive" initialmarking="1" portdir="None" capacity="0">
      <location x="373" y="99" />
      <size width="60" height="40" />
    </place>
    <place id="id6" name="Message rceived" initialmarking="0" portdir="None" capacity="0">
      <location x="377" y="251" />
      <size width="60" height="40" />
    </place>
    <place id="id7" name="Ack send" initialmarking="0" portdir="None" capacity="0">
      <location x="373" y="381" />
      <size width="60" height="40" />
    </place>
    <place id="id8" name="Buffer full" initialmarking="0" portdir="None" capacity="0">
      <location x="254" y="182" />
      <size width="60" height="40" />
    </place>
    <place id="id9" name="Bufeer full" initialmarking="0" portdir="None" capacity="0">
      <location x="259" y="308" />
      <size width="60" height="40" />
    </place>
    <transition id="id3" name="Receive ack" portdir="None">
      <location x="144" y="310" />
      <size width="50" height="30" />
    </transition>
    <transition id="id10" name="Receive message" portdir="None">
      <location x="374" y="180" />
      <size width="50" height="30" />
    </transition>
    <transition id="id11" name="Message rceived" portdir="None">
      <location x="382" y="321" />
      <size width="50" height="30" />
    </transition>
    <transition id="id12" name="Process 1" portdir="None">
      <location x="45" y="236" />
      <size width="50" height="30" />
    </transition>
    <transition id="id13" name="Process 2" portdir="None">
      <location x="489" y="240" />
      <size width="50" height="30" />
    </transition>
    <transition id="id1" name="Send message" portdir="None">
      <location x="138" y="182" />
      <size width="50" height="30" />
    </transition>
    <arc id="id16" source="id2" target="id3" delay="0" weight="1">
      <points>
        <point x="140" y="268" />
        <point x="140" y="295" />
      </points>
    </arc>
    <arc id="id17" source="id3" target="id4" delay="0" weight="1">
      <points>
        <point x="143" y="325" />
        <point x="143" y="359" />
      </points>
    </arc>
    <arc id="id18" source="id4" target="id12" delay="0" weight="1">
      <points>
        <point x="114" y="379" />
        <point x="64" y="381" />
        <point x="70" y="251" />
      </points>
    </arc>
    <arc id="id19" source="id12" target="id0" delay="0" weight="1">
      <points>
        <point x="68" y="221" />
        <point x="68" y="124" />
        <point x="121" y="125" />
      </points>
    </arc>
    <arc id="id21" source="id8" target="id10" delay="0" weight="1">
      <points>
        <point x="283" y="182" />
        <point x="349" y="182" />
      </points>
    </arc>
    <arc id="id22" source="id9" target="id3" delay="0" weight="1">
      <points>
        <point x="230" y="308" />
        <point x="169" y="308" />
      </points>
    </arc>
    <arc id="id23" source="id11" target="id9" delay="0" weight="1">
      <points>
        <point x="357" y="308" />
        <point x="289" y="308" />
      </points>
    </arc>
    <arc id="id24" source="id10" target="id6" delay="0" weight="1">
      <points>
        <point x="377" y="195" />
        <point x="377" y="231" />
      </points>
    </arc>
    <arc id="id25" source="id6" target="id11" delay="0" weight="1">
      <points>
        <point x="379" y="270" />
        <point x="379" y="306" />
      </points>
    </arc>
    <arc id="id26" source="id11" target="id7" delay="0" weight="1">
      <points>
        <point x="373" y="336" />
        <point x="373" y="361" />
      </points>
    </arc>
    <arc id="id27" source="id7" target="id13" delay="0" weight="1">
      <points>
        <point x="402" y="381" />
        <point x="469" y="384" />
        <point x="464" y="255" />
      </points>
    </arc>
    <arc id="id29" source="id5" target="id10" delay="0" weight="1">
      <points>
        <point x="373" y="118" />
        <point x="373" y="165" />
      </points>
    </arc>
    <arc id="id28" source="id13" target="id5" delay="0" weight="1">
      <points>
        <point x="468" y="225" />
        <point x="468" y="112" />
        <point x="391" y="114" />
      </points>
    </arc>
    <arc id="id14" source="id0" target="id1" delay="0" weight="1">
      <points>
        <point x="136" y="127" />
        <point x="136" y="167" />
      </points>
    </arc>
    <arc id="id15" source="id1" target="id2" delay="0" weight="1">
      <points>
        <point x="138" y="197" />
        <point x="138" y="229" />
      </points>
    </arc>
    <arc id="id20" source="id1" target="id8" delay="0" weight="1">
      <points>
        <point x="163" y="182" />
        <point x="224" y="182" />
      </points>
    </arc>
  </page>
</petrinet>