﻿<?xml version="1.0" encoding="utf-8"?>
<petrinet name="Untitled">
  <page id="page0" name="page0">
    <place id="id7" name="a" initialmarking="1" portdir="None" capacity="0">
      <location x="115" y="86" />
      <size width="50" height="30" />
    </place>
    <place id="id8" name="a" initialmarking="1" portdir="None" capacity="0">
      <location x="116" y="202" />
      <size width="50" height="30" />
    </place>
    <place id="id9" name="b" initialmarking="1" portdir="None" capacity="0">
      <location x="122" y="277" />
      <size width="50" height="30" />
    </place>
    <place id="id10" name="b" initialmarking="1" portdir="None" capacity="0">
      <location x="129" y="385" />
      <size width="50" height="30" />
    </place>
    <place id="id11" name="a+b" initialmarking="0" portdir="None" capacity="0">
      <location x="299" y="133" />
      <size width="50" height="30" />
    </place>
    <place id="id12" name="a-b" initialmarking="0" portdir="None" capacity="0">
      <location x="300" y="327" />
      <size width="50" height="30" />
    </place>
    <place id="id13" name="" initialmarking="0" portdir="None" capacity="0">
      <location x="402" y="196" />
      <size width="50" height="30" />
    </place>
    <place id="id14" name="x=a+b/a-b" initialmarking="0" portdir="None" capacity="0">
      <location x="502" y="127" />
      <size width="60" height="30" />
    </place>
    <place id="id15" name="x is undefined" initialmarking="0" portdir="None" capacity="0">
      <location x="530" y="337" />
      <size width="60" height="30" />
    </place>
    <transition id="id0" name="Copy" portdir="None">
      <location x="38" y="138" />
      <size width="50" height="20" />
    </transition>
    <transition id="id1" name="Copy" portdir="None">
      <location x="38" y="325" />
      <size width="50" height="20" />
    </transition>
    <transition id="id2" name="Add" portdir="None">
      <location x="201" y="130" />
      <size width="50" height="20" />
    </transition>
    <transition id="id3" name="Subtract" portdir="None">
      <location x="200" y="324" />
      <size width="50" height="20" />
    </transition>
    <transition id="id4" name="Divid" portdir="None">
      <location x="400" y="127" />
      <size width="50" height="20" />
    </transition>
    <transition id="id5" name="if a-b≠0" portdir="None">
      <location x="362" y="261" />
      <size width="60" height="20" />
    </transition>
    <transition id="id6" name="if a-b=0" portdir="None">
      <location x="428" y="327" />
      <size width="60" height="20" />
    </transition>
    <arc id="id16" source="id0" target="id7" delay="0" weight="1">
      <points>
        <point x="63" y="128" />
        <point x="96" y="95" />
      </points>
    </arc>
    <arc id="id17" source="id0" target="id8" delay="0" weight="1">
      <points>
        <point x="63" y="148" />
        <point x="99" y="192" />
      </points>
    </arc>
    <arc id="id18" source="id1" target="id9" delay="0" weight="1">
      <points>
        <point x="63" y="315" />
        <point x="101" y="285" />
      </points>
    </arc>
    <arc id="id19" source="id1" target="id10" delay="0" weight="1">
      <points>
        <point x="63" y="335" />
        <point x="110" y="376" />
      </points>
    </arc>
    <arc id="id20" source="id10" target="id3" delay="0" weight="1">
      <points>
        <point x="147" y="376" />
        <point x="175" y="334" />
      </points>
    </arc>
    <arc id="id21" source="id9" target="id2" delay="0" weight="1">
      <points>
        <point x="133" y="264" />
        <point x="176" y="140" />
      </points>
    </arc>
    <arc id="id22" source="id7" target="id2" delay="0" weight="1">
      <points>
        <point x="137" y="92" />
        <point x="176" y="120" />
      </points>
    </arc>
    <arc id="id23" source="id8" target="id3" delay="0" weight="1">
      <points>
        <point x="130" y="214" />
        <point x="175" y="314" />
      </points>
    </arc>
    <arc id="id24" source="id3" target="id12" delay="0" weight="1">
      <points>
        <point x="225" y="327" />
        <point x="275" y="327" />
      </points>
    </arc>
    <arc id="id25" source="id2" target="id11" delay="0" weight="1">
      <points>
        <point x="226" y="133" />
        <point x="274" y="133" />
      </points>
    </arc>
    <arc id="id26" source="id11" target="id4" delay="0" weight="1">
      <points>
        <point x="323" y="133" />
        <point x="375" y="133" />
      </points>
    </arc>
    <arc id="id27" source="id12" target="id5" delay="0" weight="1">
      <points>
        <point x="317" y="317" />
        <point x="332" y="271" />
      </points>
    </arc>
    <arc id="id28" source="id13" target="id4" delay="0" weight="1">
      <points>
        <point x="402" y="182" />
        <point x="402" y="137" />
      </points>
    </arc>
    <arc id="id29" source="id5" target="id13" delay="0" weight="1">
      <points>
        <point x="392" y="251" />
        <point x="398" y="210" />
      </points>
    </arc>
    <arc id="id30" source="id12" target="id6" delay="0" weight="1">
      <points>
        <point x="325" y="327" />
        <point x="398" y="327" />
      </points>
    </arc>
    <arc id="id31" source="id6" target="id15" delay="0" weight="1">
      <points>
        <point x="458" y="337" />
        <point x="500" y="337" />
      </points>
    </arc>
    <arc id="id32" source="id4" target="id14" delay="0" weight="1">
      <points>
        <point x="425" y="127" />
        <point x="472" y="127" />
      </points>
    </arc>
  </page>
</petrinet>