﻿<?xml version="1.0" encoding="utf-8"?>
<petrinet name="Untitled">
  <page id="page0" name="page0">
    <place id="id1" name="p1" initialmarking="1" portdir="None" capacity="0">
      <location x="180" y="149" />
      <size width="50" height="30" />
    </place>
    <place id="id2" name="p2" initialmarking="1" portdir="None" capacity="0">
      <location x="183" y="264" />
      <size width="50" height="30" />
    </place>
    <place id="id3" name="p4" initialmarking="0" portdir="None" capacity="0">
      <location x="387" y="266" />
      <size width="50" height="30" />
    </place>
    <place id="id4" name="p3" initialmarking="0" portdir="None" capacity="0">
      <location x="386" y="149" />
      <size width="50" height="30" />
    </place>
    <place id="id5" name="p5" initialmarking="0" portdir="None" capacity="0">
      <location x="280" y="374" />
      <size width="50" height="30" />
    </place>
    <transition id="id0" name="Par begin" portdir="None">
      <location x="84" y="212" />
      <size width="60" height="20" />
    </transition>
    <transition id="id6" name="t2" portdir="None">
      <location x="283" y="150" />
      <size width="50" height="20" />
    </transition>
    <transition id="id7" name="t3" portdir="None">
      <location x="284" y="267" />
      <size width="50" height="20" />
    </transition>
    <transition id="id8" name="Par end" portdir="None">
      <location x="479" y="211" />
      <size width="50" height="20" />
    </transition>
    <arc id="id9" source="id0" target="id1" delay="0" weight="1">
      <points>
        <point x="114" y="202" />
        <point x="161" y="158" />
      </points>
    </arc>
    <arc id="id10" source="id0" target="id2" delay="0" weight="1">
      <points>
        <point x="114" y="222" />
        <point x="162" y="257" />
      </points>
    </arc>
    <arc id="id11" source="id1" target="id6" delay="0" weight="1">
      <points>
        <point x="204" y="149" />
        <point x="258" y="149" />
      </points>
    </arc>
    <arc id="id12" source="id2" target="id7" delay="0" weight="1">
      <points>
        <point x="207" y="264" />
        <point x="259" y="264" />
      </points>
    </arc>
    <arc id="id13" source="id7" target="id3" delay="0" weight="1">
      <points>
        <point x="309" y="266" />
        <point x="362" y="266" />
      </points>
    </arc>
    <arc id="id14" source="id6" target="id4" delay="0" weight="1">
      <points>
        <point x="308" y="149" />
        <point x="361" y="149" />
      </points>
    </arc>
    <arc id="id15" source="id4" target="id8" delay="0" weight="1">
      <points>
        <point x="406" y="157" />
        <point x="454" y="201" />
      </points>
    </arc>
    <arc id="id16" source="id3" target="id8" delay="0" weight="1">
      <points>
        <point x="408" y="259" />
        <point x="454" y="221" />
      </points>
    </arc>
    <arc id="id18" source="id5" target="id0" delay="0" weight="1">
      <points>
        <point x="256" y="374" />
        <point x="108" y="376" />
        <point x="114" y="222" />
      </points>
    </arc>
    <arc id="id17" source="id8" target="id5" delay="0" weight="1">
      <points>
        <point x="482" y="221" />
        <point x="482" y="364" />
        <point x="299" y="365" />
      </points>
    </arc>
  </page>
</petrinet>