﻿<?xml version="1.0" encoding="utf-8"?>
<petrinet name="Untitled">
  <page id="page0" name="page0">
    <place id="id0" name="p1" initialmarking="5" portdir="None" capacity="0">
      <location x="37" y="226" />
      <size width="50" height="30" />
    </place>
    <place id="id6" name="p3" initialmarking="0" portdir="None" capacity="0">
      <location x="190" y="223" />
      <size width="50" height="30" />
    </place>
    <place id="id7" name="p4" initialmarking="0" portdir="None" capacity="0">
      <location x="381" y="101" />
      <size width="50" height="30" />
    </place>
    <place id="id8" name="p5" initialmarking="0" portdir="None" capacity="0">
      <location x="383" y="348" />
      <size width="50" height="30" />
    </place>
    <place id="id9" name="p2" initialmarking="2" portdir="None" capacity="0">
      <location x="176" y="419" />
      <size width="50" height="30" />
    </place>
    <transition id="id1" name="t1" portdir="None">
      <location x="116" y="223" />
      <size width="50" height="20" />
    </transition>
    <transition id="id2" name="t2" portdir="None">
      <location x="282" y="98" />
      <size width="50" height="20" />
    </transition>
    <transition id="id3" name="t3" portdir="None">
      <location x="275" y="349" />
      <size width="50" height="20" />
    </transition>
    <transition id="id4" name="t4" portdir="None">
      <location x="479" y="98" />
      <size width="50" height="20" />
    </transition>
    <transition id="id5" name="t5" portdir="None">
      <location x="489" y="350" />
      <size width="50" height="20" />
    </transition>
    <arc id="id10" source="id0" target="id1" delay="0" weight="1">
      <points>
        <point x="61" y="226" />
        <point x="91" y="226" />
      </points>
    </arc>
    <arc id="id11" source="id1" target="id6" delay="0" weight="1">
      <points>
        <point x="141" y="223" />
        <point x="165" y="223" />
      </points>
    </arc>
    <arc id="id12" source="id6" target="id2" delay="0" weight="1">
      <points>
        <point x="190" y="209" />
        <point x="194" y="109" />
        <point x="257" y="108" />
      </points>
    </arc>
    <arc id="id13" source="id6" target="id3" delay="0" weight="1">
      <points>
        <point x="190" y="237" />
        <point x="186" y="337" />
        <point x="250" y="339" />
      </points>
    </arc>
    <arc id="id14" source="id2" target="id7" delay="0" weight="1">
      <points>
        <point x="307" y="101" />
        <point x="356" y="101" />
      </points>
    </arc>
    <arc id="id15" source="id7" target="id4" delay="0" weight="1">
      <points>
        <point x="405" y="101" />
        <point x="454" y="101" />
      </points>
    </arc>
    <arc id="id16" source="id3" target="id8" delay="0" weight="1">
      <points>
        <point x="300" y="348" />
        <point x="358" y="348" />
      </points>
    </arc>
    <arc id="id17" source="id8" target="id5" delay="0" weight="1">
      <points>
        <point x="407" y="348" />
        <point x="464" y="348" />
      </points>
    </arc>
    <arc id="id20" source="id9" target="id2" delay="0" weight="1">
      <points>
        <point x="183" y="405" />
        <point x="257" y="108" />
      </points>
    </arc>
    <arc id="id27" source="id4" target="id9" delay="0" weight="1">
      <points>
        <point x="504" y="104" />
        <point x="551" y="104" />
        <point x="544" y="411" />
        <point x="194" y="409" />
      </points>
    </arc>
    <arc id="id18" source="id4" target="id0" delay="0" weight="1">
      <points>
        <point x="504" y="88" />
        <point x="519" y="62" />
        <point x="55" y="68" />
        <point x="60" y="222" />
      </points>
    </arc>
    <arc id="id19" source="id5" target="id0" delay="0" weight="1">
      <points>
        <point x="514" y="360" />
        <point x="515" y="479" />
        <point x="57" y="460" />
        <point x="61" y="230" />
      </points>
    </arc>
    <arc id="id21" source="id7" target="id3" delay="0" weight="1">
      <points>
        <point x="367" y="113" />
        <point x="303" y="207" />
        <point x="300" y="339" />
      </points>
    </arc>
    <arc id="id22" source="id3" target="id7" delay="0" weight="1">
      <points>
        <point x="300" y="339" />
        <point x="354" y="199" />
        <point x="373" y="115" />
      </points>
    </arc>
    <arc id="id23" source="id7" target="id5" delay="0" weight="1">
      <points>
        <point x="389" y="115" />
        <point x="422" y="219" />
        <point x="464" y="340" />
      </points>
    </arc>
    <arc id="id24" source="id5" target="id7" delay="0" weight="1">
      <points>
        <point x="464" y="340" />
        <point x="463" y="208" />
        <point x="389" y="115" />
      </points>
    </arc>
    <arc id="id25" source="id3" target="id9" delay="0" weight="1">
      <points>
        <point x="250" y="359" />
        <point x="217" y="375" />
        <point x="195" y="410" />
      </points>
    </arc>
    <arc id="id26" source="id9" target="id3" delay="0" weight="1">
      <points>
        <point x="197" y="412" />
        <point x="238" y="385" />
        <point x="250" y="359" />
      </points>
    </arc>
  </page>
</petrinet>