﻿<?xml version="1.0" encoding="utf-8"?>
<petrinet name="philo">
  <page id="i537" name="i537">
    <place id="cId63" name="eating" initialmarking="0" portdir="None">
      <location x="454" y="294" />
      <size width="60" height="60" />
    </place>
    <place id="cId165" name="right_fork" initialmarking="0" portdir="None">
      <location x="288" y="336" />
      <size width="60" height="60" />
    </place>
    <place id="cId56" name="thinking" initialmarking="1" portdir="None">
      <location x="411" y="66" />
      <size width="60" height="60" />
    </place>
    <place id="cId166" name="left_fork" initialmarking="0" portdir="None">
      <location x="544" y="340" />
      <size width="60" height="60" />
    </place>
    <place id="cId59" name="wait_right_fork" initialmarking="0" portdir="None">
      <location x="638" y="178" />
      <size width="130" height="30" />
    </place>
    <place id="cId60" name="wait_left_fork" initialmarking="0" portdir="None">
      <location x="192" y="169" />
      <size width="130" height="30" />
    </place>
    <transition id="cId58" name="take_right_fork" portdir="None">
      <location x="190" y="255" />
      <size width="120" height="20" />
    </transition>
    <transition id="cId61" name="take_left_fork2" portdir="None">
      <location x="277" y="97" />
      <size width="120" height="20" />
    </transition>
    <transition id="cId57" name="take_left_fork" portdir="None">
      <location x="632" y="259" />
      <size width="120" height="20" />
    </transition>
    <transition id="cId62" name="take_right_fork2" portdir="None">
      <location x="547" y="101" />
      <size width="120" height="20" />
    </transition>
    <transition id="T0" name="TakeRightFork" portdir="In">
      <location x="289" y="425" />
      <size width="100" height="20" />
    </transition>
    <transition id="T1" name="TakeLeftFork" portdir="In">
      <location x="529" y="426" />
      <size width="100" height="20" />
    </transition>
    <transition id="T2" name="release_fork" portdir="Out">
      <location x="411" y="425" />
      <size width="100" height="20" />
    </transition>
    <arc id="cId66" source="cId56" target="cId58" delay="0" weight="1">
      <points>
        <point x="389" y="85" />
        <point x="250" y="245" />
      </points>
    </arc>
    <arc id="cId72" source="cId61" target="cId63" delay="0" weight="1">
      <points>
        <point x="337" y="107" />
        <point x="439" y="269" />
      </points>
    </arc>
    <arc id="cId79" source="cId166" target="cId57" delay="0" weight="1">
      <points>
        <point x="566" y="320" />
        <point x="572" y="269" />
      </points>
    </arc>
    <arc id="cId65" source="cId56" target="cId57" delay="0" weight="1">
      <points>
        <point x="433" y="85" />
        <point x="572" y="249" />
      </points>
    </arc>
    <arc id="cId71" source="cId62" target="cId63" delay="0" weight="1">
      <points>
        <point x="487" y="111" />
        <point x="459" y="265" />
      </points>
    </arc>
    <arc id="cId80" source="cId165" target="cId58" delay="0" weight="1">
      <points>
        <point x="265" y="317" />
        <point x="250" y="265" />
      </points>
    </arc>
    <arc id="cId81" source="cId166" target="cId61" delay="0" weight="1">
      <points>
        <point x="522" y="320" />
        <point x="337" y="107" />
      </points>
    </arc>
    <arc id="cId82" source="cId165" target="cId62" delay="0" weight="1">
      <points>
        <point x="310" y="316" />
        <point x="487" y="111" />
      </points>
    </arc>
    <arc id="id1" source="T0" target="cId165" delay="0" weight="1">
      <points>
        <point x="288" y="415" />
        <point x="288" y="366" />
      </points>
    </arc>
    <arc id="id2" source="T1" target="cId166" delay="0" weight="1">
      <points>
        <point x="544" y="416" />
        <point x="544" y="370" />
      </points>
    </arc>
    <arc id="cId69" source="cId59" target="cId62" delay="0" weight="1">
      <points>
        <point x="589" y="169" />
        <point x="589" y="111" />
      </points>
    </arc>
    <arc id="cId67" source="cId57" target="cId59" delay="0" weight="1">
      <points>
        <point x="638" y="249" />
        <point x="638" y="193" />
      </points>
    </arc>
    <arc id="cId70" source="cId60" target="cId61" delay="0" weight="1">
      <points>
        <point x="241" y="160" />
        <point x="241" y="107" />
      </points>
    </arc>
    <arc id="cId68" source="cId58" target="cId60" delay="0" weight="1">
      <points>
        <point x="192" y="245" />
        <point x="192" y="184" />
      </points>
    </arc>
    <arc id="id5" source="T2" target="cId56" delay="0" weight="1">
      <points>
        <point x="411" y="415" />
        <point x="411" y="96" />
      </points>
    </arc>
    <arc id="id4" source="cId63" target="T2" delay="0" weight="1">
      <points>
        <point x="445" y="322" />
        <point x="445" y="415" />
      </points>
    </arc>
  </page>
  <page id="page0" name="page0">
    <place id="p0" name="p0" initialmarking="1" portdir="None">
      <location x="312" y="288" />
      <size width="60" height="60" />
    </place>
    <place id="p1" name="p1" initialmarking="1" portdir="None">
      <location x="467" y="506" />
      <size width="60" height="60" />
    </place>
    <place id="p2" name="p2" initialmarking="1" portdir="None">
      <location x="581" y="312" />
      <size width="60" height="60" />
    </place>
    <subpage id="subpage0" original="i537" name="Philo0">
      <location x="81" y="385" />
      <size width="100" height="100" />
      <port id="subpage0.port0" name="TakeRightFork" originalid="T0" type="transition">
        <location x="187" y="459" />
        <size width="100" height="30" />
      </port>
      <port id="subpage0.port1" name="TakeLeftFork" originalid="T1" type="transition">
        <location x="180" y="297" />
        <size width="100" height="30" />
      </port>
      <port id="subpage0.port2" name="ReleaseFork" originalid="T2" type="transition">
        <location x="182" y="372" />
        <size width="100" height="30" />
      </port>
    </subpage>
    <subpage id="subpage1" original="i537" name="Philo1">
      <location x="450" y="75" />
      <size width="100" height="100" />
      <port id="subpage1.port0" name="TakeRightFork" originalid="T0" type="transition">
        <location x="339" y="196" />
        <size width="100" height="30" />
      </port>
      <port id="subpage1.port1" name="TakeLeftFork" originalid="T1" type="transition">
        <location x="583" y="202" />
        <size width="100" height="30" />
      </port>
      <port id="subpage1.port2" name="ReleaseFork" originalid="T2" type="transition">
        <location x="447" y="203" />
        <size width="100" height="30" />
      </port>
    </subpage>
    <subpage id="subpage2" original="i537" name="Philo2">
      <location x="932" y="366" />
      <size width="100" height="100" />
      <port id="subpage2.port0" name="TakeRightFork" originalid="T0" type="transition">
        <location x="772" y="287" />
        <size width="100" height="30" />
      </port>
      <port id="subpage2.port1" name="TakeLeftFork" originalid="T1" type="transition">
        <location x="773" y="438" />
        <size width="100" height="30" />
      </port>
      <port id="subpage2.port2" name="ReleaseFork" originalid="T2" type="transition">
        <location x="774" y="373" />
        <size width="100" height="30" />
      </port>
    </subpage>
    <arc id="id0" source="p0" target="subpage1.port0" delay="0" weight="1">
      <points>
        <point x="320" y="260" />
        <point x="320" y="211" />
      </points>
    </arc>
    <arc id="id1" source="p0" target="subpage0.port1" delay="0" weight="1">
      <points>
        <point x="283" y="290" />
        <point x="230" y="290" />
      </points>
    </arc>
    <arc id="id2" source="p1" target="subpage0.port0" delay="0" weight="1">
      <points>
        <point x="438" y="502" />
        <point x="237" y="474" />
      </points>
    </arc>
    <arc id="id3" source="p1" target="subpage2.port1" delay="0" weight="1">
      <points>
        <point x="496" y="500" />
        <point x="723" y="453" />
      </points>
    </arc>
    <arc id="id4" source="p2" target="subpage2.port0" delay="0" weight="1">
      <points>
        <point x="610" y="309" />
        <point x="722" y="302" />
      </points>
    </arc>
    <arc id="id5" source="p2" target="subpage1.port1" delay="0" weight="1">
      <points>
        <point x="581" y="283" />
        <point x="581" y="217" />
      </points>
    </arc>
    <arc id="id6" source="subpage2.port2" target="p2" delay="0" weight="1">
      <points>
        <point x="724" y="358" />
        <point x="609" y="321" />
      </points>
    </arc>
    <arc id="id7" source="subpage2.port2" target="p1" delay="0" weight="1">
      <points>
        <point x="724" y="388" />
        <point x="494" y="494" />
      </points>
    </arc>
    <arc id="id8" source="subpage0.port2" target="p1" delay="0" weight="1">
      <points>
        <point x="232" y="387" />
        <point x="441" y="493" />
      </points>
    </arc>
    <arc id="id9" source="subpage0.port2" target="p0" delay="0" weight="1">
      <points>
        <point x="232" y="357" />
        <point x="290" y="307" />
      </points>
    </arc>
    <arc id="id10" source="subpage1.port2" target="p0" delay="0" weight="1">
      <points>
        <point x="397" y="218" />
        <point x="335" y="269" />
      </points>
    </arc>
    <arc id="id11" source="subpage1.port2" target="p2" delay="0" weight="1">
      <points>
        <point x="497" y="218" />
        <point x="562" y="290" />
      </points>
    </arc>
  </page>
  <page id="page1" name="page1">
    <place id="p0" name="p0" initialmarking="1" portdir="None">
      <location x="463" y="304" />
      <size width="60" height="60" />
    </place>
    <place id="p1" name="p1" initialmarking="1" portdir="None">
      <location x="425" y="409" />
      <size width="60" height="60" />
    </place>
    <place id="p2" name="p2" initialmarking="1" portdir="None">
      <location x="542" y="490" />
      <size width="60" height="60" />
    </place>
    <place id="p4" name="p4" initialmarking="1" portdir="None">
      <location x="600" y="301" />
      <size width="60" height="60" />
    </place>
    <place id="p3" name="p3" initialmarking="1" portdir="None">
      <location x="639" y="414" />
      <size width="60" height="60" />
    </place>
    <subpage id="subpage0" original="i537" name="Philo1">
      <location x="533" y="46" />
      <size width="70" height="70" />
      <port id="subpage0.port0" name="TakeRightFork" originalid="T0" type="transition">
        <location x="445" y="218" />
        <size width="50" height="30" />
      </port>
      <port id="subpage0.port1" name="TakeLeftFork" originalid="T1" type="transition">
        <location x="614" y="214" />
        <size width="50" height="30" />
      </port>
      <port id="subpage0.port2" name="ReleaseFork" originalid="T2" type="transition">
        <location x="528" y="180" />
        <size width="50" height="30" />
      </port>
    </subpage>
    <subpage id="subpage1" original="i537" name="Philo0">
      <location x="141" y="190" />
      <size width="70" height="70" />
      <port id="subpage1.port0" name="TakeRightFork" originalid="T0" type="transition">
        <location x="333" y="365" />
        <size width="50" height="30" />
      </port>
      <port id="subpage1.port1" name="TakeLeftFork" originalid="T1" type="transition">
        <location x="377" y="253" />
        <size width="50" height="30" />
      </port>
      <port id="subpage1.port2" name="ReleaseFork" originalid="T2" type="transition">
        <location x="309" y="274" />
        <size width="50" height="30" />
      </port>
    </subpage>
    <subpage id="subpage2" original="i537" name="Philo2">
      <location x="935" y="173" />
      <size width="70" height="70" />
      <port id="subpage2.port0" name="TakeRightFork" originalid="T0" type="transition">
        <location x="702" y="251" />
        <size width="50" height="30" />
      </port>
      <port id="subpage2.port1" name="TakeLeftFork" originalid="T1" type="transition">
        <location x="747" y="388" />
        <size width="50" height="30" />
      </port>
      <port id="subpage2.port2" name="ReleaseFork" originalid="T2" type="transition">
        <location x="741" y="307" />
        <size width="50" height="30" />
      </port>
    </subpage>
    <subpage id="subpage3" original="i537" name="Philo3">
      <location x="831" y="644" />
      <size width="70" height="70" />
      <port id="subpage3.port0" name="TakeRightFork" originalid="T0" type="transition">
        <location x="710" y="452" />
        <size width="50" height="30" />
      </port>
      <port id="subpage3.port1" name="TakeLeftFork" originalid="T1" type="transition">
        <location x="618" y="553" />
        <size width="50" height="30" />
      </port>
      <port id="subpage3.port2" name="ReleaseFork" originalid="T2" type="transition">
        <location x="666" y="513" />
        <size width="50" height="30" />
      </port>
    </subpage>
    <subpage id="subpage4" original="i537" name="Philo4">
      <location x="266" y="648" />
      <size width="70" height="70" />
      <port id="subpage4.port0" name="TakeRightFork" originalid="T0" type="transition">
        <location x="464" y="549" />
        <size width="50" height="30" />
      </port>
      <port id="subpage4.port1" name="TakeLeftFork" originalid="T1" type="transition">
        <location x="365" y="465" />
        <size width="50" height="30" />
      </port>
      <port id="subpage4.port2" name="ReleaseFork" originalid="T2" type="transition">
        <location x="388" y="526" />
        <size width="50" height="30" />
      </port>
    </subpage>
    <arc id="id0" source="p0" target="subpage0.port0" delay="0" weight="1">
      <points>
        <point x="457" y="275" />
        <point x="457" y="233" />
      </points>
    </arc>
    <arc id="id1" source="p0" target="subpage1.port1" delay="0" weight="1">
      <points>
        <point x="438" y="289" />
        <point x="402" y="268" />
      </points>
    </arc>
    <arc id="id2" source="p1" target="subpage1.port0" delay="0" weight="1">
      <points>
        <point x="398" y="397" />
        <point x="358" y="380" />
      </points>
    </arc>
    <arc id="id3" source="p1" target="subpage4.port1" delay="0" weight="1">
      <points>
        <point x="404" y="429" />
        <point x="390" y="450" />
      </points>
    </arc>
    <arc id="id4" source="p2" target="subpage4.port0" delay="0" weight="1">
      <points>
        <point x="519" y="508" />
        <point x="489" y="534" />
      </points>
    </arc>
    <arc id="id5" source="p2" target="subpage3.port1" delay="0" weight="1">
      <points>
        <point x="565" y="509" />
        <point x="593" y="538" />
      </points>
    </arc>
    <arc id="id6" source="p3" target="subpage3.port0" delay="0" weight="1">
      <points>
        <point x="665" y="428" />
        <point x="685" y="437" />
      </points>
    </arc>
    <arc id="id7" source="p3" target="subpage2.port1" delay="0" weight="1">
      <points>
        <point x="668" y="407" />
        <point x="722" y="403" />
      </points>
    </arc>
    <arc id="id8" source="p4" target="subpage0.port1" delay="0" weight="1">
      <points>
        <point x="604" y="272" />
        <point x="604" y="229" />
      </points>
    </arc>
    <arc id="id9" source="p4" target="subpage2.port0" delay="0" weight="1">
      <points>
        <point x="626" y="288" />
        <point x="677" y="266" />
      </points>
    </arc>
    <arc id="id10" source="subpage4.port2" target="p1" delay="0" weight="1">
      <points>
        <point x="413" y="511" />
        <point x="422" y="438" />
      </points>
    </arc>
    <arc id="id11" source="subpage4.port2" target="p2" delay="0" weight="1">
      <points>
        <point x="413" y="511" />
        <point x="513" y="494" />
      </points>
    </arc>
    <arc id="id12" source="subpage1.port2" target="p1" delay="0" weight="1">
      <points>
        <point x="334" y="289" />
        <point x="407" y="386" />
      </points>
    </arc>
    <arc id="id13" source="subpage1.port2" target="p0" delay="0" weight="1">
      <points>
        <point x="334" y="289" />
        <point x="434" y="301" />
      </points>
    </arc>
    <arc id="id14" source="subpage0.port2" target="p0" delay="0" weight="1">
      <points>
        <point x="503" y="195" />
        <point x="473" y="276" />
      </points>
    </arc>
    <arc id="id15" source="subpage0.port2" target="p4" delay="0" weight="1">
      <points>
        <point x="553" y="195" />
        <point x="588" y="274" />
      </points>
    </arc>
    <arc id="id16" source="subpage2.port2" target="p4" delay="0" weight="1">
      <points>
        <point x="716" y="301" />
        <point x="630" y="301" />
      </points>
    </arc>
    <arc id="id17" source="subpage2.port2" target="p3" delay="0" weight="1">
      <points>
        <point x="716" y="322" />
        <point x="658" y="391" />
      </points>
    </arc>
    <arc id="id18" source="subpage3.port2" target="p3" delay="0" weight="1">
      <points>
        <point x="641" y="498" />
        <point x="639" y="443" />
      </points>
    </arc>
    <arc id="id19" source="subpage3.port2" target="p2" delay="0" weight="1">
      <points>
        <point x="641" y="498" />
        <point x="571" y="492" />
      </points>
    </arc>
  </page>
  <page id="page2" name="page2">
    <place id="id0" name="eating" initialmarking="0" portdir="None">
      <location x="260" y="90" />
      <size width="60" height="60" />
    </place>
    <transition id="id1" name="take_left_fork" portdir="None">
      <location x="103" y="205" />
      <size width="100" height="20" />
    </transition>
    <transition id="id2" name="take_right_fork" portdir="None">
      <location x="422" y="208" />
      <size width="100" height="20" />
    </transition>
  </page>
</petrinet>