﻿<?xml version="1.0" encoding="utf-8"?>
<petrinet name="Untitled">
  <page id="page0" name="page0">
    <place id="id4" name="p4" initialmarking="1" portdir="None" capacity="2">
      <location x="292" y="227" />
      <size width="50" height="30" />
    </place>
    <place id="id5" name="p5" initialmarking="0" portdir="None" capacity="1">
      <location x="489" y="225" />
      <size width="50" height="30" />
    </place>
    <transition id="id0" name="t0" portdir="None">
      <location x="201" y="159" />
      <size width="50" height="20" />
    </transition>
    <transition id="id1" name="t1" portdir="None">
      <location x="197" y="299" />
      <size width="50" height="20" />
    </transition>
    <transition id="id2" name="t2" portdir="None">
      <location x="402" y="225" />
      <size width="50" height="20" />
    </transition>
    <transition id="id3" name="t3" portdir="None">
      <location x="592" y="224" />
      <size width="50" height="20" />
    </transition>
    <arc id="id6" source="id1" target="id4" delay="0" weight="1">
      <points>
        <point x="222" y="289" />
        <point x="274" y="236" />
      </points>
    </arc>
    <arc id="id7" source="id4" target="id0" delay="0" weight="2">
      <points>
        <point x="272" y="219" />
        <point x="226" y="169" />
      </points>
    </arc>
    <arc id="id8" source="id4" target="id2" delay="0" weight="2">
      <points>
        <point x="316" y="227" />
        <point x="377" y="227" />
      </points>
    </arc>
    <arc id="id9" source="id2" target="id5" delay="0" weight="1">
      <points>
        <point x="427" y="225" />
        <point x="464" y="225" />
      </points>
    </arc>
    <arc id="id10" source="id5" target="id3" delay="0" weight="1">
      <points>
        <point x="513" y="225" />
        <point x="567" y="225" />
      </points>
    </arc>
  </page>
</petrinet>