﻿<?xml version="1.0" encoding="utf-8"?>
<petrinet name="Untitled">
  <page id="page0" name="a">
    <place id="id0" name="H2" initialmarking="2" portdir="None" capacity="0">
      <location x="98" y="95" />
      <size width="50" height="30" />
    </place>
    <place id="id1" name="O2" initialmarking="2" portdir="None" capacity="0">
      <location x="104" y="192" />
      <size width="50" height="30" />
    </place>
    <place id="id2" name="H2O" initialmarking="0" portdir="None" capacity="0">
      <location x="371" y="140" />
      <size width="50" height="30" />
    </place>
    <transition id="id3" name="t3" portdir="None">
      <location x="219" y="139" />
      <size width="50" height="20" />
    </transition>
    <arc id="id4" source="id0" target="id3" delay="0" weight="2">
      <points>
        <point x="121" y="100" />
        <point x="194" y="129" />
      </points>
    </arc>
    <arc id="id5" source="id1" target="id3" delay="0" weight="1">
      <points>
        <point x="126" y="186" />
        <point x="194" y="149" />
      </points>
    </arc>
    <arc id="id6" source="id3" target="id2" delay="0" weight="2">
      <points>
        <point x="244" y="140" />
        <point x="346" y="140" />
      </points>
    </arc>
  </page>
  <page id="page1" name="b">
    <place id="id0" name="H2" initialmarking="0" portdir="None" capacity="0">
      <location x="108" y="105" />
      <size width="50" height="30" />
    </place>
    <place id="id1" name="O2" initialmarking="1" portdir="None" capacity="0">
      <location x="114" y="202" />
      <size width="50" height="30" />
    </place>
    <place id="id2" name="H2O" initialmarking="2" portdir="None" capacity="0">
      <location x="380" y="150" />
      <size width="50" height="30" />
    </place>
    <transition id="id3" name="t3" portdir="None">
      <location x="229" y="149" />
      <size width="50" height="20" />
    </transition>
    <arc id="id4" source="id0" target="id3" delay="0" weight="2">
      <points>
        <point x="131" y="110" />
        <point x="204" y="139" />
      </points>
    </arc>
    <arc id="id5" source="id1" target="id3" delay="0" weight="1">
      <points>
        <point x="136" y="196" />
        <point x="204" y="159" />
      </points>
    </arc>
    <arc id="id6" source="id3" target="id2" delay="0" weight="2">
      <points>
        <point x="254" y="150" />
        <point x="355" y="150" />
      </points>
    </arc>
  </page>
</petrinet>